timestamp,sensor_1,sensor_2,sensor_3,sensor_4,sensor_5
2023-01-01 00:00:00,94,102,92,89,84
2023-01-01 00:15:00,84,77,105,66,115
2023-01-01 00:30:00,75,155,112,110,100
2023-01-01 00:45:00,151,106,55,127,101
2023-01-01 01:00:00,91,100,113,141,116
2023-01-01 01:15:00,53,129,131,85,95
2023-01-01 01:30:00,80,104,132,99,97
2023-01-01 01:45:00,133,88,96,99,91
2023-01-01 02:00:00,102,94,72,87,89
2023-01-01 02:15:00,104,99,90,144,74
2023-01-01 02:30:00,91,83,108,109,70
2023-01-01 02:45:00,112,56,110,125,103
2023-01-01 03:00:00,104,93,133,102,130
2023-01-01 03:15:00,108,89,65,103,94
2023-01-01 03:30:00,118,130,106,139,102
2023-01-01 03:45:00,91,111,97,96,82
2023-01-01 04:00:00,105,70,98,137,116
2023-01-01 04:15:00,98,112,117,140,108
2023-01-01 04:30:00,69,116,79,102,106
2023-01-01 04:45:00,92,100,100,87,107
2023-01-01 05:00:00,96,95,111,111,91
2023-01-01 05:15:00,113,102,102,81,119
2023-01-01 05:30:00,104,104,81,71,109
2023-01-01 05:45:00,75,92,67,120,97
2023-01-01 06:00:00,105,82,76,90,131
2023-01-01 06:15:00,129,69,96,85,115
2023-01-01 06:30:00,86,107,79,62,120
2023-01-01 06:45:00,71,121,105,117,103
2023-01-01 07:00:00,80,139,91,115,88
2023-01-01 07:15:00,112,115,92,107,112
2023-01-01 07:30:00,127,98,109,81,106
2023-01-01 07:45:00,125,85,103,89,142
2023-01-01 08:00:00,111,123,69,103,99
2023-01-01 08:15:00,126,96,84,111,103
2023-01-01 08:30:00,128,106,71,102,78
2023-01-01 08:45:00,82,135,98,74,99
2023-01-01 09:00:00,77,115,117,120,97
2023-01-01 09:15:00,112,79,132,85,125
2023-01-01 09:30:00,89,57,102,139,88
2023-01-01 09:45:00,126,90,97,96,92
2023-01-01 10:00:00,101,98,110,75,108
2023-01-01 10:15:00,105,94,140,79,88
2023-01-01 10:30:00,90,129,146,95,95
2023-01-01 10:45:00,50,120,113,71,102
2023-01-01 11:00:00,124,123,102,99,93
2023-01-01 11:15:00,126,130,103,114,106
2023-01-01 11:30:00,117,93,94,110,120
2023-01-01 11:45:00,99,91,82,106,66
2023-01-01 12:00:00,126,130,89,105,147
2023-01-01 12:15:00,125,135,94,84,94
2023-01-01 12:30:00,80,113,91,119,104
2023-01-01 12:45:00,117,91,97,79,90
2023-01-01 13:00:00,97,117,100,121,75
2023-01-01 13:15:00,119,80,95,91,66
2023-01-01 13:30:00,99,71,86,85,108
2023-01-01 13:45:00,95,131,116,88,110
2023-01-01 14:00:00,69,109,129,142,85
2023-01-01 14:15:00,95,126,69,118,133
2023-01-01 14:30:00,93,94,56,97,76
2023-01-01 14:45:00,128,127,133,79,97
2023-01-01 15:00:00,83,100,103,114,76
2023-01-01 15:15:00,73,91,104,99,71
2023-01-01 15:30:00,103,101,111,89,96
2023-01-01 15:45:00,91,130,84,157,129
2023-01-01 16:00:00,97,101,81,141,127
2023-01-01 16:15:00,91,91,61,126,67
2023-01-01 16:30:00,119,127,102,110,80
2023-01-01 16:45:00,81,127,114,97,98
2023-01-01 17:00:00,113,91,131,82,99
2023-01-01 17:15:00,75,81,69,95,105
2023-01-01 17:30:00,72,94,95,109,61
2023-01-01 17:45:00,74,113,100,60,129
2023-01-01 18:00:00,58,112,96,100,101
2023-01-01 18:15:00,115,99,81,93,136
2023-01-01 18:30:00,94,87,136,101,99
2023-01-01 18:45:00,130,131,108,107,99
2023-01-01 19:00:00,92,138,92,98,116
2023-01-01 19:15:00,101,71,104,90,109
2023-01-01 19:30:00,95,67,124,101,93
2023-01-01 19:45:00,102,89,116,107,146
2023-01-01 20:00:00,71,75,115,48,111
2023-01-01 20:15:00,119,83,109,72,151
2023-01-01 20:30:00,119,75,115,72,94
2023-01-01 20:45:00,100,103,68,86,123
2023-01-01 21:00:00,118,108,103,102,111
2023-01-01 21:15:00,71,82,101,104,75
2023-01-01 21:30:00,97,64,166,77,107
2023-01-01 21:45:00,74,74,133,134,96
2023-01-01 22:00:00,74,98,148,127,112
2023-01-01 22:15:00,83,104,97,116,92
2023-01-01 22:30:00,113,85,105,86,133
2023-01-01 22:45:00,92,143,109,101,133
2023-01-01 23:00:00,113,114,81,67,126
2023-01-01 23:15:00,107,59,139,74,63
2023-01-01 23:30:00,134,98,96,68,128
2023-01-01 23:45:00,87,107,117,96,98
2023-01-02 00:00:00,132,117,126,118,111
2023-01-02 00:15:00,81,120,129,103,64
2023-01-02 00:30:00,116,128,102,102,140
2023-01-02 00:45:00,79,81,124,87,75
2023-01-02 01:00:00,118,133,106,110,70
2023-01-02 01:15:00,125,101,111,93,115
2023-01-02 01:30:00,108,100,98,81,105
2023-01-02 01:45:00,86,101,59,75,88
2023-01-02 02:00:00,90,84,79,154,107
2023-01-02 02:15:00,98,84,84,138,87
2023-01-02 02:30:00,81,102,122,99,109
2023-01-02 02:45:00,45,111,92,71,123
2023-01-02 03:00:00,75,88,102,121,98
2023-01-02 03:15:00,111,93,132,104,93
2023-01-02 03:30:00,87,111,66,65,134
2023-01-02 03:45:00,99,115,96,91,84
2023-01-02 04:00:00,117,145,91,98,112
2023-01-02 04:15:00,89,116,117,89,69
2023-01-02 04:30:00,111,103,76,81,135
2023-01-02 04:45:00,105,111,125,90,101
2023-01-02 05:00:00,97,82,85,71,100
2023-01-02 05:15:00,107,42,87,142,99
2023-01-02 05:30:00,117,100,86,94,89
2023-01-02 05:45:00,102,119,99,108,90
2023-01-02 06:00:00,97,137,104,129,99
2023-01-02 06:15:00,97,110,92,108,88
2023-01-02 06:30:00,114,87,97,76,99
2023-01-02 06:45:00,121,112,110,85,73
2023-01-02 07:00:00,109,85,114,132,139
2023-01-02 07:15:00,101,100,119,101,118
2023-01-02 07:30:00,98,94,101,93,121
2023-01-02 07:45:00,105,97,87,120,129
2023-01-02 08:00:00,114,88,119,94,85
2023-01-02 08:15:00,103,116,90,129,123
2023-01-02 08:30:00,98,109,80,81,89
2023-01-02 08:45:00,123,103,96,106,127
2023-01-02 09:00:00,107,88,73,111,79
2023-01-02 09:15:00,83,134,101,113,137
2023-01-02 09:30:00,80,105,106,100,105
2023-01-02 09:45:00,118,84,125,128,93
2023-01-02 10:00:00,108,106,107,115,119
2023-01-02 10:15:00,77,88,108,81,107
2023-01-02 10:30:00,74,93,55,90,85
2023-01-02 10:45:00,68,95,112,120,102
2023-01-02 11:00:00,106,119,90,117,115
2023-01-02 11:15:00,87,114,102,124,122
2023-01-02 11:30:00,64,98,126,97,136
2023-01-02 11:45:00,109,91,71,56,124
2023-01-02 12:00:00,95,70,123,123,104
2023-01-02 12:15:00,81,97,102,62,79
2023-01-02 12:30:00,88,144,111,116,146
2023-01-02 12:45:00,77,105,122,103,93
2023-01-02 13:00:00,80,180,84,134,123
2023-01-02 13:15:00,80,127,117,128,81
2023-01-02 13:30:00,129,92,93,99,67
2023-01-02 13:45:00,103,94,158,109,102
2023-01-02 14:00:00,105,98,79,89,104
2023-01-02 14:15:00,108,76,110,117,91
2023-01-02 14:30:00,87,85,123,108,144
2023-01-02 14:45:00,97,107,111,116,77
2023-01-02 15:00:00,88,96,79,143,113
2023-01-02 15:15:00,101,153,85,112,115
2023-01-02 15:30:00,105,152,101,129,71
2023-01-02 15:45:00,77,87,43,119,80
2023-01-02 16:00:00,99,99,141,103,105
2023-01-02 16:15:00,115,66,100,72,119
2023-01-02 16:30:00,86,131,68,86,89
2023-01-02 16:45:00,87,100,110,115,118
2023-01-02 17:00:00,137,90,102,102,107
2023-01-02 17:15:00,95,81,94,96,114
2023-01-02 17:30:00,119,94,127,107,125
2023-01-02 17:45:00,98,73,59,96,115
2023-01-02 18:00:00,88,108,106,94,148
2023-01-02 18:15:00,106,54,121,115,109
2023-01-02 18:30:00,115,116,74,117,81
2023-01-02 18:45:00,95,102,94,112,106
2023-01-02 19:00:00,73,108,82,86,113
2023-01-02 19:15:00,113,116,99,101,119
2023-01-02 19:30:00,108,86,75,50,84
2023-01-02 19:45:00,71,161,115,106,112
2023-01-02 20:00:00,102,161,115,80,94
2023-01-02 20:15:00,103,106,87,98,82
2023-01-02 20:30:00,121,100,96,64,85
2023-01-02 20:45:00,103,63,75,100,115
2023-01-02 21:00:00,115,107,70,102,109
2023-01-02 21:15:00,72,117,116,97,121
2023-01-02 21:30:00,97,115,115,96,103
2023-01-02 21:45:00,95,105,78,115,138
2023-01-02 22:00:00,93,79,82,125,102
2023-01-02 22:15:00,127,69,73,84,49
2023-01-02 22:30:00,116,121,107,83,118
2023-01-02 22:45:00,120,82,98,108,106
2023-01-02 23:00:00,85,53,78,123,124
2023-01-02 23:15:00,112,101,66,102,99
2023-01-02 23:30:00,81,113,102,113,107
2023-01-02 23:45:00,78,61,119,117,115
2023-01-03 00:00:00,94,103,130,101,111
2023-01-03 00:15:00,107,88,99,88,88
2023-01-03 00:30:00,98,59,99,34,109
2023-01-03 00:45:00,106,98,87,125,80
2023-01-03 01:00:00,109,94,83,139,124
2023-01-03 01:15:00,137,92,114,135,92
2023-01-03 01:30:00,110,99,70,86,73
2023-01-03 01:45:00,116,104,126,95,69
2023-01-03 02:00:00,89,125,86,84,64
2023-01-03 02:15:00,130,64,111,84,99
2023-01-03 02:30:00,141,115,71,62,93
2023-01-03 02:45:00,119,115,113,93,143
2023-01-03 03:00:00,98,100,93,116,124
2023-01-03 03:15:00,102,91,95,116,82
2023-01-03 03:30:00,115,80,114,92,61
2023-01-03 03:45:00,113,87,111,79,106
2023-01-03 04:00:00,71,133,74,113,81
2023-01-03 04:15:00,100,120,86,72,95
2023-01-03 04:30:00,88,128,96,141,92
2023-01-03 04:45:00,73,110,121,111,113
2023-01-03 05:00:00,143,135,116,112,139
2023-01-03 05:15:00,93,117,78,95,60
2023-01-03 05:30:00,115,78,119,112,136
2023-01-03 05:45:00,68,131,87,90,105
2023-01-03 06:00:00,110,96,117,110,101
2023-01-03 06:15:00,87,135,68,77,108
2023-01-03 06:30:00,85,103,87,81,133
2023-01-03 06:45:00,74,107,144,88,118
2023-01-03 07:00:00,130,62,88,85,124
2023-01-03 07:15:00,107,103,89,97,60
2023-01-03 07:30:00,115,111,96,122,112
2023-01-03 07:45:00,124,67,91,115,97
2023-01-03 08:00:00,110,108,126,71,87
2023-01-03 08:15:00,67,141,104,119,103
2023-01-03 08:30:00,111,92,78,99,140
2023-01-03 08:45:00,150,114,112,104,111
2023-01-03 09:00:00,98,134,88,148,112
2023-01-03 09:15:00,83,125,110,141,83
2023-01-03 09:30:00,60,88,111,96,126
2023-01-03 09:45:00,85,107,78,111,86
2023-01-03 10:00:00,120,123,92,107,112
2023-01-03 10:15:00,124,102,106,139,128
2023-01-03 10:30:00,84,131,109,106,117
2023-01-03 10:45:00,124,98,72,101,109
2023-01-03 11:00:00,112,109,136,123,141
2023-01-03 11:15:00,98,103,87,103,129
2023-01-03 11:30:00,86,111,116,91,111
2023-01-03 11:45:00,113,143,100,86,170
2023-01-03 12:00:00,98,98,133,104,113
2023-01-03 12:15:00,78,106,86,91,83
2023-01-03 12:30:00,112,88,121,125,104
2023-01-03 12:45:00,110,70,97,76,114
2023-01-03 13:00:00,119,111,99,134,100
2023-01-03 13:15:00,88,68,86,79,128
2023-01-03 13:30:00,80,103,56,94,109
2023-01-03 13:45:00,101,97,78,114,105
2023-01-03 14:00:00,79,105,85,106,72
2023-01-03 14:15:00,109,95,94,105,86
2023-01-03 14:30:00,84,115,117,142,79
2023-01-03 14:45:00,72,106,106,115,82
2023-01-03 15:00:00,106,121,119,87,121
2023-01-03 15:15:00,112,73,103,136,60
2023-01-03 15:30:00,92,90,110,101,90
2023-01-03 15:45:00,113,95,102,97,99
2023-01-03 16:00:00,96,78,119,81,83
2023-01-03 16:15:00,117,83,120,100,179
2023-01-03 16:30:00,101,132,85,113,92
2023-01-03 16:45:00,63,61,114,103,98
2023-01-03 17:00:00,92,120,132,114,93
2023-01-03 17:15:00,96,121,143,89,82
2023-01-03 17:30:00,106,95,107,110,112
2023-01-03 17:45:00,106,100,114,109,92
2023-01-03 18:00:00,107,133,100,119,101
2023-01-03 18:15:00,102,72,120,134,75
2023-01-03 18:30:00,102,115,74,138,120
2023-01-03 18:45:00,120,80,119,79,111
2023-01-03 19:00:00,117,140,77,100,87
2023-01-03 19:15:00,88,97,93,98,110
2023-01-03 19:30:00,93,104,96,116,105
2023-01-03 19:45:00,96,94,70,112,119
2023-01-03 20:00:00,107,131,94,94,102
2023-01-03 20:15:00,82,90,124,100,118
2023-01-03 20:30:00,105,45,103,64,93
2023-01-03 20:45:00,94,111,115,90,86
2023-01-03 21:00:00,127,68,131,116,76
2023-01-03 21:15:00,112,91,100,86,131
2023-01-03 21:30:00,93,124,121,88,106
2023-01-03 21:45:00,79,137,76,99,101
2023-01-03 22:00:00,115,129,134,80,94
2023-01-03 22:15:00,79,116,119,76,106
2023-01-03 22:30:00,121,111,60,85,75
2023-01-03 22:45:00,109,83,104,91,104
2023-01-03 23:00:00,113,82,102,90,93
2023-01-03 23:15:00,90,112,96,112,92
2023-01-03 23:30:00,123,110,84,93,77
2023-01-03 23:45:00,110,96,79,115,85
2023-01-04 00:00:00,91,87,122,122,94
2023-01-04 00:15:00,88,128,93,117,77
2023-01-04 00:30:00,111,84,93,101,89
2023-01-04 00:45:00,86,87,82,126,88
2023-01-04 01:00:00,123,85,97,99,94
2023-01-04 01:15:00,108,59,89,70,103
2023-01-04 01:30:00,82,58,125,78,111
2023-01-04 01:45:00,68,97,99,97,120
2023-01-04 02:00:00,87,91,133,113,106
2023-01-04 02:15:00,90,146,128,111,104
2023-01-04 02:30:00,114,77,88,115,88
2023-01-04 02:45:00,144,131,121,125,133
2023-01-04 03:00:00,118,55,91,104,104
2023-01-04 03:15:00,85,72,126,118,76
2023-01-04 03:30:00,79,126,110,73,115
2023-01-04 03:45:00,97,83,89,122,75
2023-01-04 04:00:00,129,117,108,116,111
2023-01-04 04:15:00,111,140,117,116,108
2023-01-04 04:30:00,161,101,93,83,93
2023-01-04 04:45:00,75,79,73,99,95
2023-01-04 05:00:00,124,86,91,118,98
2023-01-04 05:15:00,118,113,73,109,99
2023-01-04 05:30:00,131,106,122,102,114
2023-01-04 05:45:00,133,130,120,102,127
2023-01-04 06:00:00,112,103,114,89,120
2023-01-04 06:15:00,97,85,90,67,87
2023-01-04 06:30:00,141,111,99,109,77
2023-01-04 06:45:00,95,139,98,111,83
2023-01-04 07:00:00,105,75,92,133,118
2023-01-04 07:15:00,105,103,110,74,119
2023-01-04 07:30:00,111,121,111,115,128
2023-01-04 07:45:00,119,105,65,120,130
2023-01-04 08:00:00,113,128,107,129,121
2023-01-04 08:15:00,103,97,116,91,103
2023-01-04 08:30:00,109,96,85,126,126
2023-01-04 08:45:00,109,109,73,92,107
2023-01-04 09:00:00,94,77,96,102,123
2023-01-04 09:15:00,125,132,98,113,146
2023-01-04 09:30:00,131,99,108,110,87
2023-01-04 09:45:00,96,118,130,119,76
2023-01-04 10:00:00,80,131,74,110,42
2023-01-04 10:15:00,112,97,96,102,108
2023-01-04 10:30:00,115,117,78,103,115
2023-01-04 10:45:00,84,88,66,73,100
2023-01-04 11:00:00,117,116,110,90,132
2023-01-04 11:15:00,83,109,130,139,73
2023-01-04 11:30:00,132,122,107,100,128
2023-01-04 11:45:00,98,71,85,149,82
2023-01-04 12:00:00,118,119,138,124,97
2023-01-04 12:15:00,60,101,103,144,73
2023-01-04 12:30:00,117,123,125,95,78
2023-01-04 12:45:00,81,134,68,76,132
2023-01-04 13:00:00,99,130,137,106,100
2023-01-04 13:15:00,94,103,133,52,119
2023-01-04 13:30:00,110,108,94,95,102
2023-01-04 13:45:00,76,113,85,124,116
2023-01-04 14:00:00,87,96,84,117,134
2023-01-04 14:15:00,139,129,86,84,97
2023-01-04 14:30:00,102,119,121,87,108
2023-01-04 14:45:00,76,141,96,121,93
2023-01-04 15:00:00,85,121,106,114,106
2023-01-04 15:15:00,122,113,101,111,117
2023-01-04 15:30:00,70,130,106,95,120
2023-01-04 15:45:00,74,89,94,94,94
2023-01-04 16:00:00,108,91,112,116,118
2023-01-04 16:15:00,107,114,130,69,160
2023-01-04 16:30:00,69,104,121,82,111
2023-01-04 16:45:00,89,91,64,134,118
2023-01-04 17:00:00,92,89,110,120,122
2023-01-04 17:15:00,68,110,159,94,109
2023-01-04 17:30:00,88,89,100,122,132
2023-01-04 17:45:00,85,80,144,111,107
2023-01-04 18:00:00,97,115,93,103,112
2023-01-04 18:15:00,133,99,127,93,100
2023-01-04 18:30:00,125,95,108,102,110
2023-01-04 18:45:00,92,118,70,129,75
2023-01-04 19:00:00,114,82,122,118,115
2023-01-04 19:15:00,99,105,85,111,120
2023-01-04 19:30:00,143,110,148,101,89
2023-01-04 19:45:00,111,101,131,115,65
2023-01-04 20:00:00,84,122,124,106,97
2023-01-04 20:15:00,120,94,115,92,118
2023-01-04 20:30:00,65,82,124,94,111
2023-01-04 20:45:00,58,103,113,118,113
2023-01-04 21:00:00,123,121,73,125,147
2023-01-04 21:15:00,78,101,79,77,100
2023-01-04 21:30:00,83,66,113,91,84
2023-01-04 21:45:00,129,106,99,73,109
2023-01-04 22:00:00,86,124,122,69,91
2023-01-04 22:15:00,77,110,80,122,114
2023-01-04 22:30:00,93,95,117,134,112
2023-01-04 22:45:00,126,84,85,70,85
2023-01-04 23:00:00,106,77,114,80,86
2023-01-04 23:15:00,104,112,97,90,100
2023-01-04 23:30:00,107,54,68,128,91
2023-01-04 23:45:00,98,121,84,105,125
2023-01-05 00:00:00,106,126,142,84,115
2023-01-05 00:15:00,128,107,95,123,97
2023-01-05 00:30:00,104,119,145,127,88
2023-01-05 00:45:00,112,96,118,101,112
2023-01-05 01:00:00,113,134,121,87,138
2023-01-05 01:15:00,135,113,120,100,129
2023-01-05 01:30:00,123,143,76,97,111
2023-01-05 01:45:00,79,62,77,87,98
2023-01-05 02:00:00,96,115,100,113,89
2023-01-05 02:15:00,145,121,135,119,81
2023-01-05 02:30:00,117,103,96,114,105
2023-01-05 02:45:00,138,96,101,91,105
2023-01-05 03:00:00,67,90,161,92,97
2023-01-05 03:15:00,105,121,109,88,96
2023-01-05 03:30:00,104,131,96,108,108
2023-01-05 03:45:00,110,104,98,102,110
2023-01-05 04:00:00,146,88,144,132,79
2023-01-05 04:15:00,94,81,98,117,124
2023-01-05 04:30:00,127,127,83,122,111
2023-01-05 04:45:00,98,99,96,126,88
2023-01-05 05:00:00,121,149,97,93,77
2023-01-05 05:15:00,106,93,102,127,99
2023-01-05 05:30:00,102,105,127,100,104
2023-01-05 05:45:00,92,125,71,100,82
2023-01-05 06:00:00,117,97,144,110,121
2023-01-05 06:15:00,99,102,123,107,125
2023-01-05 06:30:00,126,81,96,99,116
2023-01-05 06:45:00,108,113,100,139,131
2023-01-05 07:00:00,110,132,96,121,96
2023-01-05 07:15:00,91,91,88,75,124
2023-01-05 07:30:00,123,97,97,112,90
2023-01-05 07:45:00,60,107,114,92,116
2023-01-05 08:00:00,98,137,148,101,87
2023-01-05 08:15:00,140,112,130,129,106
2023-01-05 08:30:00,82,76,103,115,43
2023-01-05 08:45:00,92,101,76,107,84
2023-01-05 09:00:00,92,108,102,74,95
2023-01-05 09:15:00,104,120,96,108,103
2023-01-05 09:30:00,89,113,104,94,45
2023-01-05 09:45:00,80,85,54,94,136
2023-01-05 10:00:00,82,116,120,114,136
2023-01-05 10:15:00,103,124,50,93,121
2023-01-05 10:30:00,78,128,132,92,103
2023-01-05 10:45:00,114,93,89,123,132
2023-01-05 11:00:00,68,119,121,91,77
2023-01-05 11:15:00,117,109,111,124,103
2023-01-05 11:30:00,55,102,74,100,118
2023-01-05 11:45:00,81,128,102,105,113
2023-01-05 12:00:00,119,116,110,36,88
2023-01-05 12:15:00,80,110,110,136,102
2023-01-05 12:30:00,117,62,151,114,138
2023-01-05 12:45:00,96,86,105,71,106
2023-01-05 13:00:00,99,121,98,81,111
2023-01-05 13:15:00,102,102,124,90,50
2023-01-05 13:30:00,102,78,140,95,134
2023-01-05 13:45:00,93,83,100,78,90
2023-01-05 14:00:00,150,104,116,114,95
2023-01-05 14:15:00,91,92,88,101,65
2023-01-05 14:30:00,113,88,92,128,136
2023-01-05 14:45:00,57,108,102,90,109
2023-01-05 15:00:00,102,104,109,95,102
2023-01-05 15:15:00,92,121,119,77,109
2023-01-05 15:30:00,93,79,146,84,104
2023-01-05 15:45:00,109,76,126,83,141
2023-01-05 16:00:00,92,98,79,111,109
2023-01-05 16:15:00,107,116,121,120,66
2023-01-05 16:30:00,105,137,123,106,159
2023-01-05 16:45:00,100,115,77,102,82
2023-01-05 17:00:00,135,101,105,96,85
2023-01-05 17:15:00,127,94,91,121,88
2023-01-05 17:30:00,96,88,63,112,75
2023-01-05 17:45:00,109,109,83,102,56
2023-01-05 18:00:00,82,141,108,107,91
2023-01-05 18:15:00,98,122,78,125,108
2023-01-05 18:30:00,104,77,132,96,91
2023-01-05 18:45:00,136,91,112,113,82
2023-01-05 19:00:00,107,100,101,127,83
2023-01-05 19:15:00,81,133,77,101,98
2023-01-05 19:30:00,122,117,122,104,115
2023-01-05 19:45:00,82,159,105,124,73
2023-01-05 20:00:00,100,86,82,106,113
2023-01-05 20:15:00,105,86,121,105,102
2023-01-05 20:30:00,87,111,102,98,103
2023-01-05 20:45:00,82,78,103,126,100
2023-01-05 21:00:00,95,119,99,100,76
2023-01-05 21:15:00,103,117,65,73,96
2023-01-05 21:30:00,131,123,82,101,94
2023-01-05 21:45:00,115,84,84,123,72
2023-01-05 22:00:00,104,107,75,108,117
2023-01-05 22:15:00,65,107,137,127,117
2023-01-05 22:30:00,82,117,105,106,126
2023-01-05 22:45:00,127,99,125,71,105
2023-01-05 23:00:00,71,99,135,100,77
2023-01-05 23:15:00,128,115,50,76,94
2023-01-05 23:30:00,104,114,93,101,114
2023-01-05 23:45:00,106,70,84,106,130
2023-01-06 00:00:00,112,69,78,120,97
2023-01-06 00:15:00,143,86,89,101,104
2023-01-06 00:30:00,79,110,122,66,158
2023-01-06 00:45:00,134,127,109,111,111
2023-01-06 01:00:00,122,65,108,120,122
2023-01-06 01:15:00,122,66,107,110,130
2023-01-06 01:30:00,96,137,115,143,95
2023-01-06 01:45:00,126,106,100,125,93
2023-01-06 02:00:00,70,107,153,98,123
2023-01-06 02:15:00,88,83,111,128,103
2023-01-06 02:30:00,99,88,126,84,83
2023-01-06 02:45:00,102,87,97,133,92
2023-01-06 03:00:00,111,102,72,141,119
2023-01-06 03:15:00,125,102,94,111,73
2023-01-06 03:30:00,72,70,98,109,98
2023-01-06 03:45:00,62,123,101,105,124
2023-01-06 04:00:00,127,135,97,124,97
2023-01-06 04:15:00,70,86,100,111,87
2023-01-06 04:30:00,87,98,139,97,94
2023-01-06 04:45:00,132,88,85,127,127
2023-01-06 05:00:00,90,153,90,112,97
2023-01-06 05:15:00,82,159,120,87,108
2023-01-06 05:30:00,104,95,102,103,111
2023-01-06 05:45:00,77,109,72,76,70
2023-01-06 06:00:00,94,78,78,115,95
2023-01-06 06:15:00,102,97,123,103,105
2023-01-06 06:30:00,94,119,71,130,87
2023-01-06 06:45:00,111,100,108,79,145
2023-01-06 07:00:00,126,125,125,88,126
2023-01-06 07:15:00,76,105,135,111,125
2023-01-06 07:30:00,113,82,141,103,64
2023-01-06 07:45:00,58,115,97,103,92
2023-01-06 08:00:00,28,104,123,111,120
2023-01-06 08:15:00,97,99,116,92,112
2023-01-06 08:30:00,126,86,83,111,89
2023-01-06 08:45:00,99,89,81,76,108
2023-01-06 09:00:00,86,106,118,52,86
2023-01-06 09:15:00,129,153,117,92,107
2023-01-06 09:30:00,140,96,73,111,130
2023-01-06 09:45:00,89,105,105,102,95
2023-01-06 10:00:00,110,88,126,139,85
2023-01-06 10:15:00,109,121,93,115,95
2023-01-06 10:30:00,113,121,87,117,149
2023-01-06 10:45:00,124,116,109,90,106
2023-01-06 11:00:00,118,116,105,107,122
2023-01-06 11:15:00,120,84,125,125,134
2023-01-06 11:30:00,106,110,92,113,141
2023-01-06 11:45:00,88,107,54,105,87
2023-01-06 12:00:00,66,136,131,100,107
2023-01-06 12:15:00,128,107,106,105,116
2023-01-06 12:30:00,131,130,103,95,103
2023-01-06 12:45:00,80,110,108,88,109
2023-01-06 13:00:00,105,100,112,138,73
2023-01-06 13:15:00,111,115,66,82,90
2023-01-06 13:30:00,122,82,108,90,98
2023-01-06 13:45:00,76,129,104,117,112
2023-01-06 14:00:00,82,116,108,86,101
2023-01-06 14:15:00,94,136,115,79,125
2023-01-06 14:30:00,112,133,139,90,78
2023-01-06 14:45:00,102,116,92,114,97
2023-01-06 15:00:00,95,95,131,121,126
2023-01-06 15:15:00,88,69,132,92,110
2023-01-06 15:30:00,103,125,67,98,111
2023-01-06 15:45:00,99,103,109,105,125
2023-01-06 16:00:00,114,123,120,130,55
2023-01-06 16:15:00,88,115,136,132,87
2023-01-06 16:30:00,111,51,138,116,92
2023-01-06 16:45:00,114,98,115,86,102
2023-01-06 17:00:00,101,105,94,85,114
2023-01-06 17:15:00,94,95,101,90,108
2023-01-06 17:30:00,72,106,88,129,124
2023-01-06 17:45:00,80,84,123,88,96
2023-01-06 18:00:00,124,83,99,75,111
2023-01-06 18:15:00,72,133,127,114,94
2023-01-06 18:30:00,106,135,98,123,98
2023-01-06 18:45:00,92,124,96,74,96
2023-01-06 19:00:00,113,110,126,105,103
2023-01-06 19:15:00,118,83,147,133,131
2023-01-06 19:30:00,111,108,148,98,111
2023-01-06 19:45:00,58,109,81,146,117
2023-01-06 20:00:00,58,71,105,103,168
2023-01-06 20:15:00,118,82,92,81,101
2023-01-06 20:30:00,89,125,134,97,89
2023-01-06 20:45:00,104,110,102,90,100
2023-01-06 21:00:00,86,128,74,118,96
2023-01-06 21:15:00,111,102,114,101,105
2023-01-06 21:30:00,104,81,107,125,122
2023-01-06 21:45:00,120,82,94,131,136
2023-01-06 22:00:00,75,117,129,78,108
2023-01-06 22:15:00,96,138,117,113,73
2023-01-06 22:30:00,143,115,96,105,110
2023-01-06 22:45:00,118,71,95,108,68
2023-01-06 23:00:00,136,90,135,106,115
2023-01-06 23:15:00,58,99,129,89,98
2023-01-06 23:30:00,103,128,92,122,91
2023-01-06 23:45:00,114,110,98,87,91
2023-01-07 00:00:00,99,144,98,133,92
2023-01-07 00:15:00,105,112,93,145,91
2023-01-07 00:30:00,89,113,115,109,98
2023-01-07 00:45:00,113,88,98,58,118
2023-01-07 01:00:00,111,72,83,129,112
2023-01-07 01:15:00,120,80,102,86,107
2023-01-07 01:30:00,94,132,109,140,126
2023-01-07 01:45:00,96,94,84,119,81
2023-01-07 02:00:00,97,118,114,70,115
2023-01-07 02:15:00,97,106,80,82,127
2023-01-07 02:30:00,92,87,108,112,119
2023-01-07 02:45:00,99,126,120,137,99
2023-01-07 03:00:00,82,125,96,117,124
2023-01-07 03:15:00,96,108,108,106,94
2023-01-07 03:30:00,127,121,89,123,71
2023-01-07 03:45:00,105,100,77,45,117
2023-01-07 04:00:00,119,96,126,82,111
2023-01-07 04:15:00,118,62,96,108,67
2023-01-07 04:30:00,98,111,91,104,134
2023-01-07 04:45:00,73,140,131,94,114
2023-01-07 05:00:00,135,128,139,115,93
2023-01-07 05:15:00,109,119,94,130,95
2023-01-07 05:30:00,85,95,62,121,88
2023-01-07 05:45:00,96,114,110,92,135
2023-01-07 06:00:00,107,126,121,101,124
2023-01-07 06:15:00,116,120,99,88,98
2023-01-07 06:30:00,140,116,88,118,73
2023-01-07 06:45:00,78,122,88,110,101
2023-01-07 07:00:00,57,68,109,128,102
2023-01-07 07:15:00,114,91,114,130,105
2023-01-07 07:30:00,86,77,108,126,99
2023-01-07 07:45:00,142,130,93,82,110
2023-01-07 08:00:00,88,106,127,78,113
2023-01-07 08:15:00,103,86,115,112,84
2023-01-07 08:30:00,115,92,121,96,89
2023-01-07 08:45:00,73,95,93,116,118
2023-01-07 09:00:00,115,99,117,99,111
2023-01-07 09:15:00,91,113,106,117,126
2023-01-07 09:30:00,111,89,112,92,103
2023-01-07 09:45:00,126,90,86,96,115
2023-01-07 10:00:00,98,115,106,119,98
2023-01-07 10:15:00,152,135,94,107,73
2023-01-07 10:30:00,74,111,98,169,80
2023-01-07 10:45:00,77,93,101,88,91
2023-01-07 11:00:00,139,110,96,128,96
2023-01-07 11:15:00,144,96,95,90,107
2023-01-07 11:30:00,109,135,68,87,110
2023-01-07 11:45:00,76,122,114,111,142
2023-01-07 12:00:00,115,135,144,132,94
2023-01-07 12:15:00,91,132,118,105,68
2023-01-07 12:30:00,115,159,123,138,104
2023-01-07 12:45:00,109,111,103,127,121
2023-01-07 13:00:00,136,114,133,113,117
2023-01-07 13:15:00,79,137,114,144,129
2023-01-07 13:30:00,105,104,136,131,104
2023-01-07 13:45:00,87,129,145,98,99
2023-01-07 14:00:00,115,125,149,91,107
2023-01-07 14:15:00,138,108,104,77,118
2023-01-07 14:30:00,115,122,147,92,126
2023-01-07 14:45:00,81,121,121,110,101
2023-01-07 15:00:00,85,121,120,99,93
2023-01-07 15:15:00,82,124,105,112,85
2023-01-07 15:30:00,99,74,96,135,118
2023-01-07 15:45:00,134,109,91,123,127
2023-01-07 16:00:00,132,102,106,126,111
2023-01-07 16:15:00,105,141,119,78,126
2023-01-07 16:30:00,110,85,60,105,82
2023-01-07 16:45:00,71,86,127,104,125
2023-01-07 17:00:00,149,95,91,99,104
2023-01-07 17:15:00,69,117,60,73,143
2023-01-07 17:30:00,141,107,130,108,71
2023-01-07 17:45:00,92,133,115,74,80
2023-01-07 18:00:00,113,88,127,103,119
2023-01-07 18:15:00,107,59,136,108,117
2023-01-07 18:30:00,128,121,114,74,115
2023-01-07 18:45:00,110,110,105,134,134
2023-01-07 19:00:00,98,65,141,81,104
2023-01-07 19:15:00,85,120,97,116,91
2023-01-07 19:30:00,136,100,104,102,124
2023-01-07 19:45:00,120,104,126,125,77
2023-01-07 20:00:00,83,87,100,69,115
2023-01-07 20:15:00,91,108,103,88,122
2023-01-07 20:30:00,82,153,79,120,142
2023-01-07 20:45:00,90,110,136,131,115
2023-01-07 21:00:00,111,115,85,123,113
2023-01-07 21:15:00,98,113,89,101,129
2023-01-07 21:30:00,126,90,119,106,115
2023-01-07 21:45:00,104,107,102,106,119
2023-01-07 22:00:00,82,131,88,118,120
2023-01-07 22:15:00,147,88,125,125,107
2023-01-07 22:30:00,128,136,122,99,102
2023-01-07 22:45:00,85,82,111,95,102
2023-01-07 23:00:00,103,113,90,100,78
2023-01-07 23:15:00,125,92,109,82,114
2023-01-07 23:30:00,113,94,77,107,142
2023-01-07 23:45:00,142,72,103,132,99
2023-01-08 00:00:00,91,124,115,90,94
2023-01-08 00:15:00,114,93,103,123,112
2023-01-08 00:30:00,75,96,136,71,111
2023-01-08 00:45:00,103,110,127,119,114
2023-01-08 01:00:00,122,118,127,81,147
2023-01-08 01:15:00,106,86,89,106,118
2023-01-08 01:30:00,91,81,69,57,70
2023-01-08 01:45:00,118,139,64,125,113
2023-01-08 02:00:00,111,124,122,106,108
2023-01-08 02:15:00,96,132,108,141,127
2023-01-08 02:30:00,126,138,102,83,104
2023-01-08 02:45:00,117,100,101,129,105
2023-01-08 03:00:00,98,84,75,108,132
2023-01-08 03:15:00,105,114,118,75,73
2023-01-08 03:30:00,127,97,120,56,105
2023-01-08 03:45:00,137,108,76,111,86
2023-01-08 04:00:00,135,80,129,105,117
2023-01-08 04:15:00,143,73,130,90,113
2023-01-08 04:30:00,132,84,113,91,71
2023-01-08 04:45:00,92,116,84,110,78
2023-01-08 05:00:00,91,96,115,90,139
2023-01-08 05:15:00,113,70,107,127,96
2023-01-08 05:30:00,93,113,106,96,136
2023-01-08 05:45:00,74,70,93,100,107
2023-01-08 06:00:00,142,107,100,135,121
2023-01-08 06:15:00,107,136,92,154,111
2023-01-08 06:30:00,116,114,118,97,89
2023-01-08 06:45:00,91,118,138,65,111
2023-01-08 07:00:00,76,103,89,128,127
2023-01-08 07:15:00,104,119,98,106,70
2023-01-08 07:30:00,130,94,112,113,106
2023-01-08 07:45:00,101,75,96,106,91
2023-01-08 08:00:00,117,121,81,95,123
2023-01-08 08:15:00,114,146,115,120,137
2023-01-08 08:30:00,99,125,79,102,110
2023-01-08 08:45:00,89,87,99,110,132
2023-01-08 09:00:00,112,109,115,81,106
2023-01-08 09:15:00,70,103,115,104,101
2023-01-08 09:30:00,109,141,132,129,72
2023-01-08 09:45:00,77,127,118,118,114
2023-01-08 10:00:00,112,106,98,126,125
2023-01-08 10:15:00,97,108,124,120,110
2023-01-08 10:30:00,159,129,92,113,92
2023-01-08 10:45:00,131,92,82,106,146
2023-01-08 11:00:00,112,119,88,127,88
2023-01-08 11:15:00,119,121,130,122,78
2023-01-08 11:30:00,146,121,114,107,81
2023-01-08 11:45:00,80,102,128,120,104
2023-01-08 12:00:00,129,106,144,89,127
2023-01-08 12:15:00,86,130,99,112,118
2023-01-08 12:30:00,103,120,130,83,70
2023-01-08 12:45:00,131,85,93,90,88
2023-01-08 13:00:00,94,81,115,95,95
2023-01-08 13:15:00,125,141,107,107,94
2023-01-08 13:30:00,100,119,91,119,119
2023-01-08 13:45:00,91,89,110,123,79
2023-01-08 14:00:00,113,119,148,100,95
2023-01-08 14:15:00,102,103,64,128,133
2023-01-08 14:30:00,144,102,128,116,95
2023-01-08 14:45:00,116,101,71,100,96
2023-01-08 15:00:00,107,78,96,121,132
2023-01-08 15:15:00,100,74,110,122,110
2023-01-08 15:30:00,95,89,99,116,114
2023-01-08 15:45:00,105,103,74,102,137
2023-01-08 16:00:00,112,128,98,134,75
2023-01-08 16:15:00,143,117,119,116,90
2023-01-08 16:30:00,130,110,140,81,104
2023-01-08 16:45:00,108,102,70,91,122
2023-01-08 17:00:00,119,114,123,88,94
2023-01-08 17:15:00,71,109,121,105,137
2023-01-08 17:30:00,117,88,96,97,85
2023-01-08 17:45:00,57,114,89,102,98
2023-01-08 18:00:00,73,81,47,90,114
2023-01-08 18:15:00,100,131,104,93,103
2023-01-08 18:30:00,120,117,100,110,135
2023-01-08 18:45:00,106,91,119,111,131
2023-01-08 19:00:00,93,119,98,76,96
2023-01-08 19:15:00,107,122,127,108,106
2023-01-08 19:30:00,127,75,139,82,116
2023-01-08 19:45:00,111,110,145,121,108
2023-01-08 20:00:00,92,145,105,119,137
2023-01-08 20:15:00,109,122,82,96,127
2023-01-08 20:30:00,102,100,95,85,98
2023-01-08 20:45:00,103,131,113,91,99
2023-01-08 21:00:00,74,118,98,64,110
2023-01-08 21:15:00,116,122,80,84,123
2023-01-08 21:30:00,108,81,103,100,85
2023-01-08 21:45:00,148,92,94,119,142
2023-01-08 22:00:00,120,112,136,127,123
2023-01-08 22:15:00,69,132,87,94,122
2023-01-08 22:30:00,106,116,107,103,102
2023-01-08 22:45:00,117,60,90,106,94
2023-01-08 23:00:00,129,117,96,70,116
2023-01-08 23:15:00,67,135,106,101,133
2023-01-08 23:30:00,136,82,116,137,121
2023-01-08 23:45:00,105,122,139,93,100
2023-01-09 00:00:00,119,119,71,121,137
2023-01-09 00:15:00,93,109,104,148,117
2023-01-09 00:30:00,83,125,142,120,97
2023-01-09 00:45:00,98,115,113,115,112
2023-01-09 01:00:00,118,105,138,111,134
2023-01-09 01:15:00,108,118,130,108,78
2023-01-09 01:30:00,86,128,133,117,124
2023-01-09 01:45:00,124,98,130,67,101
2023-01-09 02:00:00,122,112,73,91,104
2023-01-09 02:15:00,91,105,132,70,97
2023-01-09 02:30:00,133,112,68,107,90
2023-01-09 02:45:00,101,79,90,107,87
2023-01-09 03:00:00,112,81,108,140,92
2023-01-09 03:15:00,140,76,110,95,103
2023-01-09 03:30:00,108,111,114,104,117
2023-01-09 03:45:00,122,122,95,121,91
2023-01-09 04:00:00,102,111,115,94,91
2023-01-09 04:15:00,99,77,99,105,124
2023-01-09 04:30:00,68,86,76,77,49
2023-01-09 04:45:00,119,104,96,123,105
2023-01-09 05:00:00,143,67,71,83,105
2023-01-09 05:15:00,112,131,122,116,102
2023-01-09 05:30:00,125,101,145,122,91
2023-01-09 05:45:00,121,127,89,142,115
2023-01-09 06:00:00,112,117,87,117,107
2023-01-09 06:15:00,87,126,98,131,111
2023-01-09 06:30:00,93,107,72,135,91
2023-01-09 06:45:00,107,92,134,98,90
2023-01-09 07:00:00,129,113,96,93,117
2023-01-09 07:15:00,76,99,123,103,172
2023-01-09 07:30:00,69,114,77,128,102
2023-01-09 07:45:00,130,120,91,118,77
2023-01-09 08:00:00,136,100,152,109,135
2023-01-09 08:15:00,119,102,109,108,102
2023-01-09 08:30:00,108,122,90,105,134
2023-01-09 08:45:00,111,90,116,106,90
2023-01-09 09:00:00,97,95,108,133,112
2023-01-09 09:15:00,109,127,82,129,114
2023-01-09 09:30:00,79,123,128,87,107
2023-01-09 09:45:00,86,107,111,88,135
2023-01-09 10:00:00,94,90,99,89,118
2023-01-09 10:15:00,77,96,91,129,88
2023-01-09 10:30:00,121,109,104,106,88
2023-01-09 10:45:00,76,117,101,96,96
2023-01-09 11:00:00,117,99,129,129,99
2023-01-09 11:15:00,133,78,113,104,102
2023-01-09 11:30:00,110,92,118,89,123
2023-01-09 11:45:00,98,62,116,88,125
2023-01-09 12:00:00,106,90,104,103,132
2023-01-09 12:15:00,94,62,112,97,102
2023-01-09 12:30:00,125,125,113,142,139
2023-01-09 12:45:00,117,90,92,112,87
2023-01-09 13:00:00,96,98,86,138,89
2023-01-09 13:15:00,104,112,113,107,137
2023-01-09 13:30:00,99,131,80,105,139
2023-01-09 13:45:00,101,79,97,91,111
2023-01-09 14:00:00,125,118,99,125,106
2023-01-09 14:15:00,102,139,75,132,99
2023-01-09 14:30:00,94,120,85,103,116
2023-01-09 14:45:00,85,79,96,113,106
2023-01-09 15:00:00,113,140,110,131,96
2023-01-09 15:15:00,110,100,106,102,111
2023-01-09 15:30:00,71,153,106,98,118
2023-01-09 15:45:00,119,73,72,103,129
2023-01-09 16:00:00,116,85,115,112,111
2023-01-09 16:15:00,93,151,116,103,71
2023-01-09 16:30:00,71,97,113,93,123
2023-01-09 16:45:00,88,110,100,95,127
2023-01-09 17:00:00,107,64,86,115,128
2023-01-09 17:15:00,121,118,131,112,94
2023-01-09 17:30:00,117,79,124,99,100
2023-01-09 17:45:00,105,133,81,138,107
2023-01-09 18:00:00,125,109,66,133,115
2023-01-09 18:15:00,116,91,120,88,123
2023-01-09 18:30:00,84,115,114,113,116
2023-01-09 18:45:00,85,123,53,122,97
2023-01-09 19:00:00,126,128,119,128,131
2023-01-09 19:15:00,149,98,92,156,69
2023-01-09 19:30:00,138,125,109,92,117
2023-01-09 19:45:00,140,79,78,88,108
2023-01-09 20:00:00,115,73,53,78,68
2023-01-09 20:15:00,120,123,98,117,139
2023-01-09 20:30:00,114,83,114,85,106
2023-01-09 20:45:00,95,120,75,117,131
2023-01-09 21:00:00,98,133,57,93,113
2023-01-09 21:15:00,124,128,110,135,91
2023-01-09 21:30:00,106,111,128,107,100
2023-01-09 21:45:00,108,124,79,108,112
2023-01-09 22:00:00,90,106,108,94,105
2023-01-09 22:15:00,137,110,84,101,115
2023-01-09 22:30:00,109,129,107,114,114
2023-01-09 22:45:00,125,85,83,117,101
2023-01-09 23:00:00,137,115,105,110,117
2023-01-09 23:15:00,102,93,126,85,105
2023-01-09 23:30:00,148,103,117,134,137
2023-01-09 23:45:00,116,96,102,107,112
2023-01-10 00:00:00,118,86,101,128,156
2023-01-10 00:15:00,111,112,103,114,130
2023-01-10 00:30:00,86,136,132,64,109
2023-01-10 00:45:00,105,113,105,97,99
2023-01-10 01:00:00,116,116,71,97,133
2023-01-10 01:15:00,77,109,110,103,112
2023-01-10 01:30:00,133,105,98,121,82
2023-01-10 01:45:00,124,87,87,114,103
2023-01-10 02:00:00,74,134,121,97,101
2023-01-10 02:15:00,85,160,100,94,99
2023-01-10 02:30:00,95,108,123,133,107
2023-01-10 02:45:00,136,100,74,76,100
2023-01-10 03:00:00,96,126,148,139,90
2023-01-10 03:15:00,96,89,107,133,130
2023-01-10 03:30:00,114,93,117,85,91
2023-01-10 03:45:00,107,119,100,131,144
2023-01-10 04:00:00,99,110,116,142,81
2023-01-10 04:15:00,74,87,95,100,93
2023-01-10 04:30:00,118,120,79,99,126
2023-01-10 04:45:00,119,98,96,94,100
2023-01-10 05:00:00,118,113,115,128,104
2023-01-10 05:15:00,80,107,79,99,125
2023-01-10 05:30:00,106,111,107,91,74
2023-01-10 05:45:00,74,102,86,105,74
2023-01-10 06:00:00,139,136,107,121,118
2023-01-10 06:15:00,105,154,134,97,111
2023-01-10 06:30:00,140,146,124,137,79
2023-01-10 06:45:00,108,89,105,104,111
2023-01-10 07:00:00,120,93,113,103,124
2023-01-10 07:15:00,123,111,111,67,91
2023-01-10 07:30:00,118,93,93,83,111
2023-01-10 07:45:00,110,110,119,116,133
2023-01-10 08:00:00,112,107,123,130,97
2023-01-10 08:15:00,139,119,96,94,98
2023-01-10 08:30:00,88,139,91,98,104
2023-01-10 08:45:00,75,121,128,136,99
2023-01-10 09:00:00,86,109,83,129,90
2023-01-10 09:15:00,94,96,91,141,102
2023-01-10 09:30:00,117,118,116,132,112
2023-01-10 09:45:00,109,150,105,97,103
2023-01-10 10:00:00,59,105,72,138,120
2023-01-10 10:15:00,114,151,119,98,113
2023-01-10 10:30:00,140,72,124,85,149
2023-01-10 10:45:00,102,120,60,94,109
2023-01-10 11:00:00,99,101,89,123,108
2023-01-10 11:15:00,118,99,100,86,103
2023-01-10 11:30:00,146,110,130,111,102
2023-01-10 11:45:00,84,113,117,146,94
2023-01-10 12:00:00,120,100,79,102,101
2023-01-10 12:15:00,98,96,97,107,110
2023-01-10 12:30:00,135,116,106,98,109
2023-01-10 12:45:00,121,130,134,96,91
2023-01-10 13:00:00,107,110,90,101,81
2023-01-10 13:15:00,114,110,112,157,115
2023-01-10 13:30:00,92,118,115,107,114
2023-01-10 13:45:00,145,117,108,124,86
2023-01-10 14:00:00,93,113,138,139,67
2023-01-10 14:15:00,61,83,126,116,84
2023-01-10 14:30:00,123,79,93,64,76
2023-01-10 14:45:00,119,118,128,91,119
2023-01-10 15:00:00,104,104,132,104,95
2023-01-10 15:15:00,92,124,107,66,128
2023-01-10 15:30:00,106,123,84,112,138
2023-01-10 15:45:00,105,93,100,110,96
2023-01-10 16:00:00,117,89,131,100,138
2023-01-10 16:15:00,128,103,82,114,127
2023-01-10 16:30:00,102,117,116,106,129
2023-01-10 16:45:00,99,78,138,112,117
2023-01-10 17:00:00,102,103,114,67,104
2023-01-10 17:15:00,92,136,91,92,130
2023-01-10 17:30:00,68,111,111,79,70
2023-01-10 17:45:00,105,105,71,92,126
2023-01-10 18:00:00,127,109,114,131,140
2023-01-10 18:15:00,113,139,85,106,140
2023-01-10 18:30:00,105,118,85,126,108
2023-01-10 18:45:00,82,124,121,115,108
2023-01-10 19:00:00,71,114,91,111,77
2023-01-10 19:15:00,95,112,108,106,93
2023-01-10 19:30:00,83,92,136,96,114
2023-01-10 19:45:00,64,71,151,112,82
2023-01-10 20:00:00,123,74,86,110,81
2023-01-10 20:15:00,101,127,117,125,117
2023-01-10 20:30:00,111,125,130,78,105
2023-01-10 20:45:00,105,102,86,117,111
2023-01-10 21:00:00,119,117,98,108,105
2023-01-10 21:15:00,124,92,64,70,130
2023-01-10 21:30:00,117,92,119,135,108
2023-01-10 21:45:00,102,102,128,113,116
2023-01-10 22:00:00,113,90,112,118,84
2023-01-10 22:15:00,118,123,107,118,85
2023-01-10 22:30:00,155,91,91,100,131
2023-01-10 22:45:00,53,132,102,90,81
2023-01-10 23:00:00,103,87,88,95,94
2023-01-10 23:15:00,110,108,120,116,101
2023-01-10 23:30:00,96,116,144,108,105
2023-01-10 23:45:00,103,117,94,122,123
2023-01-11 00:00:00,94,116,149,104,118
2023-01-11 00:15:00,118,83,115,112,97
2023-01-11 00:30:00,115,86,119,114,90
2023-01-11 00:45:00,114,139,86,106,95
2023-01-11 01:00:00,146,117,117,134,113
2023-01-11 01:15:00,73,123,133,128,102
2023-01-11 01:30:00,129,89,77,105,106
2023-01-11 01:45:00,132,101,92,123,123
2023-01-11 02:00:00,109,124,94,133,98
2023-01-11 02:15:00,107,106,46,136,109
2023-01-11 02:30:00,106,86,100,114,142
2023-01-11 02:45:00,89,90,87,127,109
2023-01-11 03:00:00,96,110,85,116,103
2023-01-11 03:15:00,119,95,138,97,113
2023-01-11 03:30:00,114,109,132,90,139
2023-01-11 03:45:00,107,88,101,117,127
2023-01-11 04:00:00,168,116,113,97,57
2023-01-11 04:15:00,93,120,92,117,114
2023-01-11 04:30:00,103,103,121,90,73
2023-01-11 04:45:00,73,130,121,78,112
2023-01-11 05:00:00,109,110,88,92,102
2023-01-11 05:15:00,135,116,101,124,110
2023-01-11 05:30:00,125,86,106,124,122
2023-01-11 05:45:00,85,142,65,104,127
2023-01-11 06:00:00,115,114,97,94,114
2023-01-11 06:15:00,111,123,132,134,148
2023-01-11 06:30:00,106,127,90,95,107
2023-01-11 06:45:00,97,109,109,104,128
2023-01-11 07:00:00,121,97,133,114,101
2023-01-11 07:15:00,72,124,130,126,109
2023-01-11 07:30:00,140,109,135,104,137
2023-01-11 07:45:00,94,76,143,124,110
2023-01-11 08:00:00,98,119,121,110,81
2023-01-11 08:15:00,108,97,96,118,87
2023-01-11 08:30:00,110,110,125,143,94
2023-01-11 08:45:00,115,84,140,111,112
2023-01-11 09:00:00,131,85,105,151,111
2023-01-11 09:15:00,153,82,92,130,133
2023-01-11 09:30:00,104,101,89,114,138
2023-01-11 09:45:00,124,119,109,110,94
2023-01-11 10:00:00,101,74,109,129,122
2023-01-11 10:15:00,113,73,159,153,129
2023-01-11 10:30:00,123,129,106,108,97
2023-01-11 10:45:00,91,134,80,137,98
2023-01-11 11:00:00,91,90,76,73,141
2023-01-11 11:15:00,126,118,100,102,111
2023-01-11 11:30:00,92,101,106,128,125
2023-01-11 11:45:00,101,73,140,104,81
2023-01-11 12:00:00,133,116,88,117,91
2023-01-11 12:15:00,112,81,123,91,110
2023-01-11 12:30:00,81,84,120,106,108
2023-01-11 12:45:00,94,91,92,120,106
2023-01-11 13:00:00,122,77,107,80,103
2023-01-11 13:15:00,89,126,97,142,124
2023-01-11 13:30:00,90,124,130,97,103
2023-01-11 13:45:00,121,107,126,105,117
2023-01-11 14:00:00,110,77,84,91,89
2023-01-11 14:15:00,108,107,83,114,78
2023-01-11 14:30:00,122,154,129,106,88
2023-01-11 14:45:00,81,125,132,103,82
2023-01-11 15:00:00,104,81,118,111,104
2023-01-11 15:15:00,134,138,94,105,113
2023-01-11 15:30:00,86,100,92,106,96
2023-01-11 15:45:00,132,123,132,127,97
2023-01-11 16:00:00,118,123,108,106,136
2023-01-11 16:15:00,87,149,106,114,101
2023-01-11 16:30:00,109,115,64,125,82
2023-01-11 16:45:00,85,121,64,123,114
2023-01-11 17:00:00,147,101,130,104,134
2023-01-11 17:15:00,93,126,95,110,94
2023-01-11 17:30:00,116,128,91,97,121
2023-01-11 17:45:00,101,102,116,128,108
2023-01-11 18:00:00,133,122,100,115,130
2023-01-11 18:15:00,113,62,173,160,122
2023-01-11 18:30:00,106,99,103,130,114
2023-01-11 18:45:00,109,116,96,109,120
2023-01-11 19:00:00,136,121,98,92,105
2023-01-11 19:15:00,138,125,120,117,85
2023-01-11 19:30:00,88,130,118,108,92
2023-01-11 19:45:00,161,119,64,84,115
2023-01-11 20:00:00,97,87,112,101,131
2023-01-11 20:15:00,120,92,88,89,102
2023-01-11 20:30:00,71,139,114,114,125
2023-01-11 20:45:00,126,83,108,94,144
2023-01-11 21:00:00,129,88,102,113,108
2023-01-11 21:15:00,102,132,104,132,85
2023-01-11 21:30:00,55,80,93,115,127
2023-01-11 21:45:00,105,103,90,122,118
2023-01-11 22:00:00,141,112,113,116,68
2023-01-11 22:15:00,97,94,86,106,108
2023-01-11 22:30:00,101,108,79,87,90
2023-01-11 22:45:00,142,123,81,68,118
2023-01-11 23:00:00,113,132,136,67,125
2023-01-11 23:15:00,113,117,110,106,108
2023-01-11 23:30:00,89,104,103,109,78
2023-01-11 23:45:00,119,88,145,93,44
2023-01-12 00:00:00,108,135,91,125,127
2023-01-12 00:15:00,123,127,121,120,111
2023-01-12 00:30:00,101,128,112,85,122
2023-01-12 00:45:00,105,125,134,109,114
2023-01-12 01:00:00,100,119,112,100,98
2023-01-12 01:15:00,90,127,113,122,91
2023-01-12 01:30:00,139,179,110,148,101
2023-01-12 01:45:00,78,106,101,97,58
2023-01-12 02:00:00,119,91,104,111,138
2023-01-12 02:15:00,154,116,118,105,139
2023-01-12 02:30:00,114,83,84,78,118
2023-01-12 02:45:00,125,130,128,107,105
2023-01-12 03:00:00,119,137,104,89,97
2023-01-12 03:15:00,126,102,86,107,101
2023-01-12 03:30:00,84,94,103,95,124
2023-01-12 03:45:00,84,134,112,110,116
2023-01-12 04:00:00,123,78,88,101,91
2023-01-12 04:15:00,108,128,135,94,63
2023-01-12 04:30:00,80,97,137,115,93
2023-01-12 04:45:00,103,111,82,66,84
2023-01-12 05:00:00,91,114,117,81,93
2023-01-12 05:15:00,109,168,110,117,118
2023-01-12 05:30:00,132,99,92,89,103
2023-01-12 05:45:00,123,52,107,128,136
2023-01-12 06:00:00,134,128,95,104,78
2023-01-12 06:15:00,95,121,93,94,63
2023-01-12 06:30:00,126,71,75,107,108
2023-01-12 06:45:00,104,104,138,129,98
2023-01-12 07:00:00,109,123,84,105,151
2023-01-12 07:15:00,134,113,103,130,114
2023-01-12 07:30:00,94,72,95,99,91
2023-01-12 07:45:00,90,102,109,111,103
2023-01-12 08:00:00,114,98,102,102,145
2023-01-12 08:15:00,129,99,146,120,131
2023-01-12 08:30:00,118,164,102,127,133
2023-01-12 08:45:00,113,145,99,100,97
2023-01-12 09:00:00,91,94,101,120,100
2023-01-12 09:15:00,137,132,110,88,131
2023-01-12 09:30:00,99,114,102,128,98
2023-01-12 09:45:00,159,109,119,87,94
2023-01-12 10:00:00,108,106,96,118,94
2023-01-12 10:15:00,85,149,111,83,122
2023-01-12 10:30:00,106,106,92,112,148
2023-01-12 10:45:00,87,69,109,126,98
2023-01-12 11:00:00,116,87,75,119,97
2023-01-12 11:15:00,91,119,102,62,152
2023-01-12 11:30:00,75,84,105,81,159
2023-01-12 11:45:00,151,97,107,114,97
2023-01-12 12:00:00,106,114,99,125,94
2023-01-12 12:15:00,147,92,131,124,126
2023-01-12 12:30:00,95,89,129,71,137
2023-01-12 12:45:00,111,92,112,134,146
2023-01-12 13:00:00,74,120,110,121,104
2023-01-12 13:15:00,109,85,95,98,71
2023-01-12 13:30:00,111,75,61,107,112
2023-01-12 13:45:00,70,121,120,126,110
2023-01-12 14:00:00,140,108,100,86,92
2023-01-12 14:15:00,106,97,140,78,138
2023-01-12 14:30:00,133,101,113,117,99
2023-01-12 14:45:00,95,124,83,133,101
2023-01-12 15:00:00,156,91,118,90,121
2023-01-12 15:15:00,113,104,132,117,95
2023-01-12 15:30:00,99,118,100,110,124
2023-01-12 15:45:00,125,101,104,86,63
2023-01-12 16:00:00,104,131,124,90,97
2023-01-12 16:15:00,107,117,118,106,120
2023-01-12 16:30:00,141,124,127,130,130
2023-01-12 16:45:00,114,118,129,100,148
2023-01-12 17:00:00,130,142,141,122,147
2023-01-12 17:15:00,109,63,113,122,128
2023-01-12 17:30:00,103,134,112,138,103
2023-01-12 17:45:00,129,74,124,124,101
2023-01-12 18:00:00,115,111,81,100,80
2023-01-12 18:15:00,118,106,91,98,92
2023-01-12 18:30:00,89,141,69,116,83
2023-01-12 18:45:00,115,104,122,129,106
2023-01-12 19:00:00,125,105,95,108,110
2023-01-12 19:15:00,118,103,92,71,97
2023-01-12 19:30:00,155,113,104,102,73
2023-01-12 19:45:00,92,134,88,121,123
2023-01-12 20:00:00,121,132,116,144,114
2023-01-12 20:15:00,90,135,98,99,134
2023-01-12 20:30:00,122,123,107,94,112
2023-01-12 20:45:00,93,133,99,100,101
2023-01-12 21:00:00,126,129,111,85,104
2023-01-12 21:15:00,134,110,82,116,93
2023-01-12 21:30:00,117,56,91,101,102
2023-01-12 21:45:00,122,87,138,123,136
2023-01-12 22:00:00,162,108,72,151,125
2023-01-12 22:15:00,103,103,152,155,99
2023-01-12 22:30:00,144,82,92,100,131
2023-01-12 22:45:00,136,87,99,112,125
2023-01-12 23:00:00,96,95,96,129,137
2023-01-12 23:15:00,120,85,113,87,105
2023-01-12 23:30:00,117,104,95,107,121
2023-01-12 23:45:00,114,92,114,150,112
2023-01-13 00:00:00,93,107,114,112,94
2023-01-13 00:15:00,112,135,135,103,108
2023-01-13 00:30:00,105,132,116,108,140
2023-01-13 00:45:00,149,135,111,93,133
2023-01-13 01:00:00,95,105,145,77,99
2023-01-13 01:15:00,134,112,103,110,102
2023-01-13 01:30:00,136,114,103,119,76
2023-01-13 01:45:00,132,127,99,124,93
2023-01-13 02:00:00,109,76,95,102,121
2023-01-13 02:15:00,99,137,111,111,109
2023-01-13 02:30:00,130,117,107,127,109
2023-01-13 02:45:00,114,115,143,102,100
2023-01-13 03:00:00,109,110,97,104,147
2023-01-13 03:15:00,116,128,99,113,125
2023-01-13 03:30:00,126,130,57,92,121
2023-01-13 03:45:00,74,87,102,90,115
2023-01-13 04:00:00,127,99,99,104,100
2023-01-13 04:15:00,91,106,98,143,121
2023-01-13 04:30:00,126,97,142,73,99
2023-01-13 04:45:00,83,124,115,140,100
2023-01-13 05:00:00,108,132,118,131,117
2023-01-13 05:15:00,124,122,126,128,84
2023-01-13 05:30:00,111,136,88,106,113
2023-01-13 05:45:00,164,139,105,107,88
2023-01-13 06:00:00,116,111,148,124,121
2023-01-13 06:15:00,107,43,99,114,75
2023-01-13 06:30:00,132,108,106,99,134
2023-01-13 06:45:00,68,105,137,87,113
2023-01-13 07:00:00,113,105,93,117,110
2023-01-13 07:15:00,112,138,129,137,95
2023-01-13 07:30:00,100,88,117,140,118
2023-01-13 07:45:00,111,135,96,126,111
2023-01-13 08:00:00,116,99,123,119,123
2023-01-13 08:15:00,132,113,122,106,104
2023-01-13 08:30:00,104,127,120,140,75
2023-01-13 08:45:00,130,108,86,132,116
2023-01-13 09:00:00,123,95,107,98,112
2023-01-13 09:15:00,87,109,133,118,102
2023-01-13 09:30:00,119,138,103,107,104
2023-01-13 09:45:00,99,120,108,133,131
2023-01-13 10:00:00,116,108,134,91,128
2023-01-13 10:15:00,111,93,111,86,90
2023-01-13 10:30:00,100,135,95,130,81
2023-01-13 10:45:00,109,80,80,143,106
2023-01-13 11:00:00,75,95,124,155,136
2023-01-13 11:15:00,153,119,113,142,120
2023-01-13 11:30:00,102,94,125,131,122
2023-01-13 11:45:00,100,112,105,130,110
2023-01-13 12:00:00,99,89,103,101,109
2023-01-13 12:15:00,118,118,141,127,116
2023-01-13 12:30:00,86,122,82,102,102
2023-01-13 12:45:00,97,117,110,76,162
2023-01-13 13:00:00,115,139,95,143,108
2023-01-13 13:15:00,86,90,114,114,123
2023-01-13 13:30:00,126,113,102,100,113
2023-01-13 13:45:00,91,115,110,113,119
2023-01-13 14:00:00,71,96,101,114,110
2023-01-13 14:15:00,115,129,139,140,114
2023-01-13 14:30:00,98,92,119,88,132
2023-01-13 14:45:00,113,75,114,120,111
2023-01-13 15:00:00,116,106,119,128,105
2023-01-13 15:15:00,105,127,98,132,117
2023-01-13 15:30:00,117,143,132,88,113
2023-01-13 15:45:00,102,100,77,127,115
2023-01-13 16:00:00,88,125,133,97,128
2023-01-13 16:15:00,141,102,156,107,80
2023-01-13 16:30:00,122,76,111,93,101
2023-01-13 16:45:00,116,116,69,173,80
2023-01-13 17:00:00,125,101,88,95,87
2023-01-13 17:15:00,72,59,105,99,97
2023-01-13 17:30:00,112,120,95,99,96
2023-01-13 17:45:00,105,101,131,135,91
2023-01-13 18:00:00,138,100,80,148,135
2023-01-13 18:15:00,102,125,71,73,87
2023-01-13 18:30:00,157,126,116,134,135
2023-01-13 18:45:00,113,106,126,104,39
2023-01-13 19:00:00,110,106,94,115,127
2023-01-13 19:15:00,105,93,116,77,116
2023-01-13 19:30:00,107,125,70,87,110
2023-01-13 19:45:00,120,96,119,107,88
2023-01-13 20:00:00,112,111,121,106,112
2023-01-13 20:15:00,74,150,143,112,128
2023-01-13 20:30:00,101,108,112,102,134
2023-01-13 20:45:00,118,69,102,138,127
2023-01-13 21:00:00,88,108,111,119,135
2023-01-13 21:15:00,78,119,112,123,128
2023-01-13 21:30:00,103,121,109,94,83
2023-01-13 21:45:00,140,116,131,104,100
2023-01-13 22:00:00,113,47,69,151,132
2023-01-13 22:15:00,106,88,141,141,120
2023-01-13 22:30:00,89,93,123,136,142
2023-01-13 22:45:00,111,84,127,117,73
2023-01-13 23:00:00,102,97,75,139,73
2023-01-13 23:15:00,78,118,108,85,128
2023-01-13 23:30:00,118,119,89,128,100
2023-01-13 23:45:00,136,75,99,148,125
2023-01-14 00:00:00,88,77,116,96,86
2023-01-14 00:15:00,95,140,87,109,99
2023-01-14 00:30:00,122,124,118,119,97
2023-01-14 00:45:00,109,119,77,73,118
2023-01-14 01:00:00,110,109,122,103,114
2023-01-14 01:15:00,73,110,102,108,131
2023-01-14 01:30:00,67,92,126,111,104
2023-01-14 01:45:00,110,137,94,105,105
2023-01-14 02:00:00,78,117,112,133,125
2023-01-14 02:15:00,123,72,107,89,127
2023-01-14 02:30:00,90,144,86,127,144
2023-01-14 02:45:00,131,139,142,134,124
2023-01-14 03:00:00,131,101,106,69,111
2023-01-14 03:15:00,80,142,134,115,93
2023-01-14 03:30:00,101,106,84,115,117
2023-01-14 03:45:00,117,131,109,112,111
2023-01-14 04:00:00,155,106,132,117,121
2023-01-14 04:15:00,158,107,82,126,148
2023-01-14 04:30:00,93,151,149,108,92
2023-01-14 04:45:00,100,128,141,124,95
2023-01-14 05:00:00,97,128,105,102,94
2023-01-14 05:15:00,139,121,99,75,81
2023-01-14 05:30:00,143,116,129,86,69
2023-01-14 05:45:00,101,120,132,118,123
2023-01-14 06:00:00,132,128,145,137,98
2023-01-14 06:15:00,119,154,93,134,120
2023-01-14 06:30:00,130,86,138,99,85
2023-01-14 06:45:00,114,141,115,111,95
2023-01-14 07:00:00,121,101,131,110,106
2023-01-14 07:15:00,131,141,106,93,77
2023-01-14 07:30:00,71,112,118,141,158
2023-01-14 07:45:00,140,142,101,102,104
2023-01-14 08:00:00,86,129,108,132,89
2023-01-14 08:15:00,155,158,85,113,104
2023-01-14 08:30:00,112,60,151,80,119
2023-01-14 08:45:00,106,106,89,100,93
2023-01-14 09:00:00,112,98,104,143,107
2023-01-14 09:15:00,102,110,124,154,89
2023-01-14 09:30:00,131,119,141,143,111
2023-01-14 09:45:00,111,143,111,93,128
2023-01-14 10:00:00,122,98,95,94,94
2023-01-14 10:15:00,107,118,91,101,75
2023-01-14 10:30:00,138,116,98,118,112
2023-01-14 10:45:00,115,127,92,139,114
2023-01-14 11:00:00,117,138,105,97,108
2023-01-14 11:15:00,114,80,117,112,158
2023-01-14 11:30:00,93,129,114,121,111
2023-01-14 11:45:00,75,116,118,102,69
2023-01-14 12:00:00,107,119,100,159,109
2023-01-14 12:15:00,111,116,133,67,122
2023-01-14 12:30:00,129,132,108,127,110
2023-01-14 12:45:00,144,94,139,111,111
2023-01-14 13:00:00,143,114,138,126,108
2023-01-14 13:15:00,114,125,109,139,142
2023-01-14 13:30:00,124,104,90,111,139
2023-01-14 13:45:00,90,81,111,96,123
2023-01-14 14:00:00,110,121,105,93,112
2023-01-14 14:15:00,62,154,89,97,141
2023-01-14 14:30:00,147,81,106,91,83
2023-01-14 14:45:00,139,120,94,143,117
2023-01-14 15:00:00,116,81,81,97,154
2023-01-14 15:15:00,101,92,111,110,124
2023-01-14 15:30:00,85,165,118,141,148
2023-01-14 15:45:00,81,107,110,107,128
2023-01-14 16:00:00,113,107,76,117,130
2023-01-14 16:15:00,90,119,135,101,132
2023-01-14 16:30:00,130,122,96,73,132
2023-01-14 16:45:00,105,115,121,103,126
2023-01-14 17:00:00,137,80,120,107,126
2023-01-14 17:15:00,82,117,100,114,77
2023-01-14 17:30:00,111,79,122,150,87
2023-01-14 17:45:00,103,99,134,112,135
2023-01-14 18:00:00,113,123,141,123,144
2023-01-14 18:15:00,125,110,95,126,107
2023-01-14 18:30:00,91,116,130,135,111
2023-01-14 18:45:00,100,121,95,126,113
2023-01-14 19:00:00,151,87,134,111,117
2023-01-14 19:15:00,89,134,125,113,95
2023-01-14 19:30:00,91,106,137,143,119
2023-01-14 19:45:00,142,112,114,119,113
2023-01-14 20:00:00,76,103,143,122,90
2023-01-14 20:15:00,81,108,132,142,114
2023-01-14 20:30:00,104,117,82,138,91
2023-01-14 20:45:00,108,114,107,130,99
2023-01-14 21:00:00,90,108,94,114,118
2023-01-14 21:15:00,135,130,141,94,99
2023-01-14 21:30:00,138,152,115,137,102
2023-01-14 21:45:00,126,131,129,142,117
2023-01-14 22:00:00,97,124,116,100,81
2023-01-14 22:15:00,137,117,87,94,94
2023-01-14 22:30:00,148,116,116,86,99
2023-01-14 22:45:00,79,93,118,138,121
2023-01-14 23:00:00,124,120,106,137,130
2023-01-14 23:15:00,121,98,108,135,148
2023-01-14 23:30:00,117,89,110,106,84
2023-01-14 23:45:00,90,99,92,104,106
2023-01-15 00:00:00,91,164,102,126,146
2023-01-15 00:15:00,99,140,58,128,93
2023-01-15 00:30:00,114,103,106,101,99
2023-01-15 00:45:00,138,145,122,126,99
2023-01-15 01:00:00,122,127,135,68,69
2023-01-15 01:15:00,123,72,114,99,100
2023-01-15 01:30:00,118,107,109,60,115
2023-01-15 01:45:00,90,81,134,115,111
2023-01-15 02:00:00,107,106,92,67,160
2023-01-15 02:15:00,110,132,108,120,90
2023-01-15 02:30:00,104,110,139,114,146
2023-01-15 02:45:00,118,105,108,122,97
2023-01-15 03:00:00,113,132,123,126,103
2023-01-15 03:15:00,121,145,98,147,120
2023-01-15 03:30:00,114,91,78,134,78
2023-01-15 03:45:00,99,114,110,108,123
2023-01-15 04:00:00,112,128,118,108,120
2023-01-15 04:15:00,100,101,119,128,95
2023-01-15 04:30:00,92,125,60,130,149
2023-01-15 04:45:00,90,82,84,118,101
2023-01-15 05:00:00,108,117,108,102,126
2023-01-15 05:15:00,118,119,134,77,101
2023-01-15 05:30:00,138,95,69,113,142
2023-01-15 05:45:00,94,104,130,146,113
2023-01-15 06:00:00,82,75,103,97,122
2023-01-15 06:15:00,86,157,101,147,132
2023-01-15 06:30:00,87,99,82,129,124
2023-01-15 06:45:00,107,127,128,109,125
2023-01-15 07:00:00,113,107,75,93,89
2023-01-15 07:15:00,106,146,104,100,125
2023-01-15 07:30:00,100,101,109,124,137
2023-01-15 07:45:00,75,124,120,94,87
2023-01-15 08:00:00,98,80,140,97,152
2023-01-15 08:15:00,86,122,143,124,117
2023-01-15 08:30:00,127,99,127,116,178
2023-01-15 08:45:00,120,153,99,94,133
2023-01-15 09:00:00,96,137,97,116,111
2023-01-15 09:15:00,111,119,116,69,113
2023-01-15 09:30:00,89,91,165,125,140
2023-01-15 09:45:00,95,140,95,110,108
2023-01-15 10:00:00,111,119,109,116,124
2023-01-15 10:15:00,93,118,109,100,129
2023-01-15 10:30:00,91,115,134,116,106
2023-01-15 10:45:00,107,118,87,99,88
2023-01-15 11:00:00,106,129,118,127,122
2023-01-15 11:15:00,108,116,128,101,117
2023-01-15 11:30:00,154,124,98,78,105
2023-01-15 11:45:00,107,122,92,121,72
2023-01-15 12:00:00,114,99,132,90,114
2023-01-15 12:15:00,122,139,110,111,70
2023-01-15 12:30:00,111,122,135,106,149
2023-01-15 12:45:00,67,115,78,125,98
2023-01-15 13:00:00,139,124,121,111,133
2023-01-15 13:15:00,132,116,121,126,102
2023-01-15 13:30:00,108,140,66,96,121
2023-01-15 13:45:00,81,83,101,85,110
2023-01-15 14:00:00,121,142,114,120,105
2023-01-15 14:15:00,114,119,119,95,93
2023-01-15 14:30:00,138,122,138,96,122
2023-01-15 14:45:00,114,101,85,110,137
2023-01-15 15:00:00,95,145,90,85,109
2023-01-15 15:15:00,150,108,79,83,74
2023-01-15 15:30:00,72,78,80,114,115
2023-01-15 15:45:00,136,149,121,137,96
2023-01-15 16:00:00,124,97,120,112,111
2023-01-15 16:15:00,116,88,122,109,124
2023-01-15 16:30:00,98,141,94,102,127
2023-01-15 16:45:00,113,121,120,135,116
2023-01-15 17:00:00,168,86,127,116,105
2023-01-15 17:15:00,124,108,136,128,80
2023-01-15 17:30:00,106,111,133,147,144
2023-01-15 17:45:00,105,111,124,110,139
2023-01-15 18:00:00,92,102,76,96,101
2023-01-15 18:15:00,79,106,110,124,108
2023-01-15 18:30:00,149,119,116,106,122
2023-01-15 18:45:00,116,108,110,119,116
2023-01-15 19:00:00,100,114,82,120,119
2023-01-15 19:15:00,95,125,129,103,81
2023-01-15 19:30:00,144,79,116,100,123
2023-01-15 19:45:00,127,116,135,108,117
2023-01-15 20:00:00,102,111,110,134,94
2023-01-15 20:15:00,107,106,127,128,98
2023-01-15 20:30:00,120,108,124,123,119
2023-01-15 20:45:00,101,142,116,132,142
2023-01-15 21:00:00,119,125,108,122,135
2023-01-15 21:15:00,114,79,120,120,107
2023-01-15 21:30:00,93,128,109,74,147
2023-01-15 21:45:00,112,133,114,102,138
2023-01-15 22:00:00,119,130,118,95,141
2023-01-15 22:15:00,107,125,113,110,111
2023-01-15 22:30:00,98,114,83,65,123
2023-01-15 22:45:00,110,105,131,108,102
2023-01-15 23:00:00,106,72,103,135,117
2023-01-15 23:15:00,138,117,110,130,107
2023-01-15 23:30:00,100,112,77,111,97
2023-01-15 23:45:00,98,133,118,131,127
2023-01-16 00:00:00,57,132,149,91,140
2023-01-16 00:15:00,122,95,77,118,121
2023-01-16 00:30:00,123,109,120,101,96
2023-01-16 00:45:00,126,101,108,123,145
2023-01-16 01:00:00,107,118,95,126,73
2023-01-16 01:15:00,127,119,105,88,89
2023-01-16 01:30:00,102,78,106,110,134
2023-01-16 01:45:00,123,106,156,118,126
2023-01-16 02:00:00,142,140,95,114,132
2023-01-16 02:15:00,99,128,114,125,122
2023-01-16 02:30:00,139,112,155,132,109
2023-01-16 02:45:00,139,125,124,114,115
2023-01-16 03:00:00,160,102,104,91,104
2023-01-16 03:15:00,121,96,120,121,95
2023-01-16 03:30:00,111,120,82,125,105
2023-01-16 03:45:00,117,135,114,126,118
2023-01-16 04:00:00,90,110,143,101,114
2023-01-16 04:15:00,124,138,133,148,83
2023-01-16 04:30:00,69,130,123,137,105
2023-01-16 04:45:00,120,135,103,127,110
2023-01-16 05:00:00,91,99,92,130,114
2023-01-16 05:15:00,100,117,71,105,110
2023-01-16 05:30:00,137,154,144,88,109
2023-01-16 05:45:00,80,106,70,105,110
2023-01-16 06:00:00,131,107,87,106,118
2023-01-16 06:15:00,137,109,98,110,133
2023-01-16 06:30:00,94,92,108,163,126
2023-01-16 06:45:00,128,126,132,146,116
2023-01-16 07:00:00,111,110,144,110,139
2023-01-16 07:15:00,123,90,128,121,107
2023-01-16 07:30:00,106,127,104,104,129
2023-01-16 07:45:00,88,94,109,111,103
2023-01-16 08:00:00,111,98,105,94,120
2023-01-16 08:15:00,109,106,136,106,88
2023-01-16 08:30:00,89,124,105,63,108
2023-01-16 08:45:00,114,101,128,144,152
2023-01-16 09:00:00,115,142,114,106,86
2023-01-16 09:15:00,98,106,104,112,145
2023-01-16 09:30:00,91,116,136,104,96
2023-01-16 09:45:00,84,112,134,98,143
2023-01-16 10:00:00,106,137,87,134,127
2023-01-16 10:15:00,89,96,72,112,87
2023-01-16 10:30:00,92,128,116,128,119
2023-01-16 10:45:00,106,104,160,142,82
2023-01-16 11:00:00,170,113,120,160,97
2023-01-16 11:15:00,122,115,95,126,78
2023-01-16 11:30:00,89,122,135,131,133
2023-01-16 11:45:00,119,88,122,100,88
2023-01-16 12:00:00,127,84,106,126,98
2023-01-16 12:15:00,116,140,152,133,155
2023-01-16 12:30:00,112,123,95,134,90
2023-01-16 12:45:00,121,136,102,62,111
2023-01-16 13:00:00,72,111,163,133,104
2023-01-16 13:15:00,91,107,145,129,105
2023-01-16 13:30:00,95,143,116,124,123
2023-01-16 13:45:00,76,103,118,124,135
2023-01-16 14:00:00,76,89,116,106,123
2023-01-16 14:15:00,119,89,121,138,90
2023-01-16 14:30:00,110,120,142,139,116
2023-01-16 14:45:00,103,88,113,145,75
2023-01-16 15:00:00,118,111,103,104,135
2023-01-16 15:15:00,145,135,124,110,116
2023-01-16 15:30:00,149,115,119,111,105
2023-01-16 15:45:00,100,150,153,108,79
2023-01-16 16:00:00,112,90,147,72,117
2023-01-16 16:15:00,113,112,115,124,108
2023-01-16 16:30:00,108,111,124,105,92
2023-01-16 16:45:00,116,111,82,146,115
2023-01-16 17:00:00,115,122,133,84,117
2023-01-16 17:15:00,150,112,88,110,83
2023-01-16 17:30:00,131,139,90,111,81
2023-01-16 17:45:00,122,103,76,103,78
2023-01-16 18:00:00,124,128,144,132,130
2023-01-16 18:15:00,105,109,99,105,109
2023-01-16 18:30:00,69,136,101,88,71
2023-01-16 18:45:00,84,111,95,103,106
2023-01-16 19:00:00,120,121,88,127,108
2023-01-16 19:15:00,111,115,80,111,128
2023-01-16 19:30:00,92,107,109,140,102
2023-01-16 19:45:00,101,134,43,105,99
2023-01-16 20:00:00,112,105,82,96,75
2023-01-16 20:15:00,117,118,126,110,123
2023-01-16 20:30:00,94,137,106,123,166
2023-01-16 20:45:00,128,107,103,114,108
2023-01-16 21:00:00,98,86,97,87,120
2023-01-16 21:15:00,177,127,99,94,107
2023-01-16 21:30:00,132,79,118,103,99
2023-01-16 21:45:00,105,73,135,113,113
2023-01-16 22:00:00,118,138,122,100,107
2023-01-16 22:15:00,99,80,103,139,89
2023-01-16 22:30:00,108,85,87,123,137
2023-01-16 22:45:00,118,136,147,104,107
2023-01-16 23:00:00,120,160,111,123,110
2023-01-16 23:15:00,107,93,124,100,143
2023-01-16 23:30:00,136,100,117,131,105
2023-01-16 23:45:00,132,128,118,121,124
2023-01-17 00:00:00,100,128,122,123,102
2023-01-17 00:15:00,95,99,66,115,108
2023-01-17 00:30:00,155,122,136,101,114
2023-01-17 00:45:00,113,119,116,114,111
2023-01-17 01:00:00,118,116,87,121,103
2023-01-17 01:15:00,94,146,133,89,101
2023-01-17 01:30:00,111,104,93,100,115
2023-01-17 01:45:00,122,98,91,127,138
2023-01-17 02:00:00,98,112,101,77,95
2023-01-17 02:15:00,142,128,105,118,84
2023-01-17 02:30:00,99,105,137,107,76
2023-01-17 02:45:00,113,142,134,107,156
2023-01-17 03:00:00,77,137,137,101,104
2023-01-17 03:15:00,98,98,109,152,125
2023-01-17 03:30:00,129,107,135,149,135
2023-01-17 03:45:00,144,72,132,92,101
2023-01-17 04:00:00,93,101,115,86,131
2023-01-17 04:15:00,120,110,99,116,147
2023-01-17 04:30:00,118,126,114,117,109
2023-01-17 04:45:00,95,108,113,116,130
2023-01-17 05:00:00,100,104,131,94,90
2023-01-17 05:15:00,128,103,144,116,95
2023-01-17 05:30:00,113,143,100,104,102
2023-01-17 05:45:00,102,94,147,129,116
2023-01-17 06:00:00,108,79,141,101,131
2023-01-17 06:15:00,99,126,141,101,105
2023-01-17 06:30:00,63,141,134,113,74
2023-01-17 06:45:00,155,112,119,160,108
2023-01-17 07:00:00,156,108,81,111,136
2023-01-17 07:15:00,128,80,118,154,103
2023-01-17 07:30:00,108,85,137,115,118
2023-01-17 07:45:00,106,101,125,106,96
2023-01-17 08:00:00,123,92,92,92,109
2023-01-17 08:15:00,114,125,122,93,114
2023-01-17 08:30:00,90,137,124,126,107
2023-01-17 08:45:00,147,129,120,76,90
2023-01-17 09:00:00,124,135,113,125,94
2023-01-17 09:15:00,158,130,147,87,105
2023-01-17 09:30:00,137,96,128,99,131
2023-01-17 09:45:00,95,90,114,123,109
2023-01-17 10:00:00,108,150,122,109,109
2023-01-17 10:15:00,136,140,90,133,136
2023-01-17 10:30:00,109,115,95,110,124
2023-01-17 10:45:00,127,122,144,114,90
2023-01-17 11:00:00,107,67,136,83,131
2023-01-17 11:15:00,81,120,98,119,94
2023-01-17 11:30:00,107,96,165,120,94
2023-01-17 11:45:00,116,144,97,127,132
2023-01-17 12:00:00,129,132,105,107,118
2023-01-17 12:15:00,89,132,100,110,102
2023-01-17 12:30:00,111,100,139,129,100
2023-01-17 12:45:00,104,65,120,145,64
2023-01-17 13:00:00,107,120,93,114,122
2023-01-17 13:15:00,95,101,107,117,107
2023-01-17 13:30:00,97,135,127,142,81
2023-01-17 13:45:00,125,133,117,128,130
2023-01-17 14:00:00,102,106,135,127,115
2023-01-17 14:15:00,110,138,119,135,104
2023-01-17 14:30:00,153,97,99,132,87
2023-01-17 14:45:00,145,142,94,105,103
2023-01-17 15:00:00,69,144,120,139,100
2023-01-17 15:15:00,130,128,107,92,153
2023-01-17 15:30:00,84,101,105,101,127
2023-01-17 15:45:00,79,134,111,131,131
2023-01-17 16:00:00,103,116,104,107,117
2023-01-17 16:15:00,112,135,132,125,117
2023-01-17 16:30:00,142,97,88,99,102
2023-01-17 16:45:00,113,88,103,56,120
2023-01-17 17:00:00,149,121,115,64,112
2023-01-17 17:15:00,84,114,98,142,105
2023-01-17 17:30:00,83,145,113,118,122
2023-01-17 17:45:00,167,102,158,119,88
2023-01-17 18:00:00,118,108,121,135,83
2023-01-17 18:15:00,105,132,85,116,85
2023-01-17 18:30:00,133,117,136,108,125
2023-01-17 18:45:00,118,146,109,133,113
2023-01-17 19:00:00,109,113,113,139,129
2023-01-17 19:15:00,100,72,101,96,98
2023-01-17 19:30:00,107,109,108,139,107
2023-01-17 19:45:00,128,117,111,137,126
2023-01-17 20:00:00,87,141,93,133,135
2023-01-17 20:15:00,98,121,121,128,95
2023-01-17 20:30:00,133,119,136,92,124
2023-01-17 20:45:00,149,93,66,110,107
2023-01-17 21:00:00,143,104,81,119,121
2023-01-17 21:15:00,106,98,103,101,125
2023-01-17 21:30:00,126,130,131,122,122
2023-01-17 21:45:00,120,109,80,117,121
2023-01-17 22:00:00,155,81,136,118,115
2023-01-17 22:15:00,134,122,134,98,110
2023-01-17 22:30:00,106,116,75,106,95
2023-01-17 22:45:00,110,104,145,106,107
2023-01-17 23:00:00,124,149,143,117,101
2023-01-17 23:15:00,89,117,121,137,120
2023-01-17 23:30:00,96,140,115,119,102
2023-01-17 23:45:00,176,128,103,90,93
2023-01-18 00:00:00,96,116,106,101,91
2023-01-18 00:15:00,96,126,107,102,92
2023-01-18 00:30:00,96,131,91,89,101
2023-01-18 00:45:00,112,96,98,86,135
2023-01-18 01:00:00,113,118,119,126,89
2023-01-18 01:15:00,94,140,148,123,113
2023-01-18 01:30:00,107,99,115,85,118
2023-01-18 01:45:00,99,110,142,95,137
2023-01-18 02:00:00,120,141,108,128,110
2023-01-18 02:15:00,70,133,94,112,129
2023-01-18 02:30:00,78,134,83,127,111
2023-01-18 02:45:00,89,146,91,102,138
2023-01-18 03:00:00,96,134,133,120,106
2023-01-18 03:15:00,123,96,124,138,101
2023-01-18 03:30:00,85,150,122,93,145
2023-01-18 03:45:00,121,117,125,100,97
2023-01-18 04:00:00,136,129,106,81,120
2023-01-18 04:15:00,105,144,110,129,160
2023-01-18 04:30:00,97,95,112,88,96
2023-01-18 04:45:00,117,81,115,137,69
2023-01-18 05:00:00,92,123,104,92,141
2023-01-18 05:15:00,143,132,91,107,97
2023-01-18 05:30:00,140,114,123,165,123
2023-01-18 05:45:00,123,127,106,110,108
2023-01-18 06:00:00,117,115,140,130,126
2023-01-18 06:15:00,118,102,134,84,104
2023-01-18 06:30:00,140,113,95,94,106
2023-01-18 06:45:00,111,94,114,78,136
2023-01-18 07:00:00,131,104,131,124,99
2023-01-18 07:15:00,129,100,109,105,130
2023-01-18 07:30:00,120,92,135,97,130
2023-01-18 07:45:00,119,111,135,110,116
2023-01-18 08:00:00,112,136,127,108,75
2023-01-18 08:15:00,115,134,107,54,113
2023-01-18 08:30:00,138,119,118,120,139
2023-01-18 08:45:00,108,125,137,80,119
2023-01-18 09:00:00,127,90,110,97,119
2023-01-18 09:15:00,83,100,116,114,102
2023-01-18 09:30:00,82,122,126,98,109
2023-01-18 09:45:00,103,115,153,114,122
2023-01-18 10:00:00,116,121,149,124,86
2023-01-18 10:15:00,83,124,150,105,98
2023-01-18 10:30:00,135,139,117,132,111
2023-01-18 10:45:00,120,107,101,123,114
2023-01-18 11:00:00,172,83,81,142,91
2023-01-18 11:15:00,84,111,114,68,118
2023-01-18 11:30:00,71,94,147,112,87
2023-01-18 11:45:00,126,122,126,109,140
2023-01-18 12:00:00,121,93,112,111,133
2023-01-18 12:15:00,102,88,80,100,105
2023-01-18 12:30:00,98,137,150,124,108
2023-01-18 12:45:00,128,108,118,175,134
2023-01-18 13:00:00,135,87,100,125,107
2023-01-18 13:15:00,76,72,109,114,100
2023-01-18 13:30:00,67,86,103,109,131
2023-01-18 13:45:00,102,91,120,119,146
2023-01-18 14:00:00,128,142,125,94,106
2023-01-18 14:15:00,112,121,117,107,105
2023-01-18 14:30:00,96,130,117,86,140
2023-01-18 14:45:00,104,142,101,109,110
2023-01-18 15:00:00,90,119,130,131,100
2023-01-18 15:15:00,123,116,95,119,155
2023-01-18 15:30:00,109,110,107,126,93
2023-01-18 15:45:00,97,111,114,60,87
2023-01-18 16:00:00,123,95,105,63,146
2023-01-18 16:15:00,120,115,116,95,131
2023-01-18 16:30:00,112,111,122,127,122
2023-01-18 16:45:00,135,138,122,100,80
2023-01-18 17:00:00,139,95,125,109,120
2023-01-18 17:15:00,124,133,114,129,145
2023-01-18 17:30:00,108,114,133,124,84
2023-01-18 17:45:00,115,91,103,93,128
2023-01-18 18:00:00,124,145,128,119,118
2023-01-18 18:15:00,142,118,136,67,122
2023-01-18 18:30:00,120,137,103,131,115
2023-01-18 18:45:00,119,91,113,125,130
2023-01-18 19:00:00,88,112,116,162,117
2023-01-18 19:15:00,137,108,151,107,128
2023-01-18 19:30:00,113,130,110,121,107
2023-01-18 19:45:00,162,100,107,103,76
2023-01-18 20:00:00,129,118,124,137,122
2023-01-18 20:15:00,87,108,78,117,103
2023-01-18 20:30:00,162,107,138,102,142
2023-01-18 20:45:00,130,79,90,139,82
2023-01-18 21:00:00,102,86,130,100,89
2023-01-18 21:15:00,161,105,109,55,133
2023-01-18 21:30:00,125,114,90,162,110
2023-01-18 21:45:00,124,153,145,139,93
2023-01-18 22:00:00,114,160,124,118,86
2023-01-18 22:15:00,106,110,119,116,104
2023-01-18 22:30:00,122,123,131,129,106
2023-01-18 22:45:00,130,136,123,101,94
2023-01-18 23:00:00,106,100,113,117,98
2023-01-18 23:15:00,101,98,83,72,133
2023-01-18 23:30:00,90,119,125,114,82
2023-01-18 23:45:00,114,118,79,126,120
2023-01-19 00:00:00,111,107,91,80,126
2023-01-19 00:15:00,127,130,129,127,125
2023-01-19 00:30:00,129,125,97,111,96
2023-01-19 00:45:00,120,77,129,96,143
2023-01-19 01:00:00,98,104,110,96,121
2023-01-19 01:15:00,121,72,120,103,99
2023-01-19 01:30:00,130,133,107,72,118
2023-01-19 01:45:00,97,140,129,119,123
2023-01-19 02:00:00,72,115,145,96,123
2023-01-19 02:15:00,136,149,115,128,112
2023-01-19 02:30:00,111,120,118,137,99
2023-01-19 02:45:00,100,118,101,93,130
2023-01-19 03:00:00,82,137,84,131,116
2023-01-19 03:15:00,70,96,99,89,105
2023-01-19 03:30:00,123,130,113,126,117
2023-01-19 03:45:00,147,120,131,116,135
2023-01-19 04:00:00,109,107,120,110,157
2023-01-19 04:15:00,107,98,120,152,100
2023-01-19 04:30:00,121,126,73,130,135
2023-01-19 04:45:00,121,85,127,89,145
2023-01-19 05:00:00,97,120,114,124,115
2023-01-19 05:15:00,126,97,126,76,113
2023-01-19 05:30:00,114,109,115,126,72
2023-01-19 05:45:00,115,107,139,85,80
2023-01-19 06:00:00,107,126,114,80,100
2023-01-19 06:15:00,125,103,122,89,121
2023-01-19 06:30:00,108,93,104,94,115
2023-01-19 06:45:00,120,112,115,126,105
2023-01-19 07:00:00,83,83,67,143,128
2023-01-19 07:15:00,104,120,84,110,90
2023-01-19 07:30:00,95,153,109,141,122
2023-01-19 07:45:00,113,122,100,97,125
2023-01-19 08:00:00,130,107,107,101,136
2023-01-19 08:15:00,125,114,150,126,98
2023-01-19 08:30:00,113,101,107,112,131
2023-01-19 08:45:00,89,147,105,119,113
2023-01-19 09:00:00,91,98,105,105,105
2023-01-19 09:15:00,101,109,132,97,134
2023-01-19 09:30:00,121,112,102,101,118
2023-01-19 09:45:00,116,133,132,113,117
2023-01-19 10:00:00,149,126,119,120,75
2023-01-19 10:15:00,98,111,120,114,108
2023-01-19 10:30:00,120,137,81,120,130
2023-01-19 10:45:00,166,133,125,120,115
2023-01-19 11:00:00,94,139,135,115,105
2023-01-19 11:15:00,153,144,147,114,156
2023-01-19 11:30:00,141,127,135,125,108
2023-01-19 11:45:00,104,100,133,126,108
2023-01-19 12:00:00,125,104,115,131,120
2023-01-19 12:15:00,114,125,151,78,133
2023-01-19 12:30:00,165,117,87,165,112
2023-01-19 12:45:00,103,109,114,101,148
2023-01-19 13:00:00,119,91,118,121,131
2023-01-19 13:15:00,129,102,158,112,132
2023-01-19 13:30:00,107,110,142,120,92
2023-01-19 13:45:00,125,118,131,121,107
2023-01-19 14:00:00,113,91,91,139,142
2023-01-19 14:15:00,104,88,122,134,128
2023-01-19 14:30:00,112,142,111,111,132
2023-01-19 14:45:00,95,130,102,125,141
2023-01-19 15:00:00,115,80,90,97,134
2023-01-19 15:15:00,125,152,130,114,109
2023-01-19 15:30:00,65,134,123,102,130
2023-01-19 15:45:00,90,127,123,121,128
2023-01-19 16:00:00,171,117,120,106,107
2023-01-19 16:15:00,98,151,136,119,107
2023-01-19 16:30:00,100,126,111,142,87
2023-01-19 16:45:00,108,131,82,131,92
2023-01-19 17:00:00,146,133,111,74,105
2023-01-19 17:15:00,107,126,143,145,117
2023-01-19 17:30:00,116,173,111,102,123
2023-01-19 17:45:00,90,124,133,94,119
2023-01-19 18:00:00,109,100,134,85,151
2023-01-19 18:15:00,119,118,150,145,172
2023-01-19 18:30:00,86,90,81,117,166
2023-01-19 18:45:00,109,157,111,97,128
2023-01-19 19:00:00,112,138,110,146,124
2023-01-19 19:15:00,128,116,116,104,118
2023-01-19 19:30:00,76,117,107,143,117
2023-01-19 19:45:00,115,118,109,132,110
2023-01-19 20:00:00,114,135,107,110,122
2023-01-19 20:15:00,111,107,129,113,121
2023-01-19 20:30:00,101,95,124,143,85
2023-01-19 20:45:00,145,125,136,120,100
2023-01-19 21:00:00,146,91,112,77,88
2023-01-19 21:15:00,129,130,126,134,119
2023-01-19 21:30:00,106,142,138,111,108
2023-01-19 21:45:00,124,86,137,110,101
2023-01-19 22:00:00,101,108,154,112,118
2023-01-19 22:15:00,90,84,94,105,129
2023-01-19 22:30:00,150,121,80,147,118
2023-01-19 22:45:00,128,149,94,89,96
2023-01-19 23:00:00,120,119,122,98,119
2023-01-19 23:15:00,108,118,119,128,136
2023-01-19 23:30:00,133,123,112,146,108
2023-01-19 23:45:00,117,134,132,135,107
2023-01-20 00:00:00,106,87,125,53,137
2023-01-20 00:15:00,108,106,129,83,124
2023-01-20 00:30:00,100,86,146,112,122
2023-01-20 00:45:00,95,103,124,88,133
2023-01-20 01:00:00,93,119,103,111,102
2023-01-20 01:15:00,80,121,130,135,118
2023-01-20 01:30:00,106,76,136,119,118
2023-01-20 01:45:00,130,129,138,128,115
2023-01-20 02:00:00,144,126,131,149,115
2023-01-20 02:15:00,93,120,136,137,117
2023-01-20 02:30:00,132,150,106,134,99
2023-01-20 02:45:00,80,118,129,136,140
2023-01-20 03:00:00,112,128,85,108,146
2023-01-20 03:15:00,103,115,121,136,167
2023-01-20 03:30:00,115,138,108,111,129
2023-01-20 03:45:00,124,153,110,105,89
2023-01-20 04:00:00,136,101,118,133,170
2023-01-20 04:15:00,121,83,138,143,97
2023-01-20 04:30:00,122,83,106,115,115
2023-01-20 04:45:00,91,107,115,119,78
2023-01-20 05:00:00,107,96,100,106,137
2023-01-20 05:15:00,114,90,129,97,104
2023-01-20 05:30:00,117,121,133,147,83
2023-01-20 05:45:00,129,141,90,104,112
2023-01-20 06:00:00,132,120,132,130,136
2023-01-20 06:15:00,102,109,118,119,136
2023-01-20 06:30:00,108,82,148,139,80
2023-01-20 06:45:00,124,126,125,121,83
2023-01-20 07:00:00,95,96,123,127,91
2023-01-20 07:15:00,103,126,117,117,156
2023-01-20 07:30:00,74,107,117,128,129
2023-01-20 07:45:00,130,129,163,137,114
2023-01-20 08:00:00,102,127,138,131,89
2023-01-20 08:15:00,153,112,110,132,117
2023-01-20 08:30:00,131,101,123,119,130
2023-01-20 08:45:00,133,137,97,87,131
2023-01-20 09:00:00,105,157,119,106,123
2023-01-20 09:15:00,148,132,92,128,133
2023-01-20 09:30:00,105,114,133,145,126
2023-01-20 09:45:00,128,100,138,107,80
2023-01-20 10:00:00,106,137,93,98,98
2023-01-20 10:15:00,98,112,129,100,91
2023-01-20 10:30:00,106,121,99,154,112
2023-01-20 10:45:00,97,115,110,134,94
2023-01-20 11:00:00,122,136,136,133,112
2023-01-20 11:15:00,102,122,61,121,123
2023-01-20 11:30:00,128,113,121,184,96
2023-01-20 11:45:00,117,86,123,160,107
2023-01-20 12:00:00,95,110,106,142,112
2023-01-20 12:15:00,80,129,117,140,134
2023-01-20 12:30:00,150,105,123,89,119
2023-01-20 12:45:00,103,111,135,137,78
2023-01-20 13:00:00,99,124,126,124,126
2023-01-20 13:15:00,111,134,129,110,110
2023-01-20 13:30:00,74,110,140,131,92
2023-01-20 13:45:00,139,106,153,84,100
2023-01-20 14:00:00,113,152,128,74,134
2023-01-20 14:15:00,144,136,143,155,118
2023-01-20 14:30:00,134,114,102,144,117
2023-01-20 14:45:00,106,175,145,113,123
2023-01-20 15:00:00,126,139,119,142,137
2023-01-20 15:15:00,118,142,124,107,91
2023-01-20 15:30:00,104,133,68,116,116
2023-01-20 15:45:00,120,128,99,131,137
2023-01-20 16:00:00,120,85,106,128,119
2023-01-20 16:15:00,151,150,80,82,127
2023-01-20 16:30:00,90,100,135,112,107
2023-01-20 16:45:00,118,98,143,145,95
2023-01-20 17:00:00,158,98,84,79,121
2023-01-20 17:15:00,92,96,86,107,129
2023-01-20 17:30:00,130,107,135,137,126
2023-01-20 17:45:00,127,149,101,85,126
2023-01-20 18:00:00,113,126,100,95,120
2023-01-20 18:15:00,84,120,101,84,113
2023-01-20 18:30:00,122,98,105,134,124
2023-01-20 18:45:00,108,119,129,151,109
2023-01-20 19:00:00,86,118,117,96,93
2023-01-20 19:15:00,134,133,104,105,105
2023-01-20 19:30:00,170,127,138,116,107
2023-01-20 19:45:00,118,98,93,136,118
2023-01-20 20:00:00,111,121,105,109,127
2023-01-20 20:15:00,121,140,147,118,105
2023-01-20 20:30:00,121,127,109,113,94
2023-01-20 20:45:00,115,120,95,113,127
2023-01-20 21:00:00,106,120,120,114,101
2023-01-20 21:15:00,102,115,92,113,96
2023-01-20 21:30:00,119,110,109,89,125
2023-01-20 21:45:00,96,109,77,89,104
2023-01-20 22:00:00,109,99,77,114,145
2023-01-20 22:15:00,110,105,112,126,127
2023-01-20 22:30:00,136,108,119,126,89
2023-01-20 22:45:00,107,133,125,124,131
2023-01-20 23:00:00,84,117,121,109,133
2023-01-20 23:15:00,130,63,106,128,102
2023-01-20 23:30:00,132,124,108,152,151
2023-01-20 23:45:00,133,121,88,142,129
2023-01-21 00:00:00,117,119,102,124,109
2023-01-21 00:15:00,106,86,122,127,106
2023-01-21 00:30:00,76,143,121,121,99
2023-01-21 00:45:00,154,139,98,139,140
2023-01-21 01:00:00,129,130,120,97,118
2023-01-21 01:15:00,121,142,138,144,101
2023-01-21 01:30:00,83,104,134,158,124
2023-01-21 01:45:00,136,135,126,102,132
2023-01-21 02:00:00,102,133,123,89,158
2023-01-21 02:15:00,129,112,58,117,131
2023-01-21 02:30:00,128,115,84,123,103
2023-01-21 02:45:00,97,152,129,114,84
2023-01-21 03:00:00,145,99,155,141,137
2023-01-21 03:15:00,102,117,136,108,122
2023-01-21 03:30:00,173,81,116,103,123
2023-01-21 03:45:00,78,125,115,149,113
2023-01-21 04:00:00,110,134,105,106,138
2023-01-21 04:15:00,72,114,115,111,107
2023-01-21 04:30:00,99,128,135,128,120
2023-01-21 04:45:00,116,81,74,119,130
2023-01-21 05:00:00,86,98,133,136,115
2023-01-21 05:15:00,123,123,106,75,134
2023-01-21 05:30:00,140,74,108,105,136
2023-01-21 05:45:00,133,98,119,65,138
2023-01-21 06:00:00,121,105,146,106,138
2023-01-21 06:15:00,95,138,134,117,145
2023-01-21 06:30:00,150,121,129,94,117
2023-01-21 06:45:00,158,134,150,120,122
2023-01-21 07:00:00,80,110,104,80,101
2023-01-21 07:15:00,118,102,74,127,99
2023-01-21 07:30:00,81,107,126,110,98
2023-01-21 07:45:00,139,134,61,106,100
2023-01-21 08:00:00,91,115,118,129,118
2023-01-21 08:15:00,126,170,123,83,121
2023-01-21 08:30:00,149,78,120,114,111
2023-01-21 08:45:00,105,124,118,125,85
2023-01-21 09:00:00,96,127,99,139,89
2023-01-21 09:15:00,82,129,120,118,144
2023-01-21 09:30:00,95,124,96,119,123
2023-01-21 09:45:00,125,128,156,134,170
2023-01-21 10:00:00,113,121,133,106,123
2023-01-21 10:15:00,127,119,109,102,113
2023-01-21 10:30:00,86,107,109,116,88
2023-01-21 10:45:00,114,90,118,109,99
2023-01-21 11:00:00,133,108,108,109,87
2023-01-21 11:15:00,100,92,132,127,134
2023-01-21 11:30:00,140,121,87,129,85
2023-01-21 11:45:00,106,86,129,107,77
2023-01-21 12:00:00,110,99,87,116,110
2023-01-21 12:15:00,149,116,107,88,128
2023-01-21 12:30:00,128,121,126,109,111
2023-01-21 12:45:00,120,105,132,144,91
2023-01-21 13:00:00,103,107,87,99,109
2023-01-21 13:15:00,121,114,90,109,122
2023-01-21 13:30:00,138,137,99,121,145
2023-01-21 13:45:00,107,142,92,76,99
2023-01-21 14:00:00,119,105,116,142,100
2023-01-21 14:15:00,118,92,175,107,117
2023-01-21 14:30:00,102,126,125,87,131
2023-01-21 14:45:00,126,98,107,150,114
2023-01-21 15:00:00,107,116,106,124,146
2023-01-21 15:15:00,130,131,111,138,105
2023-01-21 15:30:00,129,121,150,120,106
2023-01-21 15:45:00,99,104,140,94,99
2023-01-21 16:00:00,142,106,116,154,104
2023-01-21 16:15:00,131,131,130,130,92
2023-01-21 16:30:00,144,128,119,124,120
2023-01-21 16:45:00,130,101,122,109,158
2023-01-21 17:00:00,109,137,117,115,100
2023-01-21 17:15:00,98,141,153,97,133
2023-01-21 17:30:00,103,122,70,125,128
2023-01-21 17:45:00,118,135,113,132,84
2023-01-21 18:00:00,101,135,128,112,105
2023-01-21 18:15:00,111,104,109,124,108
2023-01-21 18:30:00,96,123,138,136,154
2023-01-21 18:45:00,113,131,102,118,103
2023-01-21 19:00:00,80,132,107,122,145
2023-01-21 19:15:00,121,124,102,121,120
2023-01-21 19:30:00,145,90,91,140,96
2023-01-21 19:45:00,131,142,111,124,129
2023-01-21 20:00:00,98,91,123,124,104
2023-01-21 20:15:00,124,129,117,121,127
2023-01-21 20:30:00,111,154,142,86,123
2023-01-21 20:45:00,88,146,89,131,111
2023-01-21 21:00:00,112,145,103,124,157
2023-01-21 21:15:00,147,147,104,137,112
2023-01-21 21:30:00,159,142,135,104,125
2023-01-21 21:45:00,92,147,134,100,95
2023-01-21 22:00:00,128,136,105,114,131
2023-01-21 22:15:00,145,145,142,111,104
2023-01-21 22:30:00,109,108,114,117,114
2023-01-21 22:45:00,99,126,108,103,132
2023-01-21 23:00:00,99,113,106,136,171
2023-01-21 23:15:00,109,105,107,117,140
2023-01-21 23:30:00,77,111,86,139,119
2023-01-21 23:45:00,102,104,117,131,99
2023-01-22 00:00:00,89,142,150,124,141
2023-01-22 00:15:00,138,105,82,111,134
2023-01-22 00:30:00,159,101,181,130,122
2023-01-22 00:45:00,118,124,84,119,108
2023-01-22 01:00:00,123,132,123,100,132
2023-01-22 01:15:00,144,110,127,86,121
2023-01-22 01:30:00,132,144,101,135,145
2023-01-22 01:45:00,135,101,114,146,133
2023-01-22 02:00:00,117,132,102,104,150
2023-01-22 02:15:00,117,154,90,114,113
2023-01-22 02:30:00,116,123,132,103,129
2023-01-22 02:45:00,100,104,141,115,159
2023-01-22 03:00:00,105,108,120,119,144
2023-01-22 03:15:00,127,144,103,106,108
2023-01-22 03:30:00,110,166,141,136,137
2023-01-22 03:45:00,114,103,113,130,121
2023-01-22 04:00:00,118,177,148,110,140
2023-01-22 04:15:00,121,72,91,91,127
2023-01-22 04:30:00,142,141,102,132,108
2023-01-22 04:45:00,110,104,122,151,129
2023-01-22 05:00:00,106,143,115,129,147
2023-01-22 05:15:00,151,104,141,126,126
2023-01-22 05:30:00,149,128,115,106,102
2023-01-22 05:45:00,132,110,123,122,91
2023-01-22 06:00:00,112,125,126,100,131
2023-01-22 06:15:00,134,98,89,91,158
2023-01-22 06:30:00,126,139,126,131,173
2023-01-22 06:45:00,110,135,95,114,119
2023-01-22 07:00:00,100,110,142,105,146
2023-01-22 07:15:00,111,150,128,121,98
2023-01-22 07:30:00,108,134,104,119,104
2023-01-22 07:45:00,99,167,122,90,121
2023-01-22 08:00:00,129,89,118,93,97
2023-01-22 08:15:00,107,99,119,128,111
2023-01-22 08:30:00,113,97,107,110,107
2023-01-22 08:45:00,96,133,92,99,59
2023-01-22 09:00:00,133,119,125,90,113
2023-01-22 09:15:00,115,155,101,146,129
2023-01-22 09:30:00,126,136,118,113,124
2023-01-22 09:45:00,118,128,117,112,153
2023-01-22 10:00:00,146,113,108,86,55
2023-01-22 10:15:00,132,140,131,122,134
2023-01-22 10:30:00,114,101,131,124,126
2023-01-22 10:45:00,120,186,127,112,122
2023-01-22 11:00:00,108,102,147,118,105
2023-01-22 11:15:00,116,126,115,141,85
2023-01-22 11:30:00,139,147,132,130,104
2023-01-22 11:45:00,85,147,114,122,121
2023-01-22 12:00:00,123,122,80,110,125
2023-01-22 12:15:00,127,101,152,127,139
2023-01-22 12:30:00,106,127,109,138,141
2023-01-22 12:45:00,119,93,137,68,122
2023-01-22 13:00:00,106,120,100,117,130
2023-01-22 13:15:00,99,98,126,112,121
2023-01-22 13:30:00,110,95,71,115,124
2023-01-22 13:45:00,102,90,115,100,127
2023-01-22 14:00:00,121,113,126,118,123
2023-01-22 14:15:00,75,106,131,132,81
2023-01-22 14:30:00,105,101,110,61,121
2023-01-22 14:45:00,154,145,108,134,140
2023-01-22 15:00:00,95,89,134,97,95
2023-01-22 15:15:00,123,143,152,131,103
2023-01-22 15:30:00,87,122,89,112,142
2023-01-22 15:45:00,106,105,125,87,127
2023-01-22 16:00:00,128,129,119,89,133
2023-01-22 16:15:00,158,120,141,125,102
2023-01-22 16:30:00,153,133,113,118,76
2023-01-22 16:45:00,145,117,172,136,120
2023-01-22 17:00:00,115,117,149,136,127
2023-01-22 17:15:00,104,124,116,101,100
2023-01-22 17:30:00,159,119,128,124,131
2023-01-22 17:45:00,137,116,95,111,92
2023-01-22 18:00:00,140,80,84,117,96
2023-01-22 18:15:00,134,134,111,127,115
2023-01-22 18:30:00,126,131,112,103,89
2023-01-22 18:45:00,113,107,147,104,128
2023-01-22 19:00:00,110,112,110,136,129
2023-01-22 19:15:00,98,90,120,173,107
2023-01-22 19:30:00,118,144,131,120,120
2023-01-22 19:45:00,125,110,141,88,149
2023-01-22 20:00:00,153,108,121,110,101
2023-01-22 20:15:00,123,77,131,114,128
2023-01-22 20:30:00,142,97,93,170,120
2023-01-22 20:45:00,101,93,125,136,133
2023-01-22 21:00:00,119,81,128,135,114
2023-01-22 21:15:00,136,125,129,129,137
2023-01-22 21:30:00,84,108,94,131,150
2023-01-22 21:45:00,154,115,121,114,99
2023-01-22 22:00:00,131,139,114,127,141
2023-01-22 22:15:00,108,132,112,110,129
2023-01-22 22:30:00,112,119,103,125,132
2023-01-22 22:45:00,139,105,110,106,125
2023-01-22 23:00:00,136,133,104,124,109
2023-01-22 23:15:00,85,115,100,125,99
2023-01-22 23:30:00,134,128,142,118,122
2023-01-22 23:45:00,116,113,55,134,99
2023-01-23 00:00:00,107,138,130,105,118
2023-01-23 00:15:00,95,150,117,134,129
2023-01-23 00:30:00,151,119,113,133,119
2023-01-23 00:45:00,117,97,149,140,144
2023-01-23 01:00:00,109,136,147,126,114
2023-01-23 01:15:00,119,74,122,100,93
2023-01-23 01:30:00,92,95,120,79,85
2023-01-23 01:45:00,129,113,101,105,136
2023-01-23 02:00:00,128,106,110,131,111
2023-01-23 02:15:00,145,79,132,135,141
2023-01-23 02:30:00,114,110,105,131,147
2023-01-23 02:45:00,94,144,116,128,121
2023-01-23 03:00:00,129,151,148,107,143
2023-01-23 03:15:00,113,130,135,146,111
2023-01-23 03:30:00,107,112,107,120,112
2023-01-23 03:45:00,175,138,89,65,117
2023-01-23 04:00:00,145,109,110,109,144
2023-01-23 04:15:00,94,122,111,109,115
2023-01-23 04:30:00,123,129,56,135,112
2023-01-23 04:45:00,79,129,139,108,114
2023-01-23 05:00:00,109,116,95,112,88
2023-01-23 05:15:00,122,93,124,109,109
2023-01-23 05:30:00,137,102,149,81,122
2023-01-23 05:45:00,103,108,87,114,128
2023-01-23 06:00:00,135,119,110,111,123
2023-01-23 06:15:00,115,100,64,129,131
2023-01-23 06:30:00,87,103,92,111,118
2023-01-23 06:45:00,120,145,102,143,100
2023-01-23 07:00:00,120,92,90,114,112
2023-01-23 07:15:00,118,110,95,138,97
2023-01-23 07:30:00,145,133,126,83,86
2023-01-23 07:45:00,125,132,95,113,128
2023-01-23 08:00:00,135,129,102,116,78
2023-01-23 08:15:00,150,120,111,108,121
2023-01-23 08:30:00,110,93,111,143,118
2023-01-23 08:45:00,97,94,127,103,110
2023-01-23 09:00:00,116,92,87,130,119
2023-01-23 09:15:00,131,122,152,99,152
2023-01-23 09:30:00,93,124,110,87,109
2023-01-23 09:45:00,144,100,117,142,113
2023-01-23 10:00:00,132,122,119,155,111
2023-01-23 10:15:00,154,115,123,116,146
2023-01-23 10:30:00,123,78,75,131,79
2023-01-23 10:45:00,148,93,164,104,172
2023-01-23 11:00:00,133,119,103,87,125
2023-01-23 11:15:00,102,103,131,108,94
2023-01-23 11:30:00,131,84,132,138,106
2023-01-23 11:45:00,146,111,97,121,152
2023-01-23 12:00:00,144,114,143,87,114
2023-01-23 12:15:00,126,139,123,127,152
2023-01-23 12:30:00,136,131,107,105,140
2023-01-23 12:45:00,94,94,154,128,122
2023-01-23 13:00:00,107,111,140,149,146
2023-01-23 13:15:00,118,117,175,111,135
2023-01-23 13:30:00,129,94,114,122,105
2023-01-23 13:45:00,106,91,133,94,125
2023-01-23 14:00:00,97,160,144,128,93
2023-01-23 14:15:00,116,125,135,147,128
2023-01-23 14:30:00,109,135,89,115,81
2023-01-23 14:45:00,93,98,123,136,135
2023-01-23 15:00:00,135,118,130,154,117
2023-01-23 15:15:00,159,105,140,115,133
2023-01-23 15:30:00,124,94,138,123,91
2023-01-23 15:45:00,95,132,123,104,129
2023-01-23 16:00:00,122,110,105,110,101
2023-01-23 16:15:00,120,93,107,138,92
2023-01-23 16:30:00,109,118,147,132,129
2023-01-23 16:45:00,147,100,120,137,134
2023-01-23 17:00:00,141,127,151,95,109
2023-01-23 17:15:00,113,94,169,143,122
2023-01-23 17:30:00,136,91,92,109,149
2023-01-23 17:45:00,137,99,128,106,145
2023-01-23 18:00:00,153,107,136,150,102
2023-01-23 18:15:00,157,101,80,132,153
2023-01-23 18:30:00,134,108,131,158,122
2023-01-23 18:45:00,142,156,119,120,150
2023-01-23 19:00:00,107,109,86,101,98
2023-01-23 19:15:00,134,149,122,104,103
2023-01-23 19:30:00,151,115,131,107,111
2023-01-23 19:45:00,119,145,113,108,110
2023-01-23 20:00:00,133,130,94,104,104
2023-01-23 20:15:00,143,146,93,73,117
2023-01-23 20:30:00,118,152,139,108,104
2023-01-23 20:45:00,94,129,116,123,122
2023-01-23 21:00:00,119,116,112,148,113
2023-01-23 21:15:00,145,115,135,125,124
2023-01-23 21:30:00,80,150,102,107,123
2023-01-23 21:45:00,120,76,125,102,141
2023-01-23 22:00:00,116,109,145,171,150
2023-01-23 22:15:00,139,96,122,81,148
2023-01-23 22:30:00,86,121,131,113,148
2023-01-23 22:45:00,98,109,107,145,119
2023-01-23 23:00:00,108,106,139,154,140
2023-01-23 23:15:00,104,99,140,104,125
2023-01-23 23:30:00,127,119,111,127,123
2023-01-23 23:45:00,107,103,135,122,146
2023-01-24 00:00:00,172,91,114,125,132
2023-01-24 00:15:00,142,138,113,150,108
2023-01-24 00:30:00,143,83,80,101,110
2023-01-24 00:45:00,136,127,115,84,108
2023-01-24 01:00:00,122,135,116,127,108
2023-01-24 01:15:00,115,130,114,125,106
2023-01-24 01:30:00,117,123,116,138,65
2023-01-24 01:45:00,143,107,137,117,97
2023-01-24 02:00:00,128,104,125,115,121
2023-01-24 02:15:00,112,137,114,150,121
2023-01-24 02:30:00,133,123,122,125,115
2023-01-24 02:45:00,69,141,154,113,127
2023-01-24 03:00:00,121,158,104,127,134
2023-01-24 03:15:00,100,131,123,99,120
2023-01-24 03:30:00,110,110,92,79,136
2023-01-24 03:45:00,149,146,89,141,118
2023-01-24 04:00:00,135,95,130,112,132
2023-01-24 04:15:00,99,107,126,126,102
2023-01-24 04:30:00,134,127,111,111,132
2023-01-24 04:45:00,127,127,110,86,143
2023-01-24 05:00:00,122,102,144,113,91
2023-01-24 05:15:00,113,110,98,120,109
2023-01-24 05:30:00,103,113,93,119,93
2023-01-24 05:45:00,115,112,139,132,140
2023-01-24 06:00:00,95,154,109,103,94
2023-01-24 06:15:00,148,145,88,136,95
2023-01-24 06:30:00,133,129,86,123,70
2023-01-24 06:45:00,82,128,126,83,92
2023-01-24 07:00:00,123,94,135,135,111
2023-01-24 07:15:00,108,97,120,115,101
2023-01-24 07:30:00,106,90,128,120,116
2023-01-24 07:45:00,112,164,99,110,98
2023-01-24 08:00:00,167,115,107,112,98
2023-01-24 08:15:00,141,140,158,154,127
2023-01-24 08:30:00,85,123,127,131,136
2023-01-24 08:45:00,100,97,142,131,100
2023-01-24 09:00:00,138,99,145,89,144
2023-01-24 09:15:00,108,105,146,124,114
2023-01-24 09:30:00,111,120,97,113,116
2023-01-24 09:45:00,75,94,128,96,125
2023-01-24 10:00:00,128,119,121,114,126
2023-01-24 10:15:00,119,107,139,130,131
2023-01-24 10:30:00,137,125,117,125,108
2023-01-24 10:45:00,104,141,107,115,115
2023-01-24 11:00:00,111,127,95,103,125
2023-01-24 11:15:00,105,123,104,129,68
2023-01-24 11:30:00,90,88,131,126,96
2023-01-24 11:45:00,102,114,116,129,119
2023-01-24 12:00:00,126,115,143,122,115
2023-01-24 12:15:00,97,100,130,148,113
2023-01-24 12:30:00,91,109,146,116,138
2023-01-24 12:45:00,120,139,105,157,154
2023-01-24 13:00:00,167,103,119,150,145
2023-01-24 13:15:00,131,112,148,117,133
2023-01-24 13:30:00,126,153,122,143,108
2023-01-24 13:45:00,128,149,129,115,121
2023-01-24 14:00:00,161,102,131,118,115
2023-01-24 14:15:00,107,124,112,120,93
2023-01-24 14:30:00,117,138,137,107,111
2023-01-24 14:45:00,86,136,98,112,139
2023-01-24 15:00:00,87,136,119,126,115
2023-01-24 15:15:00,101,138,116,136,145
2023-01-24 15:30:00,103,132,140,150,158
2023-01-24 15:45:00,109,109,89,118,106
2023-01-24 16:00:00,111,135,94,143,79
2023-01-24 16:15:00,134,127,141,65,107
2023-01-24 16:30:00,121,99,144,116,128
2023-01-24 16:45:00,127,82,115,109,103
2023-01-24 17:00:00,138,93,107,130,103
2023-01-24 17:15:00,78,92,142,121,146
2023-01-24 17:30:00,113,127,120,105,108
2023-01-24 17:45:00,135,153,100,125,133
2023-01-24 18:00:00,117,103,116,108,93
2023-01-24 18:15:00,141,108,137,148,102
2023-01-24 18:30:00,140,116,122,140,84
2023-01-24 18:45:00,103,163,124,165,134
2023-01-24 19:00:00,135,136,129,104,126
2023-01-24 19:15:00,132,140,95,118,136
2023-01-24 19:30:00,121,121,126,130,135
2023-01-24 19:45:00,112,115,138,91,142
2023-01-24 20:00:00,129,95,75,118,137
2023-01-24 20:15:00,109,130,92,147,122
2023-01-24 20:30:00,92,118,130,93,129
2023-01-24 20:45:00,91,125,129,148,120
2023-01-24 21:00:00,124,150,111,100,104
2023-01-24 21:15:00,101,119,102,150,135
2023-01-24 21:30:00,140,116,138,95,144
2023-01-24 21:45:00,131,101,101,92,86
2023-01-24 22:00:00,135,138,137,162,131
2023-01-24 22:15:00,87,144,122,117,123
2023-01-24 22:30:00,140,144,144,112,140
2023-01-24 22:45:00,115,121,120,126,140
2023-01-24 23:00:00,150,129,100,133,107
2023-01-24 23:15:00,133,120,114,113,138
2023-01-24 23:30:00,95,142,111,118,134
2023-01-24 23:45:00,78,111,151,98,96
2023-01-25 00:00:00,134,119,120,117,156
2023-01-25 00:15:00,109,113,109,144,152
2023-01-25 00:30:00,92,119,92,135,126
2023-01-25 00:45:00,44,135,96,98,76
2023-01-25 01:00:00,126,103,98,115,137
2023-01-25 01:15:00,133,108,112,130,125
2023-01-25 01:30:00,113,126,117,105,132
2023-01-25 01:45:00,150,105,109,77,115
2023-01-25 02:00:00,134,143,110,114,101
2023-01-25 02:15:00,106,136,124,153,123
2023-01-25 02:30:00,100,115,107,132,106
2023-01-25 02:45:00,114,154,104,134,121
2023-01-25 03:00:00,115,123,129,138,115
2023-01-25 03:15:00,118,99,154,114,120
2023-01-25 03:30:00,134,127,115,113,129
2023-01-25 03:45:00,124,113,110,112,111
2023-01-25 04:00:00,161,117,117,84,103
2023-01-25 04:15:00,106,108,147,121,105
2023-01-25 04:30:00,82,137,109,101,148
2023-01-25 04:45:00,114,108,106,118,138
2023-01-25 05:00:00,75,193,114,97,97
2023-01-25 05:15:00,122,121,104,105,143
2023-01-25 05:30:00,117,167,96,101,79
2023-01-25 05:45:00,149,83,111,153,111
2023-01-25 06:00:00,125,117,97,110,128
2023-01-25 06:15:00,99,147,138,135,96
2023-01-25 06:30:00,117,87,111,137,93
2023-01-25 06:45:00,104,146,113,106,125
2023-01-25 07:00:00,80,86,121,141,143
2023-01-25 07:15:00,128,117,91,142,102
2023-01-25 07:30:00,142,119,130,157,173
2023-01-25 07:45:00,116,84,111,132,119
2023-01-25 08:00:00,132,124,121,117,97
2023-01-25 08:15:00,171,134,154,107,122
2023-01-25 08:30:00,85,84,157,116,93
2023-01-25 08:45:00,68,124,102,147,108
2023-01-25 09:00:00,127,94,122,115,118
2023-01-25 09:15:00,151,151,104,121,119
2023-01-25 09:30:00,107,116,70,114,110
2023-01-25 09:45:00,113,131,163,116,148
2023-01-25 10:00:00,133,105,157,111,136
2023-01-25 10:15:00,101,95,57,101,124
2023-01-25 10:30:00,125,89,153,104,84
2023-01-25 10:45:00,137,107,100,162,113
2023-01-25 11:00:00,150,114,118,120,119
2023-01-25 11:15:00,99,111,90,133,93
2023-01-25 11:30:00,125,117,149,113,98
2023-01-25 11:45:00,120,91,162,111,127
2023-01-25 12:00:00,105,106,164,122,140
2023-01-25 12:15:00,157,132,121,105,127
2023-01-25 12:30:00,132,141,113,103,125
2023-01-25 12:45:00,111,129,154,111,91
2023-01-25 13:00:00,84,103,136,115,115
2023-01-25 13:15:00,125,91,92,125,130
2023-01-25 13:30:00,118,124,132,124,99
2023-01-25 13:45:00,118,64,107,116,133
2023-01-25 14:00:00,114,148,133,118,122
2023-01-25 14:15:00,147,139,135,110,112
2023-01-25 14:30:00,125,126,108,116,119
2023-01-25 14:45:00,108,146,135,118,97
2023-01-25 15:00:00,141,73,135,129,98
2023-01-25 15:15:00,130,113,98,107,145
2023-01-25 15:30:00,95,124,118,93,153
2023-01-25 15:45:00,125,179,116,85,161
2023-01-25 16:00:00,119,106,122,129,162
2023-01-25 16:15:00,116,92,145,106,133
2023-01-25 16:30:00,113,67,122,117,80
2023-01-25 16:45:00,112,134,136,96,100
2023-01-25 17:00:00,145,108,136,146,138
2023-01-25 17:15:00,109,110,139,126,91
2023-01-25 17:30:00,146,139,145,131,125
2023-01-25 17:45:00,96,113,116,107,137
2023-01-25 18:00:00,133,114,122,66,91
2023-01-25 18:15:00,123,135,82,105,148
2023-01-25 18:30:00,117,136,114,98,141
2023-01-25 18:45:00,100,148,124,112,157
2023-01-25 19:00:00,116,147,106,133,154
2023-01-25 19:15:00,97,154,135,142,107
2023-01-25 19:30:00,104,127,135,123,99
2023-01-25 19:45:00,151,126,95,113,121
2023-01-25 20:00:00,150,121,96,115,142
2023-01-25 20:15:00,138,115,105,152,102
2023-01-25 20:30:00,127,106,111,100,131
2023-01-25 20:45:00,150,138,135,114,121
2023-01-25 21:00:00,112,114,91,126,100
2023-01-25 21:15:00,124,119,133,105,132
2023-01-25 21:30:00,110,96,89,133,115
2023-01-25 21:45:00,117,127,134,90,127
2023-01-25 22:00:00,126,95,115,132,137
2023-01-25 22:15:00,122,107,135,130,131
2023-01-25 22:30:00,96,115,117,106,105
2023-01-25 22:45:00,119,118,117,136,123
2023-01-25 23:00:00,117,103,157,136,79
2023-01-25 23:15:00,117,138,130,109,106
2023-01-25 23:30:00,106,138,105,124,143
2023-01-25 23:45:00,166,98,119,133,127
2023-01-26 00:00:00,119,89,138,140,161
2023-01-26 00:15:00,113,123,118,86,166
2023-01-26 00:30:00,160,105,82,123,104
2023-01-26 00:45:00,89,167,118,134,131
2023-01-26 01:00:00,112,114,136,92,121
2023-01-26 01:15:00,118,135,126,111,114
2023-01-26 01:30:00,116,151,90,139,88
2023-01-26 01:45:00,127,108,146,121,104
2023-01-26 02:00:00,119,110,102,100,103
2023-01-26 02:15:00,140,142,155,132,148
2023-01-26 02:30:00,86,107,107,121,89
2023-01-26 02:45:00,138,144,101,121,138
2023-01-26 03:00:00,132,144,100,127,109
2023-01-26 03:15:00,118,134,119,150,107
2023-01-26 03:30:00,118,148,150,118,122
2023-01-26 03:45:00,155,130,117,132,95
2023-01-26 04:00:00,121,120,110,85,148
2023-01-26 04:15:00,120,112,107,97,96
2023-01-26 04:30:00,146,132,130,141,108
2023-01-26 04:45:00,98,132,118,126,91
2023-01-26 05:00:00,127,124,98,112,129
2023-01-26 05:15:00,101,99,90,139,119
2023-01-26 05:30:00,99,130,99,130,88
2023-01-26 05:45:00,115,102,139,114,95
2023-01-26 06:00:00,137,108,123,107,117
2023-01-26 06:15:00,149,94,119,151,179
2023-01-26 06:30:00,122,108,110,89,120
2023-01-26 06:45:00,137,166,109,140,95
2023-01-26 07:00:00,143,162,114,125,107
2023-01-26 07:15:00,125,138,111,140,122
2023-01-26 07:30:00,111,132,115,136,110
2023-01-26 07:45:00,120,137,106,105,152
2023-01-26 08:00:00,120,154,102,135,120
2023-01-26 08:15:00,144,147,144,100,126
2023-01-26 08:30:00,92,103,119,113,133
2023-01-26 08:45:00,111,104,116,93,142
2023-01-26 09:00:00,128,121,110,82,133
2023-01-26 09:15:00,125,110,147,135,86
2023-01-26 09:30:00,103,136,111,111,141
2023-01-26 09:45:00,120,82,126,88,122
2023-01-26 10:00:00,101,134,88,134,128
2023-01-26 10:15:00,99,145,117,111,132
2023-01-26 10:30:00,88,105,98,112,116
2023-01-26 10:45:00,94,123,133,94,99
2023-01-26 11:00:00,102,111,128,116,146
2023-01-26 11:15:00,105,110,110,119,95
2023-01-26 11:30:00,134,88,135,100,134
2023-01-26 11:45:00,123,132,152,133,120
2023-01-26 12:00:00,118,126,113,115,119
2023-01-26 12:15:00,100,149,143,147,135
2023-01-26 12:30:00,121,71,109,107,127
2023-01-26 12:45:00,134,124,104,135,89
2023-01-26 13:00:00,114,159,101,135,113
2023-01-26 13:15:00,128,119,120,109,140
2023-01-26 13:30:00,121,125,138,134,139
2023-01-26 13:45:00,120,132,74,115,103
2023-01-26 14:00:00,105,122,115,120,98
2023-01-26 14:15:00,115,140,105,89,113
2023-01-26 14:30:00,156,92,141,141,130
2023-01-26 14:45:00,131,104,95,113,73
2023-01-26 15:00:00,151,119,104,125,119
2023-01-26 15:15:00,126,179,123,105,142
2023-01-26 15:30:00,63,144,164,88,149
2023-01-26 15:45:00,129,81,90,134,132
2023-01-26 16:00:00,123,107,148,167,89
2023-01-26 16:15:00,99,150,115,138,105
2023-01-26 16:30:00,123,90,140,123,105
2023-01-26 16:45:00,105,101,116,139,77
2023-01-26 17:00:00,129,135,115,75,100
2023-01-26 17:15:00,121,75,107,110,82
2023-01-26 17:30:00,106,143,94,140,143
2023-01-26 17:45:00,121,121,111,110,108
2023-01-26 18:00:00,130,120,107,144,102
2023-01-26 18:15:00,107,91,137,128,94
2023-01-26 18:30:00,154,148,133,121,116
2023-01-26 18:45:00,141,114,123,108,124
2023-01-26 19:00:00,124,96,103,157,105
2023-01-26 19:15:00,153,115,97,106,114
2023-01-26 19:30:00,120,134,137,116,95
2023-01-26 19:45:00,121,92,146,147,148
2023-01-26 20:00:00,114,74,155,124,140
2023-01-26 20:15:00,167,148,88,96,62
2023-01-26 20:30:00,124,137,116,131,150
2023-01-26 20:45:00,91,124,123,120,119
2023-01-26 21:00:00,122,154,104,90,115
2023-01-26 21:15:00,124,130,110,155,119
2023-01-26 21:30:00,131,125,150,139,119
2023-01-26 21:45:00,108,100,151,80,92
2023-01-26 22:00:00,139,120,152,114,141
2023-01-26 22:15:00,124,122,127,95,121
2023-01-26 22:30:00,89,143,94,119,128
2023-01-26 22:45:00,115,125,135,130,97
2023-01-26 23:00:00,99,102,88,121,131
2023-01-26 23:15:00,101,118,129,102,91
2023-01-26 23:30:00,145,146,122,93,119
2023-01-26 23:45:00,89,122,137,120,133
2023-01-27 00:00:00,156,156,139,120,128
2023-01-27 00:15:00,119,107,149,124,86
2023-01-27 00:30:00,119,140,97,101,117
2023-01-27 00:45:00,128,134,110,127,128
2023-01-27 01:00:00,120,148,116,145,146
2023-01-27 01:15:00,100,122,124,133,112
2023-01-27 01:30:00,110,146,108,114,142
2023-01-27 01:45:00,140,125,137,84,158
2023-01-27 02:00:00,91,137,135,131,126
2023-01-27 02:15:00,132,101,135,132,117
2023-01-27 02:30:00,157,124,143,124,112
2023-01-27 02:45:00,89,154,109,70,100
2023-01-27 03:00:00,109,113,145,87,151
2023-01-27 03:15:00,110,150,121,127,109
2023-01-27 03:30:00,107,128,105,131,123
2023-01-27 03:45:00,121,128,135,131,130
2023-01-27 04:00:00,109,129,132,111,110
2023-01-27 04:15:00,102,104,115,90,145
2023-01-27 04:30:00,112,119,119,145,129
2023-01-27 04:45:00,152,142,121,91,123
2023-01-27 05:00:00,102,84,157,71,118
2023-01-27 05:15:00,128,106,136,103,102
2023-01-27 05:30:00,136,141,80,100,135
2023-01-27 05:45:00,70,131,86,135,121
2023-01-27 06:00:00,85,131,133,115,132
2023-01-27 06:15:00,121,128,117,118,143
2023-01-27 06:30:00,111,160,123,123,125
2023-01-27 06:45:00,91,108,106,143,120
2023-01-27 07:00:00,149,134,126,154,80
2023-01-27 07:15:00,104,91,127,104,144
2023-01-27 07:30:00,118,113,125,96,127
2023-01-27 07:45:00,105,181,150,119,127
2023-01-27 08:00:00,115,159,121,132,115
2023-01-27 08:15:00,103,137,132,79,107
2023-01-27 08:30:00,106,137,137,133,121
2023-01-27 08:45:00,136,114,117,94,148
2023-01-27 09:00:00,153,130,130,130,112
2023-01-27 09:15:00,124,105,112,123,147
2023-01-27 09:30:00,111,118,121,142,100
2023-01-27 09:45:00,115,117,139,104,134
2023-01-27 10:00:00,119,153,88,122,126
2023-01-27 10:15:00,162,132,140,155,115
2023-01-27 10:30:00,113,89,140,130,129
2023-01-27 10:45:00,117,92,132,89,133
2023-01-27 11:00:00,136,114,125,118,154
2023-01-27 11:15:00,121,125,78,55,99
2023-01-27 11:30:00,129,142,125,125,108
2023-01-27 11:45:00,133,109,157,110,129
2023-01-27 12:00:00,104,114,125,190,133
2023-01-27 12:15:00,110,116,87,136,117
2023-01-27 12:30:00,100,89,147,121,120
2023-01-27 12:45:00,96,94,128,118,110
2023-01-27 13:00:00,138,128,130,132,129
2023-01-27 13:15:00,135,101,154,126,121
2023-01-27 13:30:00,126,150,136,111,140
2023-01-27 13:45:00,121,96,137,123,134
2023-01-27 14:00:00,150,138,107,97,121
2023-01-27 14:15:00,105,108,142,142,113
2023-01-27 14:30:00,128,121,143,132,127
2023-01-27 14:45:00,84,108,134,133,170
2023-01-27 15:00:00,126,63,146,124,112
2023-01-27 15:15:00,171,124,71,137,112
2023-01-27 15:30:00,138,144,113,133,179
2023-01-27 15:45:00,148,132,156,162,131
2023-01-27 16:00:00,108,131,133,145,125
2023-01-27 16:15:00,115,155,102,104,126
2023-01-27 16:30:00,130,141,135,149,120
2023-01-27 16:45:00,90,120,128,159,114
2023-01-27 17:00:00,132,162,141,104,138
2023-01-27 17:15:00,106,115,80,129,124
2023-01-27 17:30:00,172,107,127,125,100
2023-01-27 17:45:00,165,127,143,117,94
2023-01-27 18:00:00,137,94,120,93,137
2023-01-27 18:15:00,117,105,124,144,114
2023-01-27 18:30:00,146,125,128,116,117
2023-01-27 18:45:00,130,131,114,82,139
2023-01-27 19:00:00,148,89,101,118,145
2023-01-27 19:15:00,135,139,121,116,129
2023-01-27 19:30:00,80,115,137,141,90
2023-01-27 19:45:00,120,110,117,144,163
2023-01-27 20:00:00,148,135,112,120,108
2023-01-27 20:15:00,108,117,118,112,132
2023-01-27 20:30:00,152,136,90,108,116
2023-01-27 20:45:00,122,148,121,131,117
2023-01-27 21:00:00,119,113,97,134,85
2023-01-27 21:15:00,135,77,156,139,156
2023-01-27 21:30:00,116,134,112,98,136
2023-01-27 21:45:00,157,114,119,155,129
2023-01-27 22:00:00,75,150,115,110,90
2023-01-27 22:15:00,96,112,144,147,131
2023-01-27 22:30:00,127,158,161,121,156
2023-01-27 22:45:00,123,129,110,136,145
2023-01-27 23:00:00,161,73,106,105,104
2023-01-27 23:15:00,118,130,133,104,119
2023-01-27 23:30:00,114,142,148,110,133
2023-01-27 23:45:00,145,112,133,84,140
2023-01-28 00:00:00,135,140,145,150,96
2023-01-28 00:15:00,159,139,120,121,135
2023-01-28 00:30:00,126,100,123,145,138
2023-01-28 00:45:00,125,112,128,125,102
2023-01-28 01:00:00,80,111,136,106,124
2023-01-28 01:15:00,97,125,118,118,130
2023-01-28 01:30:00,154,164,80,145,133
2023-01-28 01:45:00,110,154,147,126,93
2023-01-28 02:00:00,138,126,122,138,140
2023-01-28 02:15:00,119,115,127,97,130
2023-01-28 02:30:00,129,106,138,130,126
2023-01-28 02:45:00,132,115,131,135,162
2023-01-28 03:00:00,181,113,140,123,99
2023-01-28 03:15:00,140,79,171,106,103
2023-01-28 03:30:00,106,90,121,125,105
2023-01-28 03:45:00,84,139,163,143,76
2023-01-28 04:00:00,116,128,152,132,132
2023-01-28 04:15:00,141,171,116,155,137
2023-01-28 04:30:00,98,147,127,92,116
2023-01-28 04:45:00,81,119,106,107,140
2023-01-28 05:00:00,114,142,113,135,151
2023-01-28 05:15:00,120,135,108,95,128
2023-01-28 05:30:00,92,119,102,119,119
2023-01-28 05:45:00,137,123,135,115,117
2023-01-28 06:00:00,118,112,149,131,103
2023-01-28 06:15:00,156,129,123,159,126
2023-01-28 06:30:00,153,100,145,96,113
2023-01-28 06:45:00,137,92,124,153,130
2023-01-28 07:00:00,109,83,115,121,113
2023-01-28 07:15:00,149,123,100,130,106
2023-01-28 07:30:00,137,120,110,157,107
2023-01-28 07:45:00,92,136,122,124,113
2023-01-28 08:00:00,119,163,117,116,115
2023-01-28 08:15:00,113,111,110,157,128
2023-01-28 08:30:00,128,108,100,112,107
2023-01-28 08:45:00,106,156,157,73,135
2023-01-28 09:00:00,141,128,120,116,138
2023-01-28 09:15:00,110,106,154,105,124
2023-01-28 09:30:00,118,115,122,103,104
2023-01-28 09:45:00,131,155,139,131,89
2023-01-28 10:00:00,115,94,138,134,116
2023-01-28 10:15:00,126,126,146,106,109
2023-01-28 10:30:00,121,131,87,114,148
2023-01-28 10:45:00,123,100,105,114,126
2023-01-28 11:00:00,109,134,128,132,99
2023-01-28 11:15:00,130,172,120,150,115
2023-01-28 11:30:00,134,150,131,135,118
2023-01-28 11:45:00,158,55,80,135,81
2023-01-28 12:00:00,101,140,108,99,136
2023-01-28 12:15:00,121,132,117,164,140
2023-01-28 12:30:00,124,128,130,123,115
2023-01-28 12:45:00,116,119,122,135,153
2023-01-28 13:00:00,134,121,164,167,88
2023-01-28 13:15:00,129,124,92,42,111
2023-01-28 13:30:00,137,160,88,124,119
2023-01-28 13:45:00,121,94,146,120,89
2023-01-28 14:00:00,128,153,91,126,132
2023-01-28 14:15:00,124,167,120,148,132
2023-01-28 14:30:00,107,110,137,115,121
2023-01-28 14:45:00,144,141,110,89,125
2023-01-28 15:00:00,103,115,118,95,120
2023-01-28 15:15:00,81,122,98,136,95
2023-01-28 15:30:00,103,124,118,134,122
2023-01-28 15:45:00,134,111,130,131,114
2023-01-28 16:00:00,121,138,121,149,132
2023-01-28 16:15:00,152,116,127,156,114
2023-01-28 16:30:00,114,114,121,115,120
2023-01-28 16:45:00,101,117,140,137,133
2023-01-28 17:00:00,123,132,94,118,138
2023-01-28 17:15:00,121,118,142,164,106
2023-01-28 17:30:00,153,142,118,126,98
2023-01-28 17:45:00,124,139,112,136,121
2023-01-28 18:00:00,113,125,120,98,133
2023-01-28 18:15:00,96,132,124,130,128
2023-01-28 18:30:00,91,123,140,125,95
2023-01-28 18:45:00,164,155,121,115,136
2023-01-28 19:00:00,136,159,156,84,97
2023-01-28 19:15:00,137,148,131,97,116
2023-01-28 19:30:00,109,129,122,115,151
2023-01-28 19:45:00,136,128,143,128,87
2023-01-28 20:00:00,160,135,121,119,156
2023-01-28 20:15:00,119,105,138,135,133
2023-01-28 20:30:00,97,134,162,152,101
2023-01-28 20:45:00,123,113,110,153,121
2023-01-28 21:00:00,117,120,113,121,107
2023-01-28 21:15:00,127,141,137,151,125
2023-01-28 21:30:00,102,115,105,113,107
2023-01-28 21:45:00,116,120,116,109,125
2023-01-28 22:00:00,108,160,113,100,119
2023-01-28 22:15:00,122,152,86,104,115
2023-01-28 22:30:00,149,142,148,120,108
2023-01-28 22:45:00,125,137,135,128,141
2023-01-28 23:00:00,146,138,112,98,102
2023-01-28 23:15:00,139,147,154,136,101
2023-01-28 23:30:00,119,184,111,127,99
2023-01-28 23:45:00,105,124,100,109,116
2023-01-29 00:00:00,90,103,124,132,126
2023-01-29 00:15:00,119,139,127,103,146
2023-01-29 00:30:00,67,116,99,137,150
2023-01-29 00:45:00,132,109,114,109,146
2023-01-29 01:00:00,96,136,120,117,144
2023-01-29 01:15:00,129,98,118,111,118
2023-01-29 01:30:00,137,154,120,128,126
2023-01-29 01:45:00,149,88,162,87,128
2023-01-29 02:00:00,146,165,108,130,155
2023-01-29 02:15:00,106,127,95,100,112
2023-01-29 02:30:00,132,129,177,128,78
2023-01-29 02:45:00,144,116,138,131,148
2023-01-29 03:00:00,141,134,123,123,92
2023-01-29 03:15:00,105,149,112,105,164
2023-01-29 03:30:00,125,87,131,146,121
2023-01-29 03:45:00,173,111,107,101,112
2023-01-29 04:00:00,124,121,109,110,97
2023-01-29 04:15:00,147,148,111,80,94
2023-01-29 04:30:00,140,118,180,110,122
2023-01-29 04:45:00,146,120,103,103,129
2023-01-29 05:00:00,116,138,132,125,108
2023-01-29 05:15:00,67,124,127,141,117
2023-01-29 05:30:00,112,126,136,116,128
2023-01-29 05:45:00,141,151,141,121,94
2023-01-29 06:00:00,139,106,82,110,140
2023-01-29 06:15:00,105,164,138,110,114
2023-01-29 06:30:00,141,137,107,125,108
2023-01-29 06:45:00,134,114,139,131,106
2023-01-29 07:00:00,144,109,122,145,133
2023-01-29 07:15:00,114,111,111,109,137
2023-01-29 07:30:00,88,106,119,97,88
2023-01-29 07:45:00,91,106,134,102,79
2023-01-29 08:00:00,136,128,121,144,163
2023-01-29 08:15:00,112,118,93,123,158
2023-01-29 08:30:00,141,173,123,136,135
2023-01-29 08:45:00,134,116,144,153,138
2023-01-29 09:00:00,118,133,137,96,111
2023-01-29 09:15:00,129,133,97,135,109
2023-01-29 09:30:00,106,139,124,150,128
2023-01-29 09:45:00,123,107,126,111,126
2023-01-29 10:00:00,133,157,110,79,142
2023-01-29 10:15:00,131,118,111,140,112
2023-01-29 10:30:00,139,117,126,132,111
2023-01-29 10:45:00,164,133,102,136,118
2023-01-29 11:00:00,81,134,132,160,96
2023-01-29 11:15:00,98,132,159,127,162
2023-01-29 11:30:00,144,104,142,116,140
2023-01-29 11:45:00,105,102,133,140,107
2023-01-29 12:00:00,110,98,111,142,132
2023-01-29 12:15:00,136,143,165,111,122
2023-01-29 12:30:00,148,106,142,124,137
2023-01-29 12:45:00,123,113,120,151,111
2023-01-29 13:00:00,93,118,115,108,118
2023-01-29 13:15:00,115,152,131,123,125
2023-01-29 13:30:00,163,163,146,178,151
2023-01-29 13:45:00,134,109,158,114,123
2023-01-29 14:00:00,91,107,109,132,105
2023-01-29 14:15:00,101,127,134,143,132
2023-01-29 14:30:00,128,88,113,100,137
2023-01-29 14:45:00,150,149,116,161,117
2023-01-29 15:00:00,97,105,160,101,141
2023-01-29 15:15:00,142,80,160,137,142
2023-01-29 15:30:00,157,146,140,119,125
2023-01-29 15:45:00,114,147,141,92,103
2023-01-29 16:00:00,103,94,146,103,120
2023-01-29 16:15:00,127,89,110,112,106
2023-01-29 16:30:00,138,115,144,145,112
2023-01-29 16:45:00,115,124,130,126,120
2023-01-29 17:00:00,128,134,78,101,125
2023-01-29 17:15:00,132,125,145,131,77
2023-01-29 17:30:00,153,140,104,112,110
2023-01-29 17:45:00,109,118,87,109,114
2023-01-29 18:00:00,174,139,130,113,162
2023-01-29 18:15:00,109,110,109,140,105
2023-01-29 18:30:00,109,125,120,129,125
2023-01-29 18:45:00,125,127,135,156,92
2023-01-29 19:00:00,117,90,139,134,77
2023-01-29 19:15:00,144,113,113,137,121
2023-01-29 19:30:00,129,137,126,117,115
2023-01-29 19:45:00,124,118,142,125,151
2023-01-29 20:00:00,134,142,96,99,138
2023-01-29 20:15:00,137,102,141,136,153
2023-01-29 20:30:00,130,135,127,129,131
2023-01-29 20:45:00,174,143,146,115,105
2023-01-29 21:00:00,134,149,73,106,141
2023-01-29 21:15:00,110,122,118,137,129
2023-01-29 21:30:00,143,165,111,126,161
2023-01-29 21:45:00,138,146,135,115,109
2023-01-29 22:00:00,111,105,104,123,151
2023-01-29 22:15:00,161,134,113,91,132
2023-01-29 22:30:00,111,130,130,118,135
2023-01-29 22:45:00,118,84,123,103,91
2023-01-29 23:00:00,154,110,119,113,115
2023-01-29 23:15:00,129,123,147,118,112
2023-01-29 23:30:00,114,110,130,120,110
2023-01-29 23:45:00,122,97,129,148,111
2023-01-30 00:00:00,138,149,122,120,132
2023-01-30 00:15:00,150,126,139,132,127
2023-01-30 00:30:00,99,91,115,144,125
2023-01-30 00:45:00,124,124,134,142,97
2023-01-30 01:00:00,122,132,119,116,107
2023-01-30 01:15:00,143,119,105,109,109
2023-01-30 01:30:00,118,125,106,157,68
2023-01-30 01:45:00,110,128,88,164,107
2023-01-30 02:00:00,111,160,130,109,112
2023-01-30 02:15:00,126,141,110,136,132
2023-01-30 02:30:00,112,111,146,127,116
2023-01-30 02:45:00,93,130,145,115,116
2023-01-30 03:00:00,131,135,120,126,154
2023-01-30 03:15:00,116,150,124,140,138
2023-01-30 03:30:00,155,106,113,130,121
2023-01-30 03:45:00,112,113,117,117,91
2023-01-30 04:00:00,115,117,77,145,121
2023-01-30 04:15:00,109,117,117,113,150
2023-01-30 04:30:00,130,126,116,149,118
2023-01-30 04:45:00,118,128,177,127,134
2023-01-30 05:00:00,129,131,120,161,144
2023-01-30 05:15:00,104,104,158,103,122
2023-01-30 05:30:00,91,121,151,107,115
2023-01-30 05:45:00,128,111,134,157,128
2023-01-30 06:00:00,146,109,132,146,134
2023-01-30 06:15:00,134,139,127,110,144
2023-01-30 06:30:00,127,133,88,134,89
2023-01-30 06:45:00,116,90,147,96,93
2023-01-30 07:00:00,88,110,127,144,118
2023-01-30 07:15:00,114,113,148,143,145
2023-01-30 07:30:00,109,135,135,130,133
2023-01-30 07:45:00,111,134,152,136,128
2023-01-30 08:00:00,97,124,128,154,150
2023-01-30 08:15:00,171,95,119,125,127
2023-01-30 08:30:00,144,100,115,133,125
2023-01-30 08:45:00,157,153,106,118,111
2023-01-30 09:00:00,130,93,107,116,103
2023-01-30 09:15:00,141,148,134,117,96
2023-01-30 09:30:00,94,127,111,119,99
2023-01-30 09:45:00,119,123,137,167,151
2023-01-30 10:00:00,123,131,130,138,155
2023-01-30 10:15:00,123,142,147,103,118
2023-01-30 10:30:00,115,146,114,97,130
2023-01-30 10:45:00,103,136,92,121,128
2023-01-30 11:00:00,125,96,141,149,109
2023-01-30 11:15:00,129,121,145,170,107
2023-01-30 11:30:00,122,74,135,96,133
2023-01-30 11:45:00,113,132,138,129,96
2023-01-30 12:00:00,142,149,116,122,156
2023-01-30 12:15:00,122,128,149,104,128
2023-01-30 12:30:00,90,134,135,120,152
2023-01-30 12:45:00,107,138,112,140,101
2023-01-30 13:00:00,135,97,82,114,94
2023-01-30 13:15:00,116,120,151,106,133
2023-01-30 13:30:00,131,102,122,124,114
2023-01-30 13:45:00,140,113,125,145,171
2023-01-30 14:00:00,94,130,91,122,128
2023-01-30 14:15:00,115,153,147,115,116
2023-01-30 14:30:00,116,135,142,130,124
2023-01-30 14:45:00,122,153,136,109,129
2023-01-30 15:00:00,120,110,124,116,146
2023-01-30 15:15:00,141,137,150,159,120
2023-01-30 15:30:00,116,112,157,81,178
2023-01-30 15:45:00,73,146,130,156,98
2023-01-30 16:00:00,118,127,105,123,120
2023-01-30 16:15:00,93,122,126,139,120
2023-01-30 16:30:00,132,124,133,135,129
2023-01-30 16:45:00,111,98,115,137,120
2023-01-30 17:00:00,102,141,145,69,145
2023-01-30 17:15:00,116,124,70,158,117
2023-01-30 17:30:00,109,133,117,117,119
2023-01-30 17:45:00,89,126,94,137,107
2023-01-30 18:00:00,139,115,118,107,107
2023-01-30 18:15:00,135,125,117,87,130
2023-01-30 18:30:00,147,109,101,99,105
2023-01-30 18:45:00,164,139,87,132,96
2023-01-30 19:00:00,159,111,115,142,126
2023-01-30 19:15:00,127,148,108,125,108
2023-01-30 19:30:00,112,122,102,132,146
2023-01-30 19:45:00,115,108,138,136,120
2023-01-30 20:00:00,108,96,127,132,134
2023-01-30 20:15:00,126,97,139,133,136
2023-01-30 20:30:00,132,115,127,120,113
2023-01-30 20:45:00,100,142,113,131,100
2023-01-30 21:00:00,145,117,134,101,132
2023-01-30 21:15:00,142,103,139,119,164
2023-01-30 21:30:00,125,134,122,108,146
2023-01-30 21:45:00,119,158,112,98,112
2023-01-30 22:00:00,125,122,103,160,142
2023-01-30 22:15:00,180,126,121,141,149
2023-01-30 22:30:00,146,144,124,138,124
2023-01-30 22:45:00,141,118,142,126,115
2023-01-30 23:00:00,121,128,94,147,146
2023-01-30 23:15:00,129,114,96,121,156
2023-01-30 23:30:00,107,114,128,127,128
2023-01-30 23:45:00,116,145,144,92,146
2023-01-31 00:00:00,119,116,107,152,165
2023-01-31 00:15:00,138,108,149,117,137
2023-01-31 00:30:00,113,135,113,132,112
2023-01-31 00:45:00,123,129,120,114,93
2023-01-31 01:00:00,95,135,133,151,162
2023-01-31 01:15:00,125,136,156,156,125
2023-01-31 01:30:00,113,127,125,123,131
2023-01-31 01:45:00,98,90,121,161,110
2023-01-31 02:00:00,111,114,137,126,168
2023-01-31 02:15:00,126,138,133,133,132
2023-01-31 02:30:00,95,119,151,137,137
2023-01-31 02:45:00,161,138,143,165,134
2023-01-31 03:00:00,131,150,133,128,91
2023-01-31 03:15:00,129,116,104,94,134
2023-01-31 03:30:00,120,144,105,147,160
2023-01-31 03:45:00,134,106,135,143,172
2023-01-31 04:00:00,118,118,123,139,119
2023-01-31 04:15:00,145,111,141,143,96
2023-01-31 04:30:00,145,97,151,120,101
2023-01-31 04:45:00,106,104,93,180,153
2023-01-31 05:00:00,160,144,134,124,128
2023-01-31 05:15:00,103,114,95,136,151
2023-01-31 05:30:00,153,107,124,123,131
2023-01-31 05:45:00,115,133,114,125,102
2023-01-31 06:00:00,125,130,137,142,116
2023-01-31 06:15:00,150,101,123,143,100
2023-01-31 06:30:00,131,112,63,145,106
2023-01-31 06:45:00,111,140,123,119,136
2023-01-31 07:00:00,98,121,119,120,115
2023-01-31 07:15:00,133,137,84,110,119
2023-01-31 07:30:00,109,180,137,151,131
2023-01-31 07:45:00,120,98,110,121,135
2023-01-31 08:00:00,158,136,131,115,117
2023-01-31 08:15:00,115,124,120,127,105
2023-01-31 08:30:00,126,119,150,118,160
2023-01-31 08:45:00,109,89,119,136,110
2023-01-31 09:00:00,87,119,133,131,99
2023-01-31 09:15:00,139,132,120,115,135
2023-01-31 09:30:00,126,120,123,102,159
2023-01-31 09:45:00,115,150,124,139,140
2023-01-31 10:00:00,88,136,146,83,105
2023-01-31 10:15:00,138,156,108,131,120
2023-01-31 10:30:00,119,77,118,136,119
2023-01-31 10:45:00,122,110,130,111,113
2023-01-31 11:00:00,118,144,131,117,156
2023-01-31 11:15:00,117,131,135,128,101
2023-01-31 11:30:00,86,120,102,132,100
2023-01-31 11:45:00,105,107,77,157,100
2023-01-31 12:00:00,120,91,139,108,99
2023-01-31 12:15:00,143,105,114,121,137
2023-01-31 12:30:00,102,133,99,149,152
2023-01-31 12:45:00,135,114,108,110,139
2023-01-31 13:00:00,130,142,121,70,132
2023-01-31 13:15:00,101,154,179,163,145
2023-01-31 13:30:00,113,147,142,92,113
2023-01-31 13:45:00,119,153,137,118,122
2023-01-31 14:00:00,97,145,113,104,110
2023-01-31 14:15:00,114,87,126,144,162
2023-01-31 14:30:00,138,128,135,123,122
2023-01-31 14:45:00,131,118,135,105,119
2023-01-31 15:00:00,135,93,131,133,146
2023-01-31 15:15:00,122,115,92,83,103
2023-01-31 15:30:00,161,116,123,172,138
2023-01-31 15:45:00,123,154,146,138,126
2023-01-31 16:00:00,134,93,127,160,94
2023-01-31 16:15:00,110,121,107,106,117
2023-01-31 16:30:00,120,164,113,125,115
2023-01-31 16:45:00,133,129,127,128,156
2023-01-31 17:00:00,150,104,162,119,91
2023-01-31 17:15:00,146,135,99,91,137
2023-01-31 17:30:00,122,106,74,156,96
2023-01-31 17:45:00,124,127,95,152,146
2023-01-31 18:00:00,129,143,141,109,133
2023-01-31 18:15:00,111,70,135,98,123
2023-01-31 18:30:00,101,104,110,149,101
2023-01-31 18:45:00,126,135,98,118,168
2023-01-31 19:00:00,118,96,126,111,105
2023-01-31 19:15:00,112,142,111,124,158
2023-01-31 19:30:00,137,131,154,129,95
2023-01-31 19:45:00,129,132,123,94,118
2023-01-31 20:00:00,104,117,140,66,104
2023-01-31 20:15:00,110,112,115,110,97
2023-01-31 20:30:00,142,157,107,118,154
2023-01-31 20:45:00,118,105,158,108,139
2023-01-31 21:00:00,128,122,120,144,124
2023-01-31 21:15:00,164,128,165,119,130
2023-01-31 21:30:00,125,121,104,114,113
2023-01-31 21:45:00,108,122,132,97,132
2023-01-31 22:00:00,137,155,144,125,137
2023-01-31 22:15:00,119,133,114,104,109
2023-01-31 22:30:00,165,151,121,152,122
2023-01-31 22:45:00,139,89,103,130,121
2023-01-31 23:00:00,113,129,116,136,117
2023-01-31 23:15:00,110,120,130,151,130
2023-01-31 23:30:00,111,139,99,109,111
2023-01-31 23:45:00,117,127,138,95,106
2023-02-01 00:00:00,117,112,120,186,119
2023-02-01 00:15:00,159,133,125,147,124
2023-02-01 00:30:00,137,82,161,100,148
2023-02-01 00:45:00,122,128,119,108,142
2023-02-01 01:00:00,117,89,154,126,150
2023-02-01 01:15:00,117,119,142,110,116
2023-02-01 01:30:00,128,114,139,153,130
2023-02-01 01:45:00,126,151,83,114,114
2023-02-01 02:00:00,141,139,100,130,121
2023-02-01 02:15:00,123,138,146,130,150
2023-02-01 02:30:00,70,118,159,128,133
2023-02-01 02:45:00,118,136,116,125,129
2023-02-01 03:00:00,118,112,125,133,180
2023-02-01 03:15:00,116,152,149,171,103
2023-02-01 03:30:00,164,121,124,127,141
2023-02-01 03:45:00,101,145,131,158,139
2023-02-01 04:00:00,119,131,89,111,97
2023-02-01 04:15:00,104,110,138,144,106
2023-02-01 04:30:00,88,150,90,132,124
2023-02-01 04:45:00,90,118,158,110,118
2023-02-01 05:00:00,125,100,122,106,132
2023-02-01 05:15:00,152,106,123,125,146
2023-02-01 05:30:00,110,122,83,98,133
2023-02-01 05:45:00,118,101,106,132,155
2023-02-01 06:00:00,92,109,119,106,120
2023-02-01 06:15:00,95,152,106,123,114
2023-02-01 06:30:00,151,127,155,112,97
2023-02-01 06:45:00,117,115,144,107,102
2023-02-01 07:00:00,118,155,135,93,132
2023-02-01 07:15:00,137,163,141,135,165
2023-02-01 07:30:00,123,151,119,119,96
2023-02-01 07:45:00,99,141,125,126,143
2023-02-01 08:00:00,125,98,151,99,152
2023-02-01 08:15:00,127,119,97,170,118
2023-02-01 08:30:00,119,107,146,148,148
2023-02-01 08:45:00,124,121,101,148,159
2023-02-01 09:00:00,131,111,167,139,132
2023-02-01 09:15:00,115,113,101,120,130
2023-02-01 09:30:00,116,106,139,128,98
2023-02-01 09:45:00,147,134,139,120,85
2023-02-01 10:00:00,107,152,159,136,130
2023-02-01 10:15:00,97,106,120,157,100
2023-02-01 10:30:00,101,98,154,128,139
2023-02-01 10:45:00,205,152,108,166,129
2023-02-01 11:00:00,112,147,109,149,150
2023-02-01 11:15:00,152,139,115,101,141
2023-02-01 11:30:00,101,109,172,121,130
2023-02-01 11:45:00,149,123,136,150,139
2023-02-01 12:00:00,131,103,109,119,152
2023-02-01 12:15:00,103,122,159,133,141
2023-02-01 12:30:00,146,120,152,112,120
2023-02-01 12:45:00,119,119,143,97,116
2023-02-01 13:00:00,123,140,166,125,114
2023-02-01 13:15:00,137,108,130,140,148
2023-02-01 13:30:00,124,135,109,104,126
2023-02-01 13:45:00,124,124,165,116,164
2023-02-01 14:00:00,99,107,132,102,119
2023-02-01 14:15:00,125,115,106,145,122
2023-02-01 14:30:00,120,108,153,120,84
2023-02-01 14:45:00,116,133,131,154,153
2023-02-01 15:00:00,129,118,89,139,106
2023-02-01 15:15:00,128,94,124,156,153
2023-02-01 15:30:00,138,126,107,114,112
2023-02-01 15:45:00,128,126,128,93,137
2023-02-01 16:00:00,91,94,123,130,140
2023-02-01 16:15:00,123,150,131,137,136
2023-02-01 16:30:00,142,108,116,126,121
2023-02-01 16:45:00,108,121,115,166,148
2023-02-01 17:00:00,144,128,171,106,112
2023-02-01 17:15:00,150,141,88,117,156
2023-02-01 17:30:00,150,129,135,128,117
2023-02-01 17:45:00,128,93,128,151,134
2023-02-01 18:00:00,145,139,139,75,152
2023-02-01 18:15:00,122,127,118,136,121
2023-02-01 18:30:00,124,116,126,122,114
2023-02-01 18:45:00,120,103,133,119,118
2023-02-01 19:00:00,139,140,132,131,139
2023-02-01 19:15:00,144,97,129,113,115
2023-02-01 19:30:00,122,166,119,122,148
2023-02-01 19:45:00,110,124,111,120,114
2023-02-01 20:00:00,112,159,95,160,114
2023-02-01 20:15:00,107,131,146,118,103
2023-02-01 20:30:00,125,138,160,84,127
2023-02-01 20:45:00,148,126,155,136,139
2023-02-01 21:00:00,132,94,113,144,141
2023-02-01 21:15:00,141,157,136,160,128
2023-02-01 21:30:00,143,134,140,130,147
2023-02-01 21:45:00,141,116,106,129,111
2023-02-01 22:00:00,122,109,104,114,135
2023-02-01 22:15:00,148,126,145,66,130
2023-02-01 22:30:00,104,143,129,92,137
2023-02-01 22:45:00,132,125,124,129,127
2023-02-01 23:00:00,145,146,148,99,129
2023-02-01 23:15:00,130,150,122,125,184
2023-02-01 23:30:00,167,129,114,111,107
2023-02-01 23:45:00,144,126,119,95,125
2023-02-02 00:00:00,111,118,145,110,128
2023-02-02 00:15:00,120,126,130,127,119
2023-02-02 00:30:00,118,151,118,176,103
2023-02-02 00:45:00,128,140,100,122,99
2023-02-02 01:00:00,141,156,111,136,131
2023-02-02 01:15:00,139,139,164,111,111
2023-02-02 01:30:00,133,123,126,167,93
2023-02-02 01:45:00,122,131,161,122,137
2023-02-02 02:00:00,122,144,103,101,155
2023-02-02 02:15:00,142,156,161,108,143
2023-02-02 02:30:00,128,70,136,152,159
2023-02-02 02:45:00,149,120,117,120,98
2023-02-02 03:00:00,97,119,113,162,130
2023-02-02 03:15:00,131,127,137,131,149
2023-02-02 03:30:00,126,130,115,110,122
2023-02-02 03:45:00,94,124,112,127,82
2023-02-02 04:00:00,124,138,132,144,128
2023-02-02 04:15:00,122,119,131,144,100
2023-02-02 04:30:00,137,87,98,116,158
2023-02-02 04:45:00,121,100,144,161,143
2023-02-02 05:00:00,166,111,96,152,145
2023-02-02 05:15:00,141,112,148,145,156
2023-02-02 05:30:00,93,59,105,125,167
2023-02-02 05:45:00,135,118,87,155,150
2023-02-02 06:00:00,125,99,115,90,164
2023-02-02 06:15:00,148,97,107,124,122
2023-02-02 06:30:00,97,141,112,156,124
2023-02-02 06:45:00,100,135,124,130,118
2023-02-02 07:00:00,165,120,111,138,123
2023-02-02 07:15:00,116,123,107,122,111
2023-02-02 07:30:00,151,106,116,152,155
2023-02-02 07:45:00,121,95,116,124,130
2023-02-02 08:00:00,140,152,160,103,98
2023-02-02 08:15:00,101,133,139,135,117
2023-02-02 08:30:00,144,94,119,67,112
2023-02-02 08:45:00,107,101,164,133,119
2023-02-02 09:00:00,129,149,118,118,112
2023-02-02 09:15:00,124,111,143,143,109
2023-02-02 09:30:00,148,128,122,134,107
2023-02-02 09:45:00,111,141,106,163,103
2023-02-02 10:00:00,116,120,98,98,111
2023-02-02 10:15:00,120,111,108,131,147
2023-02-02 10:30:00,131,140,86,132,139
2023-02-02 10:45:00,129,127,137,139,135
2023-02-02 11:00:00,144,118,117,104,123
2023-02-02 11:15:00,117,146,106,145,129
2023-02-02 11:30:00,134,131,109,158,131
2023-02-02 11:45:00,144,132,142,145,100
2023-02-02 12:00:00,147,172,108,115,123
2023-02-02 12:15:00,104,105,122,107,111
2023-02-02 12:30:00,121,124,142,102,142
2023-02-02 12:45:00,121,113,124,145,122
2023-02-02 13:00:00,95,115,108,137,104
2023-02-02 13:15:00,151,105,102,128,139
2023-02-02 13:30:00,103,157,96,162,157
2023-02-02 13:45:00,154,147,122,155,129
2023-02-02 14:00:00,114,118,149,152,149
2023-02-02 14:15:00,137,129,109,125,103
2023-02-02 14:30:00,164,119,148,98,120
2023-02-02 14:45:00,122,140,122,121,138
2023-02-02 15:00:00,142,136,105,136,127
2023-02-02 15:15:00,120,130,129,118,144
2023-02-02 15:30:00,168,118,105,125,118
2023-02-02 15:45:00,167,135,135,114,120
2023-02-02 16:00:00,119,120,125,140,124
2023-02-02 16:15:00,128,104,150,111,93
2023-02-02 16:30:00,127,125,126,125,125
2023-02-02 16:45:00,129,117,128,160,100
2023-02-02 17:00:00,148,139,133,130,119
2023-02-02 17:15:00,127,153,101,143,145
2023-02-02 17:30:00,124,115,93,104,121
2023-02-02 17:45:00,125,144,103,142,161
2023-02-02 18:00:00,103,169,117,130,137
2023-02-02 18:15:00,119,111,143,87,102
2023-02-02 18:30:00,114,149,123,120,111
2023-02-02 18:45:00,162,97,87,166,129
2023-02-02 19:00:00,133,155,131,97,152
2023-02-02 19:15:00,154,130,174,85,121
2023-02-02 19:30:00,99,129,105,152,117
2023-02-02 19:45:00,144,104,122,136,116
2023-02-02 20:00:00,148,148,142,124,149
2023-02-02 20:15:00,117,166,95,129,142
2023-02-02 20:30:00,135,108,114,114,96
2023-02-02 20:45:00,111,137,117,91,140
2023-02-02 21:00:00,147,125,118,136,119
2023-02-02 21:15:00,115,129,108,143,144
2023-02-02 21:30:00,123,148,104,92,152
2023-02-02 21:45:00,114,138,133,140,133
2023-02-02 22:00:00,145,168,95,131,123
2023-02-02 22:15:00,108,153,117,109,140
2023-02-02 22:30:00,99,145,170,97,113
2023-02-02 22:45:00,89,132,110,144,111
2023-02-02 23:00:00,93,139,129,135,128
2023-02-02 23:15:00,120,133,114,129,113
2023-02-02 23:30:00,133,158,133,105,116
2023-02-02 23:45:00,121,148,161,98,138
2023-02-03 00:00:00,110,118,121,132,144
2023-02-03 00:15:00,120,102,116,132,128
2023-02-03 00:30:00,124,129,115,120,80
2023-02-03 00:45:00,143,111,104,158,96
2023-02-03 01:00:00,139,131,130,106,144
2023-02-03 01:15:00,137,128,117,105,137
2023-02-03 01:30:00,133,123,146,115,148
2023-02-03 01:45:00,114,141,152,120,96
2023-02-03 02:00:00,125,118,115,153,114
2023-02-03 02:15:00,124,143,133,154,133
2023-02-03 02:30:00,103,149,130,119,124
2023-02-03 02:45:00,99,133,148,122,138
2023-02-03 03:00:00,124,121,122,122,159
2023-02-03 03:15:00,127,94,138,168,154
2023-02-03 03:30:00,126,97,141,170,123
2023-02-03 03:45:00,170,140,122,116,75
2023-02-03 04:00:00,108,123,145,113,106
2023-02-03 04:15:00,110,118,101,96,113
2023-02-03 04:30:00,122,135,121,168,83
2023-02-03 04:45:00,110,147,154,150,157
2023-02-03 05:00:00,128,150,119,113,108
2023-02-03 05:15:00,171,112,121,145,96
2023-02-03 05:30:00,152,139,103,117,114
2023-02-03 05:45:00,142,141,108,127,145
2023-02-03 06:00:00,97,124,149,182,120
2023-02-03 06:15:00,140,113,91,120,124
2023-02-03 06:30:00,132,80,109,114,126
2023-02-03 06:45:00,125,118,103,150,130
2023-02-03 07:00:00,130,114,139,151,140
2023-02-03 07:15:00,117,117,116,149,98
2023-02-03 07:30:00,125,129,156,112,111
2023-02-03 07:45:00,118,132,116,158,163
2023-02-03 08:00:00,106,114,110,134,153
2023-02-03 08:15:00,147,115,155,139,135
2023-02-03 08:30:00,104,144,124,111,134
2023-02-03 08:45:00,120,134,136,138,121
2023-02-03 09:00:00,130,146,129,134,106
2023-02-03 09:15:00,164,139,94,104,142
2023-02-03 09:30:00,136,171,151,122,109
2023-02-03 09:45:00,150,138,143,119,147
2023-02-03 10:00:00,105,149,155,88,100
2023-02-03 10:15:00,154,124,101,130,118
2023-02-03 10:30:00,154,128,134,168,153
2023-02-03 10:45:00,151,136,118,111,80
2023-02-03 11:00:00,113,138,102,136,110
2023-02-03 11:15:00,137,145,102,124,122
2023-02-03 11:30:00,101,126,118,127,138
2023-02-03 11:45:00,144,95,163,142,144
2023-02-03 12:00:00,150,165,136,139,123
2023-02-03 12:15:00,107,125,103,126,154
2023-02-03 12:30:00,173,136,105,120,139
2023-02-03 12:45:00,147,122,104,140,172
2023-02-03 13:00:00,123,102,113,120,106
2023-02-03 13:15:00,107,167,134,151,148
2023-02-03 13:30:00,128,146,151,142,155
2023-02-03 13:45:00,152,149,113,123,126
2023-02-03 14:00:00,174,113,145,131,141
2023-02-03 14:15:00,151,144,128,134,137
2023-02-03 14:30:00,102,131,129,111,121
2023-02-03 14:45:00,123,161,85,136,151
2023-02-03 15:00:00,131,120,94,136,105
2023-02-03 15:15:00,131,149,121,174,105
2023-02-03 15:30:00,82,154,111,139,124
2023-02-03 15:45:00,105,103,117,131,152
2023-02-03 16:00:00,127,123,145,143,135
2023-02-03 16:15:00,131,119,125,139,154
2023-02-03 16:30:00,130,119,154,132,117
2023-02-03 16:45:00,144,121,141,133,109
2023-02-03 17:00:00,140,127,144,159,86
2023-02-03 17:15:00,107,110,122,131,127
2023-02-03 17:30:00,176,188,105,130,116
2023-02-03 17:45:00,116,122,134,109,149
2023-02-03 18:00:00,176,132,120,113,167
2023-02-03 18:15:00,103,126,99,110,143
2023-02-03 18:30:00,87,104,129,118,145
2023-02-03 18:45:00,96,105,99,128,126
2023-02-03 19:00:00,146,122,157,151,122
2023-02-03 19:15:00,132,115,143,97,95
2023-02-03 19:30:00,134,123,118,134,115
2023-02-03 19:45:00,149,164,155,112,144
2023-02-03 20:00:00,125,95,155,148,140
2023-02-03 20:15:00,135,113,158,101,133
2023-02-03 20:30:00,132,184,127,148,102
2023-02-03 20:45:00,139,133,107,116,82
2023-02-03 21:00:00,109,97,120,140,140
2023-02-03 21:15:00,129,156,91,134,116
2023-02-03 21:30:00,115,146,151,145,112
2023-02-03 21:45:00,113,125,128,146,108
2023-02-03 22:00:00,101,130,148,150,139
2023-02-03 22:15:00,139,97,103,139,114
2023-02-03 22:30:00,128,107,106,120,113
2023-02-03 22:45:00,129,127,116,135,121
2023-02-03 23:00:00,152,114,93,118,126
2023-02-03 23:15:00,139,122,99,153,132
2023-02-03 23:30:00,124,100,89,157,104
2023-02-03 23:45:00,135,168,139,152,142
2023-02-04 00:00:00,133,131,152,123,100
2023-02-04 00:15:00,124,138,144,156,129
2023-02-04 00:30:00,105,94,128,145,107
2023-02-04 00:45:00,106,132,144,101,137
2023-02-04 01:00:00,87,137,111,117,118
2023-02-04 01:15:00,131,122,150,112,94
2023-02-04 01:30:00,134,118,117,137,113
2023-02-04 01:45:00,144,137,90,144,143
2023-02-04 02:00:00,145,113,133,111,181
2023-02-04 02:15:00,80,104,106,89,142
2023-02-04 02:30:00,141,96,139,105,78
2023-02-04 02:45:00,124,176,142,153,101
2023-02-04 03:00:00,165,131,160,115,109
2023-02-04 03:15:00,161,137,114,145,129
2023-02-04 03:30:00,135,131,147,118,132
2023-02-04 03:45:00,144,141,144,98,129
2023-02-04 04:00:00,171,137,93,95,97
2023-02-04 04:15:00,125,120,105,114,111
2023-02-04 04:30:00,123,115,121,113,140
2023-02-04 04:45:00,135,116,138,127,112
2023-02-04 05:00:00,128,111,133,115,115
2023-02-04 05:15:00,91,135,133,138,134
2023-02-04 05:30:00,123,115,135,122,130
2023-02-04 05:45:00,122,162,168,104,150
2023-02-04 06:00:00,134,95,154,132,103
2023-02-04 06:15:00,139,151,99,154,97
2023-02-04 06:30:00,132,104,136,122,121
2023-02-04 06:45:00,131,127,142,154,122
2023-02-04 07:00:00,112,129,135,135,119
2023-02-04 07:15:00,157,108,137,133,117
2023-02-04 07:30:00,138,107,92,138,128
2023-02-04 07:45:00,138,123,144,151,141
2023-02-04 08:00:00,110,166,116,129,112
2023-02-04 08:15:00,107,91,143,124,136
2023-02-04 08:30:00,139,136,159,112,110
2023-02-04 08:45:00,150,131,98,118,122
2023-02-04 09:00:00,142,127,69,98,140
2023-02-04 09:15:00,115,113,146,153,126
2023-02-04 09:30:00,137,122,121,156,105
2023-02-04 09:45:00,86,103,160,142,143
2023-02-04 10:00:00,158,147,133,92,126
2023-02-04 10:15:00,129,154,122,146,172
2023-02-04 10:30:00,91,133,117,114,112
2023-02-04 10:45:00,155,89,110,124,126
2023-02-04 11:00:00,130,163,118,96,126
2023-02-04 11:15:00,140,129,153,109,95
2023-02-04 11:30:00,127,119,177,139,147
2023-02-04 11:45:00,127,160,127,112,133
2023-02-04 12:00:00,134,119,123,145,129
2023-02-04 12:15:00,116,125,83,104,115
2023-02-04 12:30:00,101,133,144,138,146
2023-02-04 12:45:00,169,117,144,148,129
2023-02-04 13:00:00,160,140,149,114,157
2023-02-04 13:15:00,147,147,113,84,156
2023-02-04 13:30:00,113,109,110,131,134
2023-02-04 13:45:00,161,137,76,130,95
2023-02-04 14:00:00,122,133,98,127,106
2023-02-04 14:15:00,129,131,100,145,109
2023-02-04 14:30:00,102,97,137,121,106
2023-02-04 14:45:00,99,163,111,102,118
2023-02-04 15:00:00,149,136,114,120,135
2023-02-04 15:15:00,102,93,96,147,102
2023-02-04 15:30:00,153,135,130,130,133
2023-02-04 15:45:00,137,130,134,140,123
2023-02-04 16:00:00,149,121,147,167,132
2023-02-04 16:15:00,136,95,115,131,127
2023-02-04 16:30:00,146,164,125,129,131
2023-02-04 16:45:00,147,130,96,169,135
2023-02-04 17:00:00,119,137,89,159,120
2023-02-04 17:15:00,105,130,108,125,116
2023-02-04 17:30:00,157,128,137,125,159
2023-02-04 17:45:00,131,124,114,130,111
2023-02-04 18:00:00,112,151,108,182,145
2023-02-04 18:15:00,99,137,185,132,123
2023-02-04 18:30:00,128,139,132,117,115
2023-02-04 18:45:00,136,170,161,116,127
2023-02-04 19:00:00,100,114,105,109,145
2023-02-04 19:15:00,111,130,123,144,115
2023-02-04 19:30:00,140,127,125,110,130
2023-02-04 19:45:00,90,98,164,117,116
2023-02-04 20:00:00,129,131,132,161,132
2023-02-04 20:15:00,110,111,127,121,143
2023-02-04 20:30:00,98,98,115,176,148
2023-02-04 20:45:00,124,150,147,120,120
2023-02-04 21:00:00,89,118,151,101,128
2023-02-04 21:15:00,127,125,138,103,130
2023-02-04 21:30:00,113,126,151,141,144
2023-02-04 21:45:00,170,125,128,129,105
2023-02-04 22:00:00,122,130,106,107,149
2023-02-04 22:15:00,167,121,108,147,124
2023-02-04 22:30:00,130,123,118,123,116
2023-02-04 22:45:00,149,112,120,126,115
2023-02-04 23:00:00,145,139,114,104,141
2023-02-04 23:15:00,132,145,120,150,151
2023-02-04 23:30:00,131,115,112,108,111
2023-02-04 23:45:00,126,118,174,145,129
2023-02-05 00:00:00,126,134,150,125,151
2023-02-05 00:15:00,64,122,150,145,137
2023-02-05 00:30:00,125,117,119,123,119
2023-02-05 00:45:00,141,154,141,160,149
2023-02-05 01:00:00,158,134,134,123,133
2023-02-05 01:15:00,119,160,157,116,167
2023-02-05 01:30:00,169,102,141,136,167
2023-02-05 01:45:00,119,104,100,141,154
2023-02-05 02:00:00,121,141,117,114,102
2023-02-05 02:15:00,155,129,107,86,115
2023-02-05 02:30:00,88,140,166,143,158
2023-02-05 02:45:00,142,111,117,154,131
2023-02-05 03:00:00,135,136,117,124,99
2023-02-05 03:15:00,130,119,169,140,137
2023-02-05 03:30:00,163,162,117,136,123
2023-02-05 03:45:00,119,125,116,130,146
2023-02-05 04:00:00,127,150,112,148,150
2023-02-05 04:15:00,124,141,130,84,134
2023-02-05 04:30:00,140,114,114,126,137
2023-02-05 04:45:00,120,126,139,152,111
2023-02-05 05:00:00,136,132,128,142,153
2023-02-05 05:15:00,132,158,141,103,115
2023-02-05 05:30:00,161,98,138,119,171
2023-02-05 05:45:00,131,139,129,112,143
2023-02-05 06:00:00,148,118,121,126,79
2023-02-05 06:15:00,117,111,140,126,105
2023-02-05 06:30:00,109,126,105,135,132
2023-02-05 06:45:00,143,121,129,137,145
2023-02-05 07:00:00,128,118,125,97,131
2023-02-05 07:15:00,135,138,137,157,135
2023-02-05 07:30:00,142,137,115,142,102
2023-02-05 07:45:00,138,155,74,130,133
2023-02-05 08:00:00,122,132,148,159,137
2023-02-05 08:15:00,172,128,141,167,96
2023-02-05 08:30:00,135,117,129,146,133
2023-02-05 08:45:00,139,142,155,116,148
2023-02-05 09:00:00,113,107,137,99,145
2023-02-05 09:15:00,159,103,131,95,126
2023-02-05 09:30:00,103,133,166,139,127
2023-02-05 09:45:00,105,165,106,124,164
2023-02-05 10:00:00,136,137,144,125,117
2023-02-05 10:15:00,138,98,115,105,130
2023-02-05 10:30:00,122,154,167,73,93
2023-02-05 10:45:00,145,137,132,157,109
2023-02-05 11:00:00,152,151,113,152,103
2023-02-05 11:15:00,106,151,149,135,151
2023-02-05 11:30:00,124,137,165,115,99
2023-02-05 11:45:00,108,118,87,126,163
2023-02-05 12:00:00,123,127,115,120,76
2023-02-05 12:15:00,135,128,137,146,145
2023-02-05 12:30:00,150,145,138,139,102
2023-02-05 12:45:00,122,136,127,117,115
2023-02-05 13:00:00,151,137,133,114,139
2023-02-05 13:15:00,148,133,95,135,149
2023-02-05 13:30:00,119,127,139,160,119
2023-02-05 13:45:00,166,111,164,110,131
2023-02-05 14:00:00,136,86,97,120,146
2023-02-05 14:15:00,154,100,99,112,122
2023-02-05 14:30:00,118,150,143,118,110
2023-02-05 14:45:00,115,126,132,85,144
2023-02-05 15:00:00,121,121,138,93,116
2023-02-05 15:15:00,106,160,120,134,143
2023-02-05 15:30:00,139,152,129,124,154
2023-02-05 15:45:00,131,95,129,107,121
2023-02-05 16:00:00,125,125,156,110,167
2023-02-05 16:15:00,135,112,162,127,159
2023-02-05 16:30:00,113,132,172,149,158
2023-02-05 16:45:00,127,136,104,161,139
2023-02-05 17:00:00,130,151,114,157,107
2023-02-05 17:15:00,141,124,144,117,138
2023-02-05 17:30:00,159,132,131,112,123
2023-02-05 17:45:00,135,153,123,105,137
2023-02-05 18:00:00,139,130,104,137,104
2023-02-05 18:15:00,151,139,143,124,138
2023-02-05 18:30:00,99,139,124,131,140
2023-02-05 18:45:00,145,136,152,147,95
2023-02-05 19:00:00,105,133,149,132,139
2023-02-05 19:15:00,119,117,100,99,119
2023-02-05 19:30:00,155,109,103,110,113
2023-02-05 19:45:00,154,126,123,132,128
2023-02-05 20:00:00,133,134,157,162,92
2023-02-05 20:15:00,105,104,120,164,130
2023-02-05 20:30:00,87,130,136,129,134
2023-02-05 20:45:00,148,133,175,124,130
2023-02-05 21:00:00,161,95,150,111,162
2023-02-05 21:15:00,119,148,175,138,140
2023-02-05 21:30:00,142,146,125,133,115
2023-02-05 21:45:00,144,118,147,125,121
2023-02-05 22:00:00,119,105,129,116,90
2023-02-05 22:15:00,135,126,145,139,124
2023-02-05 22:30:00,117,125,143,129,138
2023-02-05 22:45:00,110,125,134,101,110
2023-02-05 23:00:00,148,103,138,162,147
2023-02-05 23:15:00,108,141,142,145,151
2023-02-05 23:30:00,153,124,105,133,135
2023-02-05 23:45:00,124,123,124,167,112
2023-02-06 00:00:00,134,138,145,106,113
2023-02-06 00:15:00,156,117,107,146,132
2023-02-06 00:30:00,118,139,128,140,137
2023-02-06 00:45:00,120,117,107,142,131
2023-02-06 01:00:00,133,110,102,122,115
2023-02-06 01:15:00,101,145,171,114,136
2023-02-06 01:30:00,114,188,122,148,113
2023-02-06 01:45:00,146,139,151,153,116
2023-02-06 02:00:00,121,120,117,107,127
2023-02-06 02:15:00,145,128,115,79,128
2023-02-06 02:30:00,139,159,121,105,93
2023-02-06 02:45:00,122,90,165,158,154
2023-02-06 03:00:00,149,104,130,140,159
2023-02-06 03:15:00,132,114,120,167,115
2023-02-06 03:30:00,125,106,190,130,139
2023-02-06 03:45:00,127,131,127,105,159
2023-02-06 04:00:00,181,117,114,122,144
2023-02-06 04:15:00,132,111,172,154,104
2023-02-06 04:30:00,142,87,127,121,109
2023-02-06 04:45:00,144,138,107,126,147
2023-02-06 05:00:00,136,132,112,151,122
2023-02-06 05:15:00,156,165,123,128,94
2023-02-06 05:30:00,100,139,137,130,104
2023-02-06 05:45:00,152,131,132,156,148
2023-02-06 06:00:00,150,114,162,150,138
2023-02-06 06:15:00,125,137,148,114,109
2023-02-06 06:30:00,125,150,128,144,119
2023-02-06 06:45:00,122,160,92,134,179
2023-02-06 07:00:00,100,123,123,144,115
2023-02-06 07:15:00,104,120,115,99,146
2023-02-06 07:30:00,72,173,137,133,75
2023-02-06 07:45:00,141,148,130,153,150
2023-02-06 08:00:00,117,135,181,110,106
2023-02-06 08:15:00,125,71,105,111,138
2023-02-06 08:30:00,118,119,118,139,108
2023-02-06 08:45:00,97,112,97,164,127
2023-02-06 09:00:00,112,141,156,135,132
2023-02-06 09:15:00,149,179,127,161,131
2023-02-06 09:30:00,128,100,155,137,111
2023-02-06 09:45:00,187,122,120,141,94
2023-02-06 10:00:00,123,132,120,140,130
2023-02-06 10:15:00,95,159,120,111,149
2023-02-06 10:30:00,111,156,138,120,135
2023-02-06 10:45:00,113,168,91,122,155
2023-02-06 11:00:00,137,108,120,98,115
2023-02-06 11:15:00,150,116,139,118,100
2023-02-06 11:30:00,110,149,97,129,147
2023-02-06 11:45:00,107,118,104,180,153
2023-02-06 12:00:00,137,108,119,142,138
2023-02-06 12:15:00,130,126,138,161,119
2023-02-06 12:30:00,150,110,125,117,145
2023-02-06 12:45:00,135,135,145,119,99
2023-02-06 13:00:00,144,126,126,159,164
2023-02-06 13:15:00,123,118,151,97,115
2023-02-06 13:30:00,112,135,84,133,154
2023-02-06 13:45:00,136,142,109,169,118
2023-02-06 14:00:00,96,126,118,136,163
2023-02-06 14:15:00,92,98,150,141,103
2023-02-06 14:30:00,121,110,124,162,117
2023-02-06 14:45:00,133,125,111,120,99
2023-02-06 15:00:00,116,132,124,76,122
2023-02-06 15:15:00,140,117,89,132,131
2023-02-06 15:30:00,90,134,140,130,132
2023-02-06 15:45:00,113,139,171,129,157
2023-02-06 16:00:00,123,143,145,146,165
2023-02-06 16:15:00,123,123,133,82,124
2023-02-06 16:30:00,120,132,152,144,114
2023-02-06 16:45:00,138,103,85,133,133
2023-02-06 17:00:00,124,117,153,92,159
2023-02-06 17:15:00,129,93,147,122,166
2023-02-06 17:30:00,120,128,121,140,118
2023-02-06 17:45:00,148,145,122,117,114
2023-02-06 18:00:00,139,138,149,123,158
2023-02-06 18:15:00,133,136,159,129,128
2023-02-06 18:30:00,140,168,116,124,89
2023-02-06 18:45:00,122,111,106,141,129
2023-02-06 19:00:00,166,143,140,124,113
2023-02-06 19:15:00,131,91,109,122,88
2023-02-06 19:30:00,130,113,123,111,125
2023-02-06 19:45:00,106,121,147,134,129
2023-02-06 20:00:00,117,155,121,138,147
2023-02-06 20:15:00,154,129,69,159,131
2023-02-06 20:30:00,124,150,95,94,131
2023-02-06 20:45:00,155,146,142,160,103
2023-02-06 21:00:00,126,165,137,90,107
2023-02-06 21:15:00,106,121,128,144,138
2023-02-06 21:30:00,107,127,151,124,137
2023-02-06 21:45:00,157,149,114,109,111
2023-02-06 22:00:00,130,135,144,121,110
2023-02-06 22:15:00,131,129,124,173,136
2023-02-06 22:30:00,144,127,122,145,150
2023-02-06 22:45:00,119,130,125,120,132
2023-02-06 23:00:00,97,142,150,148,142
2023-02-06 23:15:00,122,123,122,118,108
2023-02-06 23:30:00,125,142,174,122,109
2023-02-06 23:45:00,135,116,122,118,152
2023-02-07 00:00:00,142,114,115,139,128
2023-02-07 00:15:00,113,122,104,130,134
2023-02-07 00:30:00,87,95,134,129,159
2023-02-07 00:45:00,114,122,160,113,151
2023-02-07 01:00:00,127,101,136,120,139
2023-02-07 01:15:00,149,138,88,157,107
2023-02-07 01:30:00,129,90,101,148,135
2023-02-07 01:45:00,133,119,133,175,87
2023-02-07 02:00:00,131,138,123,137,141
2023-02-07 02:15:00,136,154,109,110,146
2023-02-07 02:30:00,131,115,105,135,166
2023-02-07 02:45:00,114,107,127,153,150
2023-02-07 03:00:00,110,154,122,124,87
2023-02-07 03:15:00,131,170,142,120,136
2023-02-07 03:30:00,135,121,125,147,125
2023-02-07 03:45:00,155,67,118,132,118
2023-02-07 04:00:00,129,147,139,147,134
2023-02-07 04:15:00,135,129,111,141,120
2023-02-07 04:30:00,152,124,79,107,128
2023-02-07 04:45:00,127,137,144,135,127
2023-02-07 05:00:00,179,111,140,104,129
2023-02-07 05:15:00,98,124,115,145,131
2023-02-07 05:30:00,136,146,134,101,119
2023-02-07 05:45:00,114,103,148,130,109
2023-02-07 06:00:00,135,118,122,140,87
2023-02-07 06:15:00,106,136,134,122,145
2023-02-07 06:30:00,130,100,139,87,134
2023-02-07 06:45:00,138,156,115,129,105
2023-02-07 07:00:00,109,125,114,143,130
2023-02-07 07:15:00,135,127,134,108,135
2023-02-07 07:30:00,106,131,126,130,134
2023-02-07 07:45:00,134,163,116,122,127
2023-02-07 08:00:00,144,133,109,130,135
2023-02-07 08:15:00,98,107,120,161,134
2023-02-07 08:30:00,153,132,141,145,106
2023-02-07 08:45:00,97,116,119,142,138
2023-02-07 09:00:00,136,112,136,105,159
2023-02-07 09:15:00,108,128,118,98,104
2023-02-07 09:30:00,106,157,123,175,144
2023-02-07 09:45:00,113,140,128,146,123
2023-02-07 10:00:00,118,124,98,148,150
2023-02-07 10:15:00,125,134,135,145,128
2023-02-07 10:30:00,126,122,144,149,115
2023-02-07 10:45:00,119,147,136,132,140
2023-02-07 11:00:00,138,153,107,156,143
2023-02-07 11:15:00,145,111,131,175,160
2023-02-07 11:30:00,154,141,126,158,113
2023-02-07 11:45:00,116,105,132,122,148
2023-02-07 12:00:00,129,147,143,155,123
2023-02-07 12:15:00,160,138,138,148,145
2023-02-07 12:30:00,160,136,167,107,115
2023-02-07 12:45:00,133,105,141,116,97
2023-02-07 13:00:00,128,74,135,130,153
2023-02-07 13:15:00,122,148,169,98,122
2023-02-07 13:30:00,154,127,141,149,110
2023-02-07 13:45:00,128,104,160,113,104
2023-02-07 14:00:00,113,135,117,144,133
2023-02-07 14:15:00,119,126,104,137,129
2023-02-07 14:30:00,128,113,123,112,123
2023-02-07 14:45:00,104,139,132,143,140
2023-02-07 15:00:00,104,122,139,142,122
2023-02-07 15:15:00,130,115,112,133,114
2023-02-07 15:30:00,125,129,131,99,129
2023-02-07 15:45:00,117,139,121,141,130
2023-02-07 16:00:00,112,137,102,149,124
2023-02-07 16:15:00,112,132,155,125,165
2023-02-07 16:30:00,134,138,151,118,146
2023-02-07 16:45:00,133,150,94,151,117
2023-02-07 17:00:00,114,129,135,139,115
2023-02-07 17:15:00,163,133,113,191,122
2023-02-07 17:30:00,124,134,126,123,119
2023-02-07 17:45:00,131,132,106,153,104
2023-02-07 18:00:00,147,110,124,122,151
2023-02-07 18:15:00,169,122,166,167,131
2023-02-07 18:30:00,140,151,133,169,121
2023-02-07 18:45:00,153,139,141,96,143
2023-02-07 19:00:00,157,90,112,163,114
2023-02-07 19:15:00,123,139,153,150,122
2023-02-07 19:30:00,130,128,131,140,119
2023-02-07 19:45:00,98,150,121,133,109
2023-02-07 20:00:00,136,111,128,126,133
2023-02-07 20:15:00,108,130,134,123,145
2023-02-07 20:30:00,125,96,125,159,125
2023-02-07 20:45:00,125,141,130,159,149
2023-02-07 21:00:00,101,141,122,126,125
2023-02-07 21:15:00,113,127,146,130,118
2023-02-07 21:30:00,167,93,141,103,119
2023-02-07 21:45:00,107,105,117,136,145
2023-02-07 22:00:00,157,134,114,154,130
2023-02-07 22:15:00,132,136,134,142,107
2023-02-07 22:30:00,172,151,120,140,128
2023-02-07 22:45:00,134,139,171,131,118
2023-02-07 23:00:00,156,103,157,149,157
2023-02-07 23:15:00,131,144,127,119,132
2023-02-07 23:30:00,119,128,129,149,130
2023-02-07 23:45:00,129,136,116,132,125
2023-02-08 00:00:00,156,142,123,136,116
2023-02-08 00:15:00,146,103,155,139,89
2023-02-08 00:30:00,150,106,117,124,143
2023-02-08 00:45:00,136,141,130,147,120
2023-02-08 01:00:00,129,136,103,144,130
2023-02-08 01:15:00,148,120,157,116,109
2023-02-08 01:30:00,118,129,132,134,147
2023-02-08 01:45:00,130,113,117,163,141
2023-02-08 02:00:00,171,129,134,114,134
2023-02-08 02:15:00,144,123,171,146,113
2023-02-08 02:30:00,120,154,151,159,176
2023-02-08 02:45:00,141,144,132,140,107
2023-02-08 03:00:00,120,134,108,136,126
2023-02-08 03:15:00,117,130,147,107,109
2023-02-08 03:30:00,137,136,107,110,152
2023-02-08 03:45:00,148,90,123,125,113
2023-02-08 04:00:00,136,138,135,132,131
2023-02-08 04:15:00,163,152,149,164,123
2023-02-08 04:30:00,128,166,122,140,125
2023-02-08 04:45:00,143,147,117,154,94
2023-02-08 05:00:00,176,164,74,130,136
2023-02-08 05:15:00,134,117,137,137,122
2023-02-08 05:30:00,113,148,142,128,168
2023-02-08 05:45:00,113,116,143,143,130
2023-02-08 06:00:00,138,140,125,139,151
2023-02-08 06:15:00,136,85,105,128,105
2023-02-08 06:30:00,115,127,158,150,115
2023-02-08 06:45:00,148,127,127,154,166
2023-02-08 07:00:00,147,123,143,143,158
2023-02-08 07:15:00,158,134,133,149,156
2023-02-08 07:30:00,133,149,129,146,89
2023-02-08 07:45:00,150,167,112,94,97
2023-02-08 08:00:00,127,125,121,98,167
2023-02-08 08:15:00,101,99,103,137,136
2023-02-08 08:30:00,158,93,119,167,110
2023-02-08 08:45:00,155,134,137,161,128
2023-02-08 09:00:00,131,127,108,155,146
2023-02-08 09:15:00,153,155,142,113,114
2023-02-08 09:30:00,178,124,133,187,129
2023-02-08 09:45:00,138,108,147,103,156
2023-02-08 10:00:00,161,121,169,142,140
2023-02-08 10:15:00,153,151,100,122,125
2023-02-08 10:30:00,121,137,154,163,135
2023-02-08 10:45:00,148,109,129,130,156
2023-02-08 11:00:00,124,115,133,151,166
2023-02-08 11:15:00,124,136,130,130,120
2023-02-08 11:30:00,91,139,126,170,125
2023-02-08 11:45:00,145,149,149,139,132
2023-02-08 12:00:00,133,114,125,126,176
2023-02-08 12:15:00,117,101,111,124,101
2023-02-08 12:30:00,108,128,129,130,147
2023-02-08 12:45:00,168,108,103,150,91
2023-02-08 13:00:00,116,151,135,113,130
2023-02-08 13:15:00,128,89,168,113,120
2023-02-08 13:30:00,127,140,134,103,122
2023-02-08 13:45:00,140,125,132,148,115
2023-02-08 14:00:00,136,74,107,135,164
2023-02-08 14:15:00,122,159,114,130,92
2023-02-08 14:30:00,126,115,136,132,149
2023-02-08 14:45:00,164,144,121,91,135
2023-02-08 15:00:00,167,136,137,125,154
2023-02-08 15:15:00,115,158,159,115,137
2023-02-08 15:30:00,110,152,134,149,135
2023-02-08 15:45:00,130,119,123,109,91
2023-02-08 16:00:00,138,152,126,151,112
2023-02-08 16:15:00,127,158,140,150,167
2023-02-08 16:30:00,164,113,157,114,114
2023-02-08 16:45:00,137,100,108,151,105
2023-02-08 17:00:00,119,143,150,117,97
2023-02-08 17:15:00,128,106,118,116,121
2023-02-08 17:30:00,123,154,145,118,121
2023-02-08 17:45:00,130,135,118,151,139
2023-02-08 18:00:00,112,108,138,130,148
2023-02-08 18:15:00,108,126,165,117,110
2023-02-08 18:30:00,103,120,107,125,143
2023-02-08 18:45:00,96,100,134,163,122
2023-02-08 19:00:00,140,145,154,89,126
2023-02-08 19:15:00,139,110,182,125,115
2023-02-08 19:30:00,131,107,153,126,125
2023-02-08 19:45:00,145,159,129,115,114
2023-02-08 20:00:00,103,125,134,104,118
2023-02-08 20:15:00,109,125,92,144,106
2023-02-08 20:30:00,138,118,166,133,153
2023-02-08 20:45:00,96,121,100,125,168
2023-02-08 21:00:00,117,159,123,122,127
2023-02-08 21:15:00,123,102,93,142,155
2023-02-08 21:30:00,133,108,150,151,133
2023-02-08 21:45:00,149,166,128,132,99
2023-02-08 22:00:00,99,142,136,160,131
2023-02-08 22:15:00,152,148,160,127,123
2023-02-08 22:30:00,144,113,139,110,131
2023-02-08 22:45:00,121,147,154,163,128
2023-02-08 23:00:00,135,142,158,116,136
2023-02-08 23:15:00,120,120,81,132,144
2023-02-08 23:30:00,118,159,95,151,168
2023-02-08 23:45:00,100,127,131,128,156
2023-02-09 00:00:00,130,137,158,130,137
2023-02-09 00:15:00,152,123,122,136,111
2023-02-09 00:30:00,140,108,128,117,113
2023-02-09 00:45:00,108,128,122,129,94
2023-02-09 01:00:00,148,154,97,118,101
2023-02-09 01:15:00,149,144,113,111,167
2023-02-09 01:30:00,128,142,140,146,172
2023-02-09 01:45:00,149,85,144,124,149
2023-02-09 02:00:00,146,132,110,111,138
2023-02-09 02:15:00,121,112,164,134,114
2023-02-09 02:30:00,153,138,155,109,146
2023-02-09 02:45:00,114,120,148,129,147
2023-02-09 03:00:00,114,134,156,114,133
2023-02-09 03:15:00,145,144,127,113,118
2023-02-09 03:30:00,156,100,140,108,147
2023-02-09 03:45:00,129,107,154,129,148
2023-02-09 04:00:00,115,146,136,133,138
2023-02-09 04:15:00,114,137,151,119,142
2023-02-09 04:30:00,142,113,128,146,137
2023-02-09 04:45:00,165,136,112,133,154
2023-02-09 05:00:00,117,182,153,133,114
2023-02-09 05:15:00,110,94,82,68,150
2023-02-09 05:30:00,116,86,132,122,138
2023-02-09 05:45:00,113,111,114,131,134
2023-02-09 06:00:00,94,167,128,131,141
2023-02-09 06:15:00,113,114,135,150,125
2023-02-09 06:30:00,141,118,140,140,146
2023-02-09 06:45:00,145,107,151,134,143
2023-02-09 07:00:00,123,165,163,154,126
2023-02-09 07:15:00,114,113,145,145,129
2023-02-09 07:30:00,150,140,91,136,117
2023-02-09 07:45:00,90,105,133,158,112
2023-02-09 08:00:00,108,148,145,123,154
2023-02-09 08:15:00,142,122,136,133,167
2023-02-09 08:30:00,144,200,148,101,149
2023-02-09 08:45:00,109,136,110,163,121
2023-02-09 09:00:00,134,112,110,113,129
2023-02-09 09:15:00,96,118,100,143,145
2023-02-09 09:30:00,121,119,133,127,141
2023-02-09 09:45:00,128,114,118,125,129
2023-02-09 10:00:00,99,153,124,150,127
2023-02-09 10:15:00,133,95,130,130,144
2023-02-09 10:30:00,146,175,143,145,118
2023-02-09 10:45:00,176,95,103,100,110
2023-02-09 11:00:00,113,124,108,130,90
2023-02-09 11:15:00,118,120,148,112,98
2023-02-09 11:30:00,131,96,137,134,147
2023-02-09 11:45:00,159,111,135,136,120
2023-02-09 12:00:00,154,150,153,82,152
2023-02-09 12:15:00,139,145,111,117,120
2023-02-09 12:30:00,140,147,147,121,121
2023-02-09 12:45:00,132,136,132,158,110
2023-02-09 13:00:00,135,166,131,126,129
2023-02-09 13:15:00,133,168,131,156,122
2023-02-09 13:30:00,129,165,152,121,124
2023-02-09 13:45:00,106,167,160,128,137
2023-02-09 14:00:00,173,135,118,125,144
2023-02-09 14:15:00,136,149,141,142,149
2023-02-09 14:30:00,115,125,127,177,154
2023-02-09 14:45:00,88,119,131,129,135
2023-02-09 15:00:00,108,80,108,137,156
2023-02-09 15:15:00,133,170,123,141,138
2023-02-09 15:30:00,137,95,157,142,137
2023-02-09 15:45:00,121,173,145,121,158
2023-02-09 16:00:00,144,122,130,126,140
2023-02-09 16:15:00,163,153,155,145,132
2023-02-09 16:30:00,142,127,131,134,102
2023-02-09 16:45:00,91,139,174,163,119
2023-02-09 17:00:00,119,110,155,151,163
2023-02-09 17:15:00,163,118,137,146,149
2023-02-09 17:30:00,108,162,148,129,136
2023-02-09 17:45:00,155,125,141,159,112
2023-02-09 18:00:00,154,131,117,113,145
2023-02-09 18:15:00,147,130,121,176,155
2023-02-09 18:30:00,113,155,129,131,139
2023-02-09 18:45:00,134,134,167,130,136
2023-02-09 19:00:00,138,149,158,112,121
2023-02-09 19:15:00,143,182,135,117,125
2023-02-09 19:30:00,134,140,155,124,131
2023-02-09 19:45:00,106,154,126,168,105
2023-02-09 20:00:00,134,139,148,122,132
2023-02-09 20:15:00,119,125,110,165,139
2023-02-09 20:30:00,102,146,127,112,167
2023-02-09 20:45:00,131,148,119,93,133
2023-02-09 21:00:00,157,99,139,108,163
2023-02-09 21:15:00,132,148,96,120,80
2023-02-09 21:30:00,144,154,100,139,95
2023-02-09 21:45:00,133,153,120,140,108
2023-02-09 22:00:00,125,158,162,131,134
2023-02-09 22:15:00,113,184,130,157,174
2023-02-09 22:30:00,127,110,133,117,131
2023-02-09 22:45:00,115,117,120,141,127
2023-02-09 23:00:00,128,164,141,165,110
2023-02-09 23:15:00,148,123,141,103,122
2023-02-09 23:30:00,139,141,152,102,137
2023-02-09 23:45:00,147,129,117,155,112
2023-02-10 00:00:00,136,168,130,163,139
2023-02-10 00:15:00,163,106,128,107,129
2023-02-10 00:30:00,133,99,154,143,172
2023-02-10 00:45:00,116,154,124,126,154
2023-02-10 01:00:00,162,145,154,113,116
2023-02-10 01:15:00,125,118,118,129,127
2023-02-10 01:30:00,117,109,128,127,143
2023-02-10 01:45:00,135,154,146,134,126
2023-02-10 02:00:00,126,158,100,144,131
2023-02-10 02:15:00,107,167,121,128,118
2023-02-10 02:30:00,132,128,136,145,121
2023-02-10 02:45:00,121,117,111,164,97
2023-02-10 03:00:00,141,108,144,118,143
2023-02-10 03:15:00,96,130,114,142,102
2023-02-10 03:30:00,120,117,165,147,112
2023-02-10 03:45:00,172,137,136,147,123
2023-02-10 04:00:00,139,133,131,141,117
2023-02-10 04:15:00,146,109,161,105,175
2023-02-10 04:30:00,126,154,136,130,110
2023-02-10 04:45:00,116,147,124,120,132
2023-02-10 05:00:00,106,149,144,103,86
2023-02-10 05:15:00,139,138,135,126,132
2023-02-10 05:30:00,121,153,142,123,113
2023-02-10 05:45:00,118,138,113,144,129
2023-02-10 06:00:00,115,153,131,142,118
2023-02-10 06:15:00,100,114,149,148,153
2023-02-10 06:30:00,120,131,82,176,152
2023-02-10 06:45:00,131,142,138,159,97
2023-02-10 07:00:00,105,113,125,133,149
2023-02-10 07:15:00,122,90,139,125,154
2023-02-10 07:30:00,108,136,163,149,160
2023-02-10 07:45:00,93,160,115,123,104
2023-02-10 08:00:00,123,101,104,149,122
2023-02-10 08:15:00,153,105,133,127,124
2023-02-10 08:30:00,140,102,124,122,155
2023-02-10 08:45:00,155,139,135,95,117
2023-02-10 09:00:00,156,111,104,173,125
2023-02-10 09:15:00,121,122,133,166,120
2023-02-10 09:30:00,137,108,146,111,129
2023-02-10 09:45:00,90,104,132,143,111
2023-02-10 10:00:00,111,168,103,155,154
2023-02-10 10:15:00,108,141,118,153,107
2023-02-10 10:30:00,163,167,125,118,116
2023-02-10 10:45:00,109,110,150,116,140
2023-02-10 11:00:00,145,144,176,124,111
2023-02-10 11:15:00,117,128,127,118,145
2023-02-10 11:30:00,144,129,148,129,153
2023-02-10 11:45:00,117,152,161,121,127
2023-02-10 12:00:00,112,165,135,125,134
2023-02-10 12:15:00,118,142,135,103,139
2023-02-10 12:30:00,132,173,113,128,165
2023-02-10 12:45:00,139,152,106,134,168
2023-02-10 13:00:00,145,137,140,124,119
2023-02-10 13:15:00,110,135,133,122,127
2023-02-10 13:30:00,139,146,118,127,129
2023-02-10 13:45:00,169,132,131,112,126
2023-02-10 14:00:00,118,126,142,94,142
2023-02-10 14:15:00,120,150,138,106,109
2023-02-10 14:30:00,129,152,138,123,136
2023-02-10 14:45:00,165,155,125,92,134
2023-02-10 15:00:00,141,162,109,132,125
2023-02-10 15:15:00,115,109,123,122,112
2023-02-10 15:30:00,103,108,118,127,113
2023-02-10 15:45:00,152,140,147,119,156
2023-02-10 16:00:00,153,179,141,121,85
2023-02-10 16:15:00,133,142,156,130,144
2023-02-10 16:30:00,122,131,132,125,118
2023-02-10 16:45:00,112,116,135,139,138
2023-02-10 17:00:00,113,180,131,139,141
2023-02-10 17:15:00,87,115,134,147,145
2023-02-10 17:30:00,140,149,171,139,163
2023-02-10 17:45:00,114,79,106,93,117
2023-02-10 18:00:00,107,144,136,168,128
2023-02-10 18:15:00,121,144,141,144,162
2023-02-10 18:30:00,135,135,163,129,114
2023-02-10 18:45:00,109,98,152,156,168
2023-02-10 19:00:00,140,160,99,120,125
2023-02-10 19:15:00,160,147,106,117,106
2023-02-10 19:30:00,94,164,129,128,121
2023-02-10 19:45:00,168,139,193,131,133
2023-02-10 20:00:00,144,160,127,120,154
2023-02-10 20:15:00,121,161,146,120,146
2023-02-10 20:30:00,147,149,103,126,124
2023-02-10 20:45:00,117,158,103,141,143
2023-02-10 21:00:00,140,152,162,149,121
2023-02-10 21:15:00,137,167,127,104,130
2023-02-10 21:30:00,177,147,146,114,145
2023-02-10 21:45:00,169,113,124,156,151
2023-02-10 22:00:00,104,135,100,150,134
2023-02-10 22:15:00,148,98,118,127,135
2023-02-10 22:30:00,115,124,109,144,170
2023-02-10 22:45:00,128,125,129,139,125
2023-02-10 23:00:00,117,118,118,107,138
2023-02-10 23:15:00,105,149,109,115,120
2023-02-10 23:30:00,121,175,133,148,112
2023-02-10 23:45:00,113,117,93,151,110
2023-02-11 00:00:00,151,187,140,161,116
2023-02-11 00:15:00,157,145,134,152,141
2023-02-11 00:30:00,139,131,125,163,179
2023-02-11 00:45:00,138,138,173,158,146
2023-02-11 01:00:00,97,155,140,149,158
2023-02-11 01:15:00,123,124,129,141,153
2023-02-11 01:30:00,152,169,120,147,131
2023-02-11 01:45:00,141,133,158,117,135
2023-02-11 02:00:00,171,118,111,126,142
2023-02-11 02:15:00,152,136,134,125,147
2023-02-11 02:30:00,129,154,91,142,136
2023-02-11 02:45:00,116,142,150,114,116
2023-02-11 03:00:00,153,126,80,180,124
2023-02-11 03:15:00,130,146,136,126,159
2023-02-11 03:30:00,120,129,119,147,111
2023-02-11 03:45:00,86,118,121,101,219
2023-02-11 04:00:00,117,109,183,114,164
2023-02-11 04:15:00,112,110,123,134,161
2023-02-11 04:30:00,146,132,121,144,101
2023-02-11 04:45:00,120,188,159,145,126
2023-02-11 05:00:00,109,121,126,136,114
2023-02-11 05:15:00,131,121,106,138,146
2023-02-11 05:30:00,139,124,89,135,132
2023-02-11 05:45:00,148,144,170,122,130
2023-02-11 06:00:00,151,143,121,162,97
2023-02-11 06:15:00,130,159,157,150,154
2023-02-11 06:30:00,105,135,140,129,151
2023-02-11 06:45:00,117,120,173,133,118
2023-02-11 07:00:00,101,143,136,106,151
2023-02-11 07:15:00,160,115,135,139,124
2023-02-11 07:30:00,125,119,107,124,153
2023-02-11 07:45:00,138,104,148,138,106
2023-02-11 08:00:00,136,136,138,119,127
2023-02-11 08:15:00,136,160,150,118,111
2023-02-11 08:30:00,169,121,162,134,117
2023-02-11 08:45:00,130,119,99,118,114
2023-02-11 09:00:00,127,146,121,125,111
2023-02-11 09:15:00,126,174,176,149,128
2023-02-11 09:30:00,114,98,124,146,124
2023-02-11 09:45:00,102,135,139,125,120
2023-02-11 10:00:00,128,127,146,153,152
2023-02-11 10:15:00,155,128,114,146,152
2023-02-11 10:30:00,163,135,143,140,133
2023-02-11 10:45:00,117,128,169,132,140
2023-02-11 11:00:00,127,157,144,150,113
2023-02-11 11:15:00,146,116,136,102,86
2023-02-11 11:30:00,117,107,114,146,121
2023-02-11 11:45:00,119,132,133,114,124
2023-02-11 12:00:00,127,141,143,144,102
2023-02-11 12:15:00,125,132,103,146,152
2023-02-11 12:30:00,165,138,135,132,140
2023-02-11 12:45:00,176,128,107,80,144
2023-02-11 13:00:00,97,160,145,143,111
2023-02-11 13:15:00,156,121,134,158,107
2023-02-11 13:30:00,140,129,122,140,138
2023-02-11 13:45:00,132,107,112,132,166
2023-02-11 14:00:00,113,168,133,97,163
2023-02-11 14:15:00,143,96,149,166,140
2023-02-11 14:30:00,145,138,111,143,126
2023-02-11 14:45:00,157,135,128,129,136
2023-02-11 15:00:00,141,85,153,139,172
2023-02-11 15:15:00,146,160,150,122,136
2023-02-11 15:30:00,126,157,117,128,109
2023-02-11 15:45:00,111,126,116,132,107
2023-02-11 16:00:00,149,128,151,144,156
2023-02-11 16:15:00,108,116,99,131,112
2023-02-11 16:30:00,142,127,148,109,118
2023-02-11 16:45:00,107,154,127,134,165
2023-02-11 17:00:00,149,120,125,126,129
2023-02-11 17:15:00,148,144,117,110,144
2023-02-11 17:30:00,102,145,133,111,143
2023-02-11 17:45:00,172,164,133,140,171
2023-02-11 18:00:00,189,139,119,123,144
2023-02-11 18:15:00,125,104,133,124,155
2023-02-11 18:30:00,119,99,112,144,132
2023-02-11 18:45:00,123,140,118,114,138
2023-02-11 19:00:00,160,124,117,139,80
2023-02-11 19:15:00,136,125,125,158,128
2023-02-11 19:30:00,111,120,137,119,158
2023-02-11 19:45:00,178,139,126,122,136
2023-02-11 20:00:00,148,116,135,147,98
2023-02-11 20:15:00,109,111,101,129,134
2023-02-11 20:30:00,149,118,174,110,99
2023-02-11 20:45:00,136,150,128,104,145
2023-02-11 21:00:00,160,129,139,148,130
2023-02-11 21:15:00,124,113,141,142,122
2023-02-11 21:30:00,163,83,132,130,126
2023-02-11 21:45:00,129,121,140,147,124
2023-02-11 22:00:00,150,94,112,139,137
2023-02-11 22:15:00,168,159,155,125,115
2023-02-11 22:30:00,131,115,129,128,138
2023-02-11 22:45:00,121,140,97,119,152
2023-02-11 23:00:00,79,114,116,149,144
2023-02-11 23:15:00,140,148,128,100,117
2023-02-11 23:30:00,134,114,142,193,154
2023-02-11 23:45:00,130,119,108,141,126
2023-02-12 00:00:00,131,171,129,138,107
2023-02-12 00:15:00,141,114,136,150,97
2023-02-12 00:30:00,101,135,146,134,116
2023-02-12 00:45:00,127,120,134,110,110
2023-02-12 01:00:00,140,114,94,152,151
2023-02-12 01:15:00,125,114,108,158,152
2023-02-12 01:30:00,117,134,132,129,124
2023-02-12 01:45:00,155,128,155,110,134
2023-02-12 02:00:00,109,151,138,108,141
2023-02-12 02:15:00,139,89,158,105,120
2023-02-12 02:30:00,153,150,127,130,163
2023-02-12 02:45:00,126,103,146,111,115
2023-02-12 03:00:00,135,150,137,118,100
2023-02-12 03:15:00,128,138,131,141,142
2023-02-12 03:30:00,132,88,132,127,130
2023-02-12 03:45:00,99,135,112,148,144
2023-02-12 04:00:00,126,91,146,110,120
2023-02-12 04:15:00,142,132,119,136,138
2023-02-12 04:30:00,111,105,113,120,155
2023-02-12 04:45:00,109,112,131,130,142
2023-02-12 05:00:00,138,148,129,125,116
2023-02-12 05:15:00,138,142,109,142,164
2023-02-12 05:30:00,81,138,151,172,138
2023-02-12 05:45:00,122,155,124,100,141
2023-02-12 06:00:00,124,119,124,112,152
2023-02-12 06:15:00,126,164,132,182,146
2023-02-12 06:30:00,149,117,104,156,88
2023-02-12 06:45:00,142,118,96,123,129
2023-02-12 07:00:00,172,105,142,178,120
2023-02-12 07:15:00,167,166,136,114,145
2023-02-12 07:30:00,124,139,118,116,128
2023-02-12 07:45:00,142,130,130,121,152
2023-02-12 08:00:00,144,142,131,170,85
2023-02-12 08:15:00,117,105,121,109,149
2023-02-12 08:30:00,145,128,126,128,141
2023-02-12 08:45:00,83,153,147,130,127
2023-02-12 09:00:00,141,119,161,173,169
2023-02-12 09:15:00,133,142,145,112,146
2023-02-12 09:30:00,98,117,129,126,102
2023-02-12 09:45:00,116,123,120,125,114
2023-02-12 10:00:00,153,118,106,110,127
2023-02-12 10:15:00,106,122,118,108,134
2023-02-12 10:30:00,163,102,166,147,134
2023-02-12 10:45:00,136,143,156,126,166
2023-02-12 11:00:00,131,122,105,136,137
2023-02-12 11:15:00,134,145,158,151,126
2023-02-12 11:30:00,150,89,170,137,127
2023-02-12 11:45:00,118,110,125,150,130
2023-02-12 12:00:00,119,143,144,130,134
2023-02-12 12:15:00,116,111,119,118,154
2023-02-12 12:30:00,175,136,161,102,129
2023-02-12 12:45:00,137,146,153,122,163
2023-02-12 13:00:00,134,152,125,124,152
2023-02-12 13:15:00,125,127,121,113,140
2023-02-12 13:30:00,161,168,131,116,145
2023-02-12 13:45:00,142,119,127,149,139
2023-02-12 14:00:00,122,148,154,144,109
2023-02-12 14:15:00,125,162,116,134,99
2023-02-12 14:30:00,97,131,137,107,105
2023-02-12 14:45:00,122,130,147,133,115
2023-02-12 15:00:00,117,112,135,135,97
2023-02-12 15:15:00,156,132,138,158,101
2023-02-12 15:30:00,101,166,149,120,97
2023-02-12 15:45:00,136,110,148,136,142
2023-02-12 16:00:00,114,146,127,147,135
2023-02-12 16:15:00,150,156,159,125,86
2023-02-12 16:30:00,137,152,126,164,119
2023-02-12 16:45:00,135,141,112,143,144
2023-02-12 17:00:00,150,154,160,151,109
2023-02-12 17:15:00,130,178,128,126,129
2023-02-12 17:30:00,107,90,131,122,129
2023-02-12 17:45:00,124,134,140,155,133
2023-02-12 18:00:00,138,139,107,126,143
2023-02-12 18:15:00,117,95,130,123,161
2023-02-12 18:30:00,116,165,129,135,141
2023-02-12 18:45:00,156,117,120,109,122
2023-02-12 19:00:00,123,113,162,157,143
2023-02-12 19:15:00,147,123,111,125,131
2023-02-12 19:30:00,135,111,136,95,126
2023-02-12 19:45:00,154,156,139,146,129
2023-02-12 20:00:00,112,159,117,112,97
2023-02-12 20:15:00,138,167,152,136,157
2023-02-12 20:30:00,140,123,122,126,130
2023-02-12 20:45:00,138,126,140,147,102
2023-02-12 21:00:00,125,130,148,152,114
2023-02-12 21:15:00,156,146,124,135,138
2023-02-12 21:30:00,95,119,126,119,136
2023-02-12 21:45:00,124,159,134,161,176
2023-02-12 22:00:00,120,152,167,120,106
2023-02-12 22:15:00,131,140,177,144,115
2023-02-12 22:30:00,108,166,157,122,107
2023-02-12 22:45:00,120,146,103,168,111
2023-02-12 23:00:00,132,104,124,127,124
2023-02-12 23:15:00,135,100,124,135,75
2023-02-12 23:30:00,161,117,159,120,93
2023-02-12 23:45:00,130,134,112,133,106
2023-02-13 00:00:00,125,114,147,145,141
2023-02-13 00:15:00,158,146,128,112,115
2023-02-13 00:30:00,139,146,162,130,141
2023-02-13 00:45:00,163,127,127,174,121
2023-02-13 01:00:00,169,135,126,126,167
2023-02-13 01:15:00,101,96,133,139,120
2023-02-13 01:30:00,152,171,153,119,163
2023-02-13 01:45:00,153,131,99,134,124
2023-02-13 02:00:00,161,142,133,130,128
2023-02-13 02:15:00,140,155,149,133,136
2023-02-13 02:30:00,143,132,143,120,118
2023-02-13 02:45:00,120,135,111,142,133
2023-02-13 03:00:00,116,145,178,131,117
2023-02-13 03:15:00,123,150,134,114,114
2023-02-13 03:30:00,130,137,120,139,128
2023-02-13 03:45:00,178,174,131,176,105
2023-02-13 04:00:00,130,152,160,130,110
2023-02-13 04:15:00,166,121,129,109,129
2023-02-13 04:30:00,142,93,140,142,107
2023-02-13 04:45:00,152,121,123,151,119
2023-02-13 05:00:00,118,133,106,142,134
2023-02-13 05:15:00,134,127,117,148,124
2023-02-13 05:30:00,111,139,148,159,109
2023-02-13 05:45:00,127,145,163,186,151
2023-02-13 06:00:00,145,113,115,178,118
2023-02-13 06:15:00,134,173,145,183,128
2023-02-13 06:30:00,128,117,137,138,130
2023-02-13 06:45:00,136,133,167,130,145
2023-02-13 07:00:00,154,114,101,114,110
2023-02-13 07:15:00,152,141,164,119,126
2023-02-13 07:30:00,148,134,187,152,122
2023-02-13 07:45:00,129,118,168,121,110
2023-02-13 08:00:00,145,95,144,145,142
2023-02-13 08:15:00,123,121,128,123,145
2023-02-13 08:30:00,142,159,156,118,142
2023-02-13 08:45:00,122,95,85,139,131
2023-02-13 09:00:00,138,117,141,114,162
2023-02-13 09:15:00,135,152,126,155,147
2023-02-13 09:30:00,155,127,135,105,107
2023-02-13 09:45:00,110,123,116,124,84
2023-02-13 10:00:00,134,115,118,115,153
2023-02-13 10:15:00,144,104,101,156,109
2023-02-13 10:30:00,145,133,134,121,139
2023-02-13 10:45:00,125,131,115,127,158
2023-02-13 11:00:00,99,132,146,110,159
2023-02-13 11:15:00,166,120,107,133,134
2023-02-13 11:30:00,117,150,176,134,133
2023-02-13 11:45:00,121,138,145,115,132
2023-02-13 12:00:00,129,117,118,159,132
2023-02-13 12:15:00,147,162,124,114,122
2023-02-13 12:30:00,131,147,76,106,157
2023-02-13 12:45:00,141,123,127,129,142
2023-02-13 13:00:00,150,134,122,130,125
2023-02-13 13:15:00,112,105,165,96,137
2023-02-13 13:30:00,137,128,126,118,121
2023-02-13 13:45:00,117,141,158,118,130
2023-02-13 14:00:00,107,122,134,197,140
2023-02-13 14:15:00,124,118,151,99,155
2023-02-13 14:30:00,122,145,129,150,137
2023-02-13 14:45:00,148,118,148,125,151
2023-02-13 15:00:00,123,146,113,122,113
2023-02-13 15:15:00,101,153,117,141,132
2023-02-13 15:30:00,129,122,152,102,140
2023-02-13 15:45:00,116,135,119,132,132
2023-02-13 16:00:00,137,101,131,133,157
2023-02-13 16:15:00,127,118,135,125,130
2023-02-13 16:30:00,123,113,113,86,138
2023-02-13 16:45:00,163,121,123,129,137
2023-02-13 17:00:00,111,115,131,176,170
2023-02-13 17:15:00,136,139,143,124,109
2023-02-13 17:30:00,164,129,121,126,124
2023-02-13 17:45:00,112,124,160,152,104
2023-02-13 18:00:00,114,115,144,122,153
2023-02-13 18:15:00,142,123,157,168,103
2023-02-13 18:30:00,118,138,127,127,171
2023-02-13 18:45:00,129,140,157,142,167
2023-02-13 19:00:00,133,133,132,132,160
2023-02-13 19:15:00,168,122,116,116,131
2023-02-13 19:30:00,131,134,131,113,120
2023-02-13 19:45:00,129,128,193,111,99
2023-02-13 20:00:00,139,119,161,128,138
2023-02-13 20:15:00,158,131,130,131,165
2023-02-13 20:30:00,127,138,161,138,169
2023-02-13 20:45:00,135,124,184,155,141
2023-02-13 21:00:00,164,142,134,138,129
2023-02-13 21:15:00,116,90,165,139,120
2023-02-13 21:30:00,181,115,158,131,113
2023-02-13 21:45:00,120,109,156,120,103
2023-02-13 22:00:00,126,110,168,155,173
2023-02-13 22:15:00,156,149,142,103,116
2023-02-13 22:30:00,119,149,112,136,160
2023-02-13 22:45:00,127,133,106,118,143
2023-02-13 23:00:00,108,131,126,114,151
2023-02-13 23:15:00,123,144,102,150,140
2023-02-13 23:30:00,116,146,159,135,116
2023-02-13 23:45:00,110,128,119,132,164
2023-02-14 00:00:00,131,163,113,115,130
2023-02-14 00:15:00,199,146,162,160,136
2023-02-14 00:30:00,127,123,126,151,112
2023-02-14 00:45:00,173,83,109,116,163
2023-02-14 01:00:00,108,165,122,140,138
2023-02-14 01:15:00,145,128,121,118,158
2023-02-14 01:30:00,138,99,110,150,118
2023-02-14 01:45:00,127,151,146,126,162
2023-02-14 02:00:00,122,149,134,157,112
2023-02-14 02:15:00,154,135,148,138,127
2023-02-14 02:30:00,164,134,146,130,121
2023-02-14 02:45:00,134,140,160,139,153
2023-02-14 03:00:00,115,145,144,135,117
2023-02-14 03:15:00,104,146,137,153,151
2023-02-14 03:30:00,163,139,119,134,116
2023-02-14 03:45:00,148,127,125,136,157
2023-02-14 04:00:00,137,142,180,109,146
2023-02-14 04:15:00,136,166,135,183,94
2023-02-14 04:30:00,142,107,137,147,113
2023-02-14 04:45:00,124,136,121,149,147
2023-02-14 05:00:00,175,117,117,89,120
2023-02-14 05:15:00,135,163,143,107,121
2023-02-14 05:30:00,144,137,152,155,162
2023-02-14 05:45:00,159,165,110,119,155
2023-02-14 06:00:00,149,103,141,118,132
2023-02-14 06:15:00,148,121,161,130,136
2023-02-14 06:30:00,155,113,164,121,112
2023-02-14 06:45:00,150,164,129,114,128
2023-02-14 07:00:00,163,104,150,128,147
2023-02-14 07:15:00,143,153,145,139,117
2023-02-14 07:30:00,167,135,151,152,146
2023-02-14 07:45:00,109,129,180,100,140
2023-02-14 08:00:00,151,132,136,163,104
2023-02-14 08:15:00,133,139,134,111,118
2023-02-14 08:30:00,120,150,130,111,109
2023-02-14 08:45:00,133,135,154,144,101
2023-02-14 09:00:00,138,129,153,131,104
2023-02-14 09:15:00,88,115,156,102,187
2023-02-14 09:30:00,110,145,158,164,100
2023-02-14 09:45:00,140,124,105,157,131
2023-02-14 10:00:00,103,115,112,177,137
2023-02-14 10:15:00,135,143,164,132,144
2023-02-14 10:30:00,136,168,129,151,143
2023-02-14 10:45:00,127,123,147,149,126
2023-02-14 11:00:00,133,142,131,131,142
2023-02-14 11:15:00,123,141,136,98,136
2023-02-14 11:30:00,152,158,150,165,139
2023-02-14 11:45:00,94,119,156,127,138
2023-02-14 12:00:00,144,160,148,161,154
2023-02-14 12:15:00,178,118,163,160,148
2023-02-14 12:30:00,132,101,122,141,138
2023-02-14 12:45:00,161,146,130,141,143
2023-02-14 13:00:00,158,163,147,123,147
2023-02-14 13:15:00,120,125,133,155,153
2023-02-14 13:30:00,169,131,143,123,143
2023-02-14 13:45:00,132,134,108,161,186
2023-02-14 14:00:00,120,108,127,157,131
2023-02-14 14:15:00,143,130,121,154,122
2023-02-14 14:30:00,144,146,121,146,148
2023-02-14 14:45:00,128,109,130,168,124
2023-02-14 15:00:00,132,127,148,144,154
2023-02-14 15:15:00,132,132,152,154,144
2023-02-14 15:30:00,122,141,138,128,132
2023-02-14 15:45:00,130,120,121,104,191
2023-02-14 16:00:00,118,121,132,112,163
2023-02-14 16:15:00,110,106,134,114,133
2023-02-14 16:30:00,152,112,141,116,125
2023-02-14 16:45:00,108,112,123,145,80
2023-02-14 17:00:00,131,118,142,146,158
2023-02-14 17:15:00,151,164,164,131,113
2023-02-14 17:30:00,99,133,140,102,134
2023-02-14 17:45:00,135,158,92,102,160
2023-02-14 18:00:00,131,145,139,75,173
2023-02-14 18:15:00,137,144,129,84,145
2023-02-14 18:30:00,158,131,165,145,150
2023-02-14 18:45:00,118,135,124,118,124
2023-02-14 19:00:00,100,143,167,142,154
2023-02-14 19:15:00,139,130,102,136,164
2023-02-14 19:30:00,155,120,97,141,116
2023-02-14 19:45:00,138,151,135,141,148
2023-02-14 20:00:00,127,135,168,130,155
2023-02-14 20:15:00,154,112,112,141,122
2023-02-14 20:30:00,118,164,121,121,146
2023-02-14 20:45:00,165,175,117,134,113
2023-02-14 21:00:00,123,144,120,144,136
2023-02-14 21:15:00,196,144,150,140,131
2023-02-14 21:30:00,153,144,130,120,86
2023-02-14 21:45:00,132,146,136,119,139
2023-02-14 22:00:00,127,128,165,153,146
2023-02-14 22:15:00,153,130,134,111,159
2023-02-14 22:30:00,131,141,144,104,138
2023-02-14 22:45:00,118,115,125,115,129
2023-02-14 23:00:00,147,121,157,114,147
2023-02-14 23:15:00,151,113,137,174,140
2023-02-14 23:30:00,126,83,133,135,151
2023-02-14 23:45:00,130,154,101,102,115
2023-02-15 00:00:00,91,193,168,141,153
2023-02-15 00:15:00,113,154,145,172,123
2023-02-15 00:30:00,114,115,162,126,139
2023-02-15 00:45:00,153,119,111,174,145
2023-02-15 01:00:00,153,131,122,143,114
2023-02-15 01:15:00,142,150,118,143,161
2023-02-15 01:30:00,115,87,120,126,136
2023-02-15 01:45:00,114,114,101,160,119
2023-02-15 02:00:00,116,123,101,104,127
2023-02-15 02:15:00,148,158,143,162,169
2023-02-15 02:30:00,102,139,130,119,132
2023-02-15 02:45:00,123,132,125,138,124
2023-02-15 03:00:00,128,142,107,101,118
2023-02-15 03:15:00,149,131,122,122,113
2023-02-15 03:30:00,144,132,147,130,134
2023-02-15 03:45:00,111,131,159,131,129
2023-02-15 04:00:00,161,87,156,134,159
2023-02-15 04:15:00,155,139,149,149,131
2023-02-15 04:30:00,136,133,143,117,114
2023-02-15 04:45:00,126,148,131,124,112
2023-02-15 05:00:00,168,91,145,101,130
2023-02-15 05:15:00,140,134,182,153,146
2023-02-15 05:30:00,137,126,148,140,143
2023-02-15 05:45:00,152,150,135,167,159
2023-02-15 06:00:00,112,149,158,117,109
2023-02-15 06:15:00,137,158,121,129,174
2023-02-15 06:30:00,136,150,148,126,122
2023-02-15 06:45:00,140,133,93,123,122
2023-02-15 07:00:00,117,109,134,168,138
2023-02-15 07:15:00,144,102,149,123,120
2023-02-15 07:30:00,145,96,153,183,153
2023-02-15 07:45:00,145,104,128,144,129
2023-02-15 08:00:00,135,119,119,118,150
2023-02-15 08:15:00,139,126,140,134,139
2023-02-15 08:30:00,162,98,141,122,161
2023-02-15 08:45:00,121,110,132,165,108
2023-02-15 09:00:00,100,144,119,140,146
2023-02-15 09:15:00,119,124,103,126,140
2023-02-15 09:30:00,175,151,147,143,146
2023-02-15 09:45:00,112,124,158,129,129
2023-02-15 10:00:00,105,152,119,125,145
2023-02-15 10:15:00,115,108,162,158,163
2023-02-15 10:30:00,128,159,117,134,135
2023-02-15 10:45:00,131,130,122,128,144
2023-02-15 11:00:00,102,139,111,133,145
2023-02-15 11:15:00,134,146,180,153,142
2023-02-15 11:30:00,131,135,139,118,156
2023-02-15 11:45:00,140,123,127,154,147
2023-02-15 12:00:00,138,148,114,133,114
2023-02-15 12:15:00,169,131,137,142,136
2023-02-15 12:30:00,160,118,154,168,170
2023-02-15 12:45:00,136,115,120,138,169
2023-02-15 13:00:00,111,132,153,142,104
2023-02-15 13:15:00,127,149,142,147,146
2023-02-15 13:30:00,141,134,111,125,146
2023-02-15 13:45:00,87,101,131,157,145
2023-02-15 14:00:00,130,155,145,108,108
2023-02-15 14:15:00,108,150,152,156,153
2023-02-15 14:30:00,126,147,103,150,115
2023-02-15 14:45:00,132,88,137,130,155
2023-02-15 15:00:00,144,129,136,153,99
2023-02-15 15:15:00,117,160,153,127,153
2023-02-15 15:30:00,123,152,150,168,126
2023-02-15 15:45:00,136,127,87,139,141
2023-02-15 16:00:00,108,157,136,133,158
2023-02-15 16:15:00,166,123,102,123,101
2023-02-15 16:30:00,163,132,139,141,113
2023-02-15 16:45:00,134,147,170,180,146
2023-02-15 17:00:00,155,127,157,125,106
2023-02-15 17:15:00,123,152,150,117,111
2023-02-15 17:30:00,126,164,100,141,143
2023-02-15 17:45:00,128,131,128,145,145
2023-02-15 18:00:00,108,116,103,124,171
2023-02-15 18:15:00,180,124,130,124,159
2023-02-15 18:30:00,144,123,147,133,137
2023-02-15 18:45:00,127,153,122,136,134
2023-02-15 19:00:00,126,144,137,119,165
2023-02-15 19:15:00,122,158,150,111,135
2023-02-15 19:30:00,143,152,138,133,140
2023-02-15 19:45:00,142,128,115,146,130
2023-02-15 20:00:00,142,160,135,158,159
2023-02-15 20:15:00,137,135,131,144,151
2023-02-15 20:30:00,114,152,106,129,179
2023-02-15 20:45:00,135,149,143,99,176
2023-02-15 21:00:00,150,143,105,139,118
2023-02-15 21:15:00,168,135,116,135,133
2023-02-15 21:30:00,120,158,119,106,128
2023-02-15 21:45:00,121,138,101,127,117
2023-02-15 22:00:00,128,117,105,121,130
2023-02-15 22:15:00,157,147,150,156,158
2023-02-15 22:30:00,142,90,123,105,101
2023-02-15 22:45:00,160,105,153,136,131
2023-02-15 23:00:00,174,142,144,166,132
2023-02-15 23:15:00,128,168,130,149,129
2023-02-15 23:30:00,98,120,101,88,138
2023-02-15 23:45:00,145,145,127,156,120
2023-02-16 00:00:00,161,126,117,152,139
2023-02-16 00:15:00,139,128,127,100,132
2023-02-16 00:30:00,164,101,133,133,152
2023-02-16 00:45:00,121,148,133,117,117
2023-02-16 01:00:00,167,100,118,103,158
2023-02-16 01:15:00,107,160,150,103,138
2023-02-16 01:30:00,118,147,159,144,139
2023-02-16 01:45:00,121,110,165,116,142
2023-02-16 02:00:00,117,158,159,127,177
2023-02-16 02:15:00,100,74,130,135,128
2023-02-16 02:30:00,134,144,160,139,140
2023-02-16 02:45:00,123,149,107,138,139
2023-02-16 03:00:00,98,149,132,147,126
2023-02-16 03:15:00,139,121,139,143,148
2023-02-16 03:30:00,136,146,139,139,135
2023-02-16 03:45:00,177,145,140,111,125
2023-02-16 04:00:00,129,151,143,170,160
2023-02-16 04:15:00,177,150,150,123,101
2023-02-16 04:30:00,139,131,121,112,102
2023-02-16 04:45:00,123,159,97,137,118
2023-02-16 05:00:00,122,152,143,119,111
2023-02-16 05:15:00,126,138,137,161,112
2023-02-16 05:30:00,138,151,127,140,139
2023-02-16 05:45:00,113,154,152,122,155
2023-02-16 06:00:00,137,156,112,108,123
2023-02-16 06:15:00,112,127,138,123,166
2023-02-16 06:30:00,142,146,132,165,135
2023-02-16 06:45:00,133,135,150,123,126
2023-02-16 07:00:00,144,142,169,144,123
2023-02-16 07:15:00,107,142,98,153,155
2023-02-16 07:30:00,114,138,138,101,156
2023-02-16 07:45:00,152,175,116,157,152
2023-02-16 08:00:00,152,125,130,139,90
2023-02-16 08:15:00,158,147,152,112,97
2023-02-16 08:30:00,129,131,133,162,140
2023-02-16 08:45:00,155,103,132,157,152
2023-02-16 09:00:00,149,140,142,117,107
2023-02-16 09:15:00,108,132,134,145,123
2023-02-16 09:30:00,125,115,134,111,164
2023-02-16 09:45:00,155,168,110,124,155
2023-02-16 10:00:00,131,164,115,132,147
2023-02-16 10:15:00,144,144,111,127,126
2023-02-16 10:30:00,135,147,118,136,128
2023-02-16 10:45:00,160,151,169,174,118
2023-02-16 11:00:00,162,115,126,121,108
2023-02-16 11:15:00,144,123,125,116,123
2023-02-16 11:30:00,134,120,157,92,85
2023-02-16 11:45:00,97,163,144,204,141
2023-02-16 12:00:00,182,134,132,114,130
2023-02-16 12:15:00,135,123,148,125,147
2023-02-16 12:30:00,141,132,153,128,134
2023-02-16 12:45:00,141,126,162,150,126
2023-02-16 13:00:00,165,144,145,133,125
2023-02-16 13:15:00,124,120,135,145,98
2023-02-16 13:30:00,138,109,152,130,134
2023-02-16 13:45:00,133,147,128,123,112
2023-02-16 14:00:00,149,169,171,139,121
2023-02-16 14:15:00,128,155,171,157,136
2023-02-16 14:30:00,153,135,163,121,141
2023-02-16 14:45:00,117,138,137,138,159
2023-02-16 15:00:00,101,135,130,114,81
2023-02-16 15:15:00,156,140,117,130,105
2023-02-16 15:30:00,155,132,146,134,120
2023-02-16 15:45:00,129,146,147,138,108
2023-02-16 16:00:00,146,143,151,127,137
2023-02-16 16:15:00,133,129,176,106,133
2023-02-16 16:30:00,144,133,152,149,89
2023-02-16 16:45:00,153,102,147,117,135
2023-02-16 17:00:00,113,160,123,96,131
2023-02-16 17:15:00,166,133,99,146,134
2023-02-16 17:30:00,140,116,127,164,183
2023-02-16 17:45:00,156,107,142,152,173
2023-02-16 18:00:00,124,105,130,116,122
2023-02-16 18:15:00,138,114,149,139,129
2023-02-16 18:30:00,141,147,142,133,148
2023-02-16 18:45:00,154,131,144,142,165
2023-02-16 19:00:00,149,120,90,79,130
2023-02-16 19:15:00,124,144,176,152,128
2023-02-16 19:30:00,132,160,120,145,141
2023-02-16 19:45:00,182,139,131,134,151
2023-02-16 20:00:00,89,131,152,127,123
2023-02-16 20:15:00,156,131,106,117,144
2023-02-16 20:30:00,122,132,106,144,140
2023-02-16 20:45:00,112,142,95,115,133
2023-02-16 21:00:00,149,170,109,127,137
2023-02-16 21:15:00,128,137,147,150,187
2023-02-16 21:30:00,133,136,122,124,141
2023-02-16 21:45:00,127,95,168,126,141
2023-02-16 22:00:00,124,133,133,129,142
2023-02-16 22:15:00,150,136,101,180,132
2023-02-16 22:30:00,117,158,157,122,174
2023-02-16 22:45:00,148,153,142,164,120
2023-02-16 23:00:00,124,125,124,158,153
2023-02-16 23:15:00,125,119,108,137,135
2023-02-16 23:30:00,121,119,157,152,135
2023-02-16 23:45:00,136,160,115,127,164
2023-02-17 00:00:00,176,128,138,136,131
2023-02-17 00:15:00,146,138,109,117,138
2023-02-17 00:30:00,139,122,128,123,153
2023-02-17 00:45:00,125,133,114,124,88
2023-02-17 01:00:00,121,146,132,130,178
2023-02-17 01:15:00,133,147,98,135,181
2023-02-17 01:30:00,157,128,116,146,122
2023-02-17 01:45:00,150,103,153,140,127
2023-02-17 02:00:00,148,150,131,131,141
2023-02-17 02:15:00,124,124,116,124,154
2023-02-17 02:30:00,129,107,151,148,150
2023-02-17 02:45:00,154,154,119,154,148
2023-02-17 03:00:00,131,154,116,118,147
2023-02-17 03:15:00,139,142,137,155,127
2023-02-17 03:30:00,143,105,140,148,142
2023-02-17 03:45:00,135,136,161,142,139
2023-02-17 04:00:00,115,149,123,157,175
2023-02-17 04:15:00,156,126,129,133,135
2023-02-17 04:30:00,145,107,168,128,114
2023-02-17 04:45:00,145,118,150,82,112
2023-02-17 05:00:00,168,138,126,154,150
2023-02-17 05:15:00,131,139,121,128,153
2023-02-17 05:30:00,96,156,128,93,132
2023-02-17 05:45:00,124,133,109,144,120
2023-02-17 06:00:00,140,130,115,113,139
2023-02-17 06:15:00,126,130,140,124,176
2023-02-17 06:30:00,148,114,134,152,101
2023-02-17 06:45:00,128,107,87,96,143
2023-02-17 07:00:00,150,108,140,136,137
2023-02-17 07:15:00,126,143,145,132,139
2023-02-17 07:30:00,142,131,149,141,160
2023-02-17 07:45:00,130,155,151,148,143
2023-02-17 08:00:00,169,136,127,141,114
2023-02-17 08:15:00,135,155,87,141,147
2023-02-17 08:30:00,106,186,124,112,125
2023-02-17 08:45:00,161,99,138,135,118
2023-02-17 09:00:00,132,162,140,177,156
2023-02-17 09:15:00,136,132,146,157,156
2023-02-17 09:30:00,167,118,136,145,113
2023-02-17 09:45:00,133,153,133,127,135
2023-02-17 10:00:00,191,168,102,123,163
2023-02-17 10:15:00,140,160,140,135,145
2023-02-17 10:30:00,142,135,124,155,125
2023-02-17 10:45:00,157,109,136,161,162
2023-02-17 11:00:00,106,135,130,156,131
2023-02-17 11:15:00,135,144,115,133,146
2023-02-17 11:30:00,144,133,114,99,121
2023-02-17 11:45:00,131,143,147,175,114
2023-02-17 12:00:00,125,119,119,144,144
2023-02-17 12:15:00,127,143,159,154,79
2023-02-17 12:30:00,149,92,125,159,136
2023-02-17 12:45:00,134,107,153,173,126
2023-02-17 13:00:00,144,122,109,141,108
2023-02-17 13:15:00,65,145,132,153,154
2023-02-17 13:30:00,167,158,168,120,144
2023-02-17 13:45:00,128,140,154,121,157
2023-02-17 14:00:00,132,144,143,136,95
2023-02-17 14:15:00,148,136,145,136,123
2023-02-17 14:30:00,136,132,137,85,134
2023-02-17 14:45:00,157,143,166,153,119
2023-02-17 15:00:00,152,125,192,154,126
2023-02-17 15:15:00,127,157,135,108,136
2023-02-17 15:30:00,143,126,124,141,139
2023-02-17 15:45:00,126,134,139,172,124
2023-02-17 16:00:00,120,149,120,182,124
2023-02-17 16:15:00,154,124,124,126,100
2023-02-17 16:30:00,183,126,165,157,160
2023-02-17 16:45:00,132,121,149,119,136
2023-02-17 17:00:00,144,151,116,133,148
2023-02-17 17:15:00,114,137,122,145,137
2023-02-17 17:30:00,171,137,163,142,174
2023-02-17 17:45:00,126,139,136,182,155
2023-02-17 18:00:00,130,121,134,142,125
2023-02-17 18:15:00,160,116,119,99,129
2023-02-17 18:30:00,137,130,111,108,136
2023-02-17 18:45:00,157,147,108,129,124
2023-02-17 19:00:00,147,142,133,119,126
2023-02-17 19:15:00,161,132,144,140,131
2023-02-17 19:30:00,144,141,148,128,147
2023-02-17 19:45:00,147,100,101,163,148
2023-02-17 20:00:00,150,153,126,161,130
2023-02-17 20:15:00,132,156,102,114,161
2023-02-17 20:30:00,159,137,131,148,130
2023-02-17 20:45:00,98,148,156,136,135
2023-02-17 21:00:00,136,95,127,167,154
2023-02-17 21:15:00,168,127,171,144,150
2023-02-17 21:30:00,130,138,123,137,123
2023-02-17 21:45:00,152,176,150,110,134
2023-02-17 22:00:00,184,145,132,147,121
2023-02-17 22:15:00,145,150,112,143,130
2023-02-17 22:30:00,145,109,111,128,113
2023-02-17 22:45:00,175,128,164,144,117
2023-02-17 23:00:00,153,123,125,161,135
2023-02-17 23:15:00,137,100,137,152,111
2023-02-17 23:30:00,138,138,165,109,129
2023-02-17 23:45:00,168,136,137,173,103
2023-02-18 00:00:00,152,146,145,128,128
2023-02-18 00:15:00,139,157,166,179,148
2023-02-18 00:30:00,142,116,165,122,112
2023-02-18 00:45:00,120,135,139,149,204
2023-02-18 01:00:00,147,157,139,86,159
2023-02-18 01:15:00,94,152,125,114,144
2023-02-18 01:30:00,152,124,193,127,132
2023-02-18 01:45:00,134,128,144,114,155
2023-02-18 02:00:00,127,116,143,162,117
2023-02-18 02:15:00,168,135,139,170,127
2023-02-18 02:30:00,175,117,134,113,164
2023-02-18 02:45:00,112,141,174,102,149
2023-02-18 03:00:00,175,143,111,144,122
2023-02-18 03:15:00,144,140,169,119,130
2023-02-18 03:30:00,122,132,167,114,159
2023-02-18 03:45:00,130,148,177,128,129
2023-02-18 04:00:00,164,118,184,125,123
2023-02-18 04:15:00,131,130,129,111,159
2023-02-18 04:30:00,155,132,130,110,184
2023-02-18 04:45:00,133,151,157,150,134
2023-02-18 05:00:00,138,135,150,117,149
2023-02-18 05:15:00,117,109,167,171,172
2023-02-18 05:30:00,135,143,133,104,159
2023-02-18 05:45:00,167,148,91,122,101
2023-02-18 06:00:00,131,140,112,136,142
2023-02-18 06:15:00,111,153,111,131,144
2023-02-18 06:30:00,148,125,151,170,106
2023-02-18 06:45:00,116,157,157,137,138
2023-02-18 07:00:00,103,171,129,136,139
2023-02-18 07:15:00,177,141,144,167,117
2023-02-18 07:30:00,153,137,175,112,139
2023-02-18 07:45:00,139,132,122,152,128
2023-02-18 08:00:00,140,127,149,156,138
2023-02-18 08:15:00,129,94,145,121,117
2023-02-18 08:30:00,150,123,130,132,135
2023-02-18 08:45:00,118,151,159,138,122
2023-02-18 09:00:00,131,170,121,108,132
2023-02-18 09:15:00,147,148,129,151,105
2023-02-18 09:30:00,145,158,148,159,141
2023-02-18 09:45:00,141,106,149,152,146
2023-02-18 10:00:00,143,110,182,159,155
2023-02-18 10:15:00,136,153,147,169,138
2023-02-18 10:30:00,147,158,151,143,150
2023-02-18 10:45:00,154,136,129,142,127
2023-02-18 11:00:00,139,111,154,134,130
2023-02-18 11:15:00,98,137,137,103,155
2023-02-18 11:30:00,112,174,113,162,157
2023-02-18 11:45:00,167,152,137,130,147
2023-02-18 12:00:00,129,164,122,152,139
2023-02-18 12:15:00,120,132,139,151,158
2023-02-18 12:30:00,130,132,112,124,163
2023-02-18 12:45:00,152,104,148,167,121
2023-02-18 13:00:00,143,114,78,152,144
2023-02-18 13:15:00,130,132,165,131,194
2023-02-18 13:30:00,128,123,141,139,133
2023-02-18 13:45:00,130,147,143,136,154
2023-02-18 14:00:00,153,119,141,182,122
2023-02-18 14:15:00,116,96,130,142,137
2023-02-18 14:30:00,131,142,130,144,142
2023-02-18 14:45:00,154,136,115,98,127
2023-02-18 15:00:00,116,120,96,117,128
2023-02-18 15:15:00,145,116,123,105,143
2023-02-18 15:30:00,134,166,147,165,104
2023-02-18 15:45:00,153,123,155,112,141
2023-02-18 16:00:00,144,142,160,131,125
2023-02-18 16:15:00,122,127,146,135,145
2023-02-18 16:30:00,172,176,107,154,131
2023-02-18 16:45:00,130,114,111,133,152
2023-02-18 17:00:00,141,128,115,133,123
2023-02-18 17:15:00,154,144,145,129,150
2023-02-18 17:30:00,119,107,145,157,146
2023-02-18 17:45:00,154,152,104,114,123
2023-02-18 18:00:00,122,103,151,154,149
2023-02-18 18:15:00,134,163,128,118,100
2023-02-18 18:30:00,119,146,144,119,127
2023-02-18 18:45:00,102,131,134,152,140
2023-02-18 19:00:00,137,143,163,133,150
2023-02-18 19:15:00,153,124,130,103,117
2023-02-18 19:30:00,150,177,182,115,146
2023-02-18 19:45:00,132,147,152,144,114
2023-02-18 20:00:00,154,168,147,163,125
2023-02-18 20:15:00,174,105,158,127,145
2023-02-18 20:30:00,115,132,133,149,134
2023-02-18 20:45:00,136,119,152,139,158
2023-02-18 21:00:00,139,141,127,122,152
2023-02-18 21:15:00,104,164,133,132,167
2023-02-18 21:30:00,133,125,124,136,160
2023-02-18 21:45:00,150,171,127,146,111
2023-02-18 22:00:00,148,159,139,141,162
2023-02-18 22:15:00,142,158,144,135,157
2023-02-18 22:30:00,126,149,136,151,133
2023-02-18 22:45:00,144,150,150,142,117
2023-02-18 23:00:00,141,118,189,159,151
2023-02-18 23:15:00,121,98,112,128,91
2023-02-18 23:30:00,174,169,96,146,126
2023-02-18 23:45:00,154,120,171,153,146
2023-02-19 00:00:00,141,149,144,100,141
2023-02-19 00:15:00,129,127,149,138,118
2023-02-19 00:30:00,168,122,140,121,147
2023-02-19 00:45:00,159,136,149,142,121
2023-02-19 01:00:00,149,139,120,108,130
2023-02-19 01:15:00,138,104,147,119,172
2023-02-19 01:30:00,150,156,156,159,163
2023-02-19 01:45:00,141,119,125,154,134
2023-02-19 02:00:00,137,132,157,112,149
2023-02-19 02:15:00,96,136,137,118,129
2023-02-19 02:30:00,144,145,126,141,136
2023-02-19 02:45:00,157,157,144,148,174
2023-02-19 03:00:00,147,149,147,121,120
2023-02-19 03:15:00,146,147,149,115,126
2023-02-19 03:30:00,149,147,131,155,139
2023-02-19 03:45:00,133,120,106,126,88
2023-02-19 04:00:00,126,107,145,147,149
2023-02-19 04:15:00,140,141,161,125,156
2023-02-19 04:30:00,147,143,130,144,159
2023-02-19 04:45:00,109,166,143,180,192
2023-02-19 05:00:00,122,153,137,145,172
2023-02-19 05:15:00,145,145,136,156,187
2023-02-19 05:30:00,100,154,122,165,127
2023-02-19 05:45:00,133,156,137,110,134
2023-02-19 06:00:00,151,140,185,150,124
2023-02-19 06:15:00,138,171,110,102,192
2023-02-19 06:30:00,203,146,166,179,140
2023-02-19 06:45:00,146,122,131,141,128
2023-02-19 07:00:00,119,100,138,129,140
2023-02-19 07:15:00,85,157,149,180,160
2023-02-19 07:30:00,137,138,148,156,141
2023-02-19 07:45:00,154,121,138,150,138
2023-02-19 08:00:00,150,160,109,162,125
2023-02-19 08:15:00,156,149,114,113,142
2023-02-19 08:30:00,136,102,133,145,129
2023-02-19 08:45:00,137,134,166,117,120
2023-02-19 09:00:00,138,166,104,122,127
2023-02-19 09:15:00,111,139,94,149,126
2023-02-19 09:30:00,114,133,112,136,110
2023-02-19 09:45:00,125,127,117,138,106
2023-02-19 10:00:00,137,126,148,125,156
2023-02-19 10:15:00,130,144,115,107,171
2023-02-19 10:30:00,133,166,136,106,139
2023-02-19 10:45:00,130,194,186,114,137
2023-02-19 11:00:00,148,149,121,161,163
2023-02-19 11:15:00,130,148,133,129,159
2023-02-19 11:30:00,148,152,139,115,172
2023-02-19 11:45:00,186,105,117,134,166
2023-02-19 12:00:00,149,123,105,101,127
2023-02-19 12:15:00,154,137,145,157,131
2023-02-19 12:30:00,119,109,201,141,140
2023-02-19 12:45:00,142,122,93,125,159
2023-02-19 13:00:00,126,155,167,139,142
2023-02-19 13:15:00,127,146,126,145,132
2023-02-19 13:30:00,102,147,156,142,129
2023-02-19 13:45:00,133,125,141,152,131
2023-02-19 14:00:00,133,169,85,146,128
2023-02-19 14:15:00,131,137,115,124,101
2023-02-19 14:30:00,148,121,135,176,130
2023-02-19 14:45:00,121,164,136,116,155
2023-02-19 15:00:00,116,122,107,153,155
2023-02-19 15:15:00,141,93,146,107,145
2023-02-19 15:30:00,111,168,147,115,130
2023-02-19 15:45:00,166,121,88,97,139
2023-02-19 16:00:00,134,126,127,151,145
2023-02-19 16:15:00,153,110,119,110,118
2023-02-19 16:30:00,121,131,126,144,104
2023-02-19 16:45:00,144,147,183,131,151
2023-02-19 17:00:00,159,103,103,157,145
2023-02-19 17:15:00,127,105,139,141,106
2023-02-19 17:30:00,106,110,101,151,154
2023-02-19 17:45:00,157,151,147,143,100
2023-02-19 18:00:00,115,163,125,118,129
2023-02-19 18:15:00,157,116,121,130,124
2023-02-19 18:30:00,124,112,136,133,115
2023-02-19 18:45:00,137,116,152,136,146
2023-02-19 19:00:00,138,150,148,134,120
2023-02-19 19:15:00,152,168,152,154,178
2023-02-19 19:30:00,129,179,107,159,130
2023-02-19 19:45:00,139,144,118,125,147
2023-02-19 20:00:00,163,146,126,134,118
2023-02-19 20:15:00,126,129,118,162,157
2023-02-19 20:30:00,95,148,131,144,136
2023-02-19 20:45:00,153,75,116,130,95
2023-02-19 21:00:00,126,144,168,139,158
2023-02-19 21:15:00,139,175,141,179,148
2023-02-19 21:30:00,108,140,164,143,150
2023-02-19 21:45:00,149,144,150,98,145
2023-02-19 22:00:00,141,144,166,137,136
2023-02-19 22:15:00,95,149,165,157,154
2023-02-19 22:30:00,109,107,134,124,139
2023-02-19 22:45:00,144,130,158,121,165
2023-02-19 23:00:00,195,137,177,136,129
2023-02-19 23:15:00,158,175,117,120,153
2023-02-19 23:30:00,124,139,138,151,105
2023-02-19 23:45:00,148,128,130,120,157
2023-02-20 00:00:00,116,115,129,172,171
2023-02-20 00:15:00,146,138,157,127,143
2023-02-20 00:30:00,183,140,117,124,154
2023-02-20 00:45:00,131,164,151,125,175
2023-02-20 01:00:00,123,131,104,144,98
2023-02-20 01:15:00,152,141,148,154,103
2023-02-20 01:30:00,132,128,125,124,165
2023-02-20 01:45:00,105,164,122,195,117
2023-02-20 02:00:00,152,147,139,194,122
2023-02-20 02:15:00,125,117,174,123,139
2023-02-20 02:30:00,141,161,103,170,96
2023-02-20 02:45:00,120,154,154,144,157
2023-02-20 03:00:00,123,155,111,112,99
2023-02-20 03:15:00,124,121,177,133,136
2023-02-20 03:30:00,137,127,134,151,129
2023-02-20 03:45:00,120,128,97,118,138
2023-02-20 04:00:00,139,145,167,124,136
2023-02-20 04:15:00,117,139,92,145,93
2023-02-20 04:30:00,182,91,173,89,134
2023-02-20 04:45:00,126,123,146,144,101
2023-02-20 05:00:00,173,153,138,108,156
2023-02-20 05:15:00,169,144,161,142,166
2023-02-20 05:30:00,155,121,135,162,115
2023-02-20 05:45:00,147,118,138,125,157
2023-02-20 06:00:00,133,153,185,157,155
2023-02-20 06:15:00,172,128,162,135,104
2023-02-20 06:30:00,85,129,164,142,133
2023-02-20 06:45:00,120,138,137,157,164
2023-02-20 07:00:00,114,130,133,117,128
2023-02-20 07:15:00,123,131,140,151,132
2023-02-20 07:30:00,161,131,143,131,144
2023-02-20 07:45:00,116,115,177,158,131
2023-02-20 08:00:00,144,149,98,140,152
2023-02-20 08:15:00,134,139,136,116,119
2023-02-20 08:30:00,123,146,135,162,122
2023-02-20 08:45:00,178,163,164,113,111
2023-02-20 09:00:00,160,142,160,131,166
2023-02-20 09:15:00,144,139,168,132,121
2023-02-20 09:30:00,138,119,117,101,165
2023-02-20 09:45:00,122,146,148,132,151
2023-02-20 10:00:00,121,136,127,131,152
2023-02-20 10:15:00,141,117,121,144,158
2023-02-20 10:30:00,165,120,118,163,128
2023-02-20 10:45:00,127,140,162,159,119
2023-02-20 11:00:00,168,141,105,108,119
2023-02-20 11:15:00,143,117,146,121,132
2023-02-20 11:30:00,90,141,136,133,137
2023-02-20 11:45:00,70,129,120,156,151
2023-02-20 12:00:00,168,131,125,145,140
2023-02-20 12:15:00,151,136,141,103,149
2023-02-20 12:30:00,101,144,150,139,153
2023-02-20 12:45:00,124,134,182,149,124
2023-02-20 13:00:00,151,128,159,125,158
2023-02-20 13:15:00,120,172,152,119,157
2023-02-20 13:30:00,146,128,138,101,124
2023-02-20 13:45:00,154,145,175,133,147
2023-02-20 14:00:00,151,148,193,158,138
2023-02-20 14:15:00,150,167,148,107,131
2023-02-20 14:30:00,137,105,127,134,112
2023-02-20 14:45:00,120,169,137,98,129
2023-02-20 15:00:00,160,154,157,163,126
2023-02-20 15:15:00,160,110,133,129,122
2023-02-20 15:30:00,111,118,150,148,171
2023-02-20 15:45:00,115,100,120,133,108
2023-02-20 16:00:00,156,154,141,111,132
2023-02-20 16:15:00,119,103,131,139,146
2023-02-20 16:30:00,148,146,140,111,137
2023-02-20 16:45:00,132,113,135,177,123
2023-02-20 17:00:00,121,146,153,125,110
2023-02-20 17:15:00,147,146,138,161,126
2023-02-20 17:30:00,130,136,166,132,155
2023-02-20 17:45:00,165,151,143,125,126
2023-02-20 18:00:00,140,136,138,149,143
2023-02-20 18:15:00,113,152,142,133,124
2023-02-20 18:30:00,148,170,108,131,175
2023-02-20 18:45:00,104,118,134,116,147
2023-02-20 19:00:00,184,122,151,137,119
2023-02-20 19:15:00,135,156,97,128,114
2023-02-20 19:30:00,139,120,105,169,129
2023-02-20 19:45:00,125,133,138,133,151
2023-02-20 20:00:00,160,133,149,130,135
2023-02-20 20:15:00,147,137,175,117,121
2023-02-20 20:30:00,146,141,124,150,130
2023-02-20 20:45:00,122,130,117,133,97
2023-02-20 21:00:00,135,163,121,133,158
2023-02-20 21:15:00,152,134,155,148,141
2023-02-20 21:30:00,165,129,85,138,188
2023-02-20 21:45:00,162,113,134,126,108
2023-02-20 22:00:00,140,129,123,86,172
2023-02-20 22:15:00,137,122,105,137,127
2023-02-20 22:30:00,142,137,141,145,160
2023-02-20 22:45:00,139,132,143,150,172
2023-02-20 23:00:00,130,144,154,166,160
2023-02-20 23:15:00,123,133,143,97,128
2023-02-20 23:30:00,145,114,154,146,131
2023-02-20 23:45:00,154,128,152,123,141
2023-02-21 00:00:00,157,159,165,149,137
2023-02-21 00:15:00,210,118,144,129,155
2023-02-21 00:30:00,100,156,129,141,120
2023-02-21 00:45:00,132,174,155,123,133
2023-02-21 01:00:00,152,163,135,116,113
2023-02-21 01:15:00,141,138,162,151,148
2023-02-21 01:30:00,113,144,170,116,120
2023-02-21 01:45:00,146,157,99,120,146
2023-02-21 02:00:00,155,163,150,131,135
2023-02-21 02:15:00,161,132,126,153,162
2023-02-21 02:30:00,122,139,128,138,139
2023-02-21 02:45:00,175,118,143,122,144
2023-02-21 03:00:00,160,122,130,153,164
2023-02-21 03:15:00,132,132,137,155,143
2023-02-21 03:30:00,144,143,137,106,136
2023-02-21 03:45:00,143,101,126,123,151
2023-02-21 04:00:00,134,144,146,131,136
2023-02-21 04:15:00,163,157,118,138,101
2023-02-21 04:30:00,124,128,177,148,156
2023-02-21 04:45:00,141,129,126,143,128
2023-02-21 05:00:00,127,153,124,145,119
2023-02-21 05:15:00,116,110,152,113,136
2023-02-21 05:30:00,130,142,132,117,129
2023-02-21 05:45:00,145,142,88,127,123
2023-02-21 06:00:00,116,105,126,133,100
2023-02-21 06:15:00,155,126,150,113,145
2023-02-21 06:30:00,145,122,119,129,136
2023-02-21 06:45:00,167,128,150,132,154
2023-02-21 07:00:00,133,156,146,121,117
2023-02-21 07:15:00,141,136,119,130,124
2023-02-21 07:30:00,117,136,124,153,130
2023-02-21 07:45:00,182,138,130,180,129
2023-02-21 08:00:00,153,182,155,134,164
2023-02-21 08:15:00,132,147,116,113,170
2023-02-21 08:30:00,158,164,115,127,142
2023-02-21 08:45:00,100,128,143,119,112
2023-02-21 09:00:00,98,138,164,97,136
2023-02-21 09:15:00,163,125,169,143,112
2023-02-21 09:30:00,122,148,129,174,116
2023-02-21 09:45:00,142,74,151,174,130
2023-02-21 10:00:00,129,123,154,140,166
2023-02-21 10:15:00,142,169,154,135,116
2023-02-21 10:30:00,136,153,136,115,129
2023-02-21 10:45:00,151,139,129,74,179
2023-02-21 11:00:00,161,148,131,100,182
2023-02-21 11:15:00,103,145,137,139,118
2023-02-21 11:30:00,126,145,97,126,154
2023-02-21 11:45:00,124,166,164,161,108
2023-02-21 12:00:00,179,140,174,131,151
2023-02-21 12:15:00,176,164,125,156,174
2023-02-21 12:30:00,116,128,143,128,135
2023-02-21 12:45:00,152,107,148,147,156
2023-02-21 13:00:00,174,153,145,128,128
2023-02-21 13:15:00,182,141,153,167,137
2023-02-21 13:30:00,153,170,136,131,112
2023-02-21 13:45:00,169,127,142,116,149
2023-02-21 14:00:00,129,102,139,127,146
2023-02-21 14:15:00,157,161,145,120,155
2023-02-21 14:30:00,120,117,133,173,156
2023-02-21 14:45:00,131,142,180,146,133
2023-02-21 15:00:00,156,124,113,130,130
2023-02-21 15:15:00,143,130,145,127,154
2023-02-21 15:30:00,149,182,169,129,165
2023-02-21 15:45:00,112,139,130,135,149
2023-02-21 16:00:00,143,141,160,162,121
2023-02-21 16:15:00,139,138,129,132,123
2023-02-21 16:30:00,124,108,148,160,122
2023-02-21 16:45:00,156,116,154,139,167
2023-02-21 17:00:00,147,132,122,150,130
2023-02-21 17:15:00,126,153,150,128,143
2023-02-21 17:30:00,127,125,152,118,154
2023-02-21 17:45:00,171,158,118,154,139
2023-02-21 18:00:00,135,94,153,84,119
2023-02-21 18:15:00,116,145,176,141,139
2023-02-21 18:30:00,141,119,164,145,139
2023-02-21 18:45:00,132,115,117,92,142
2023-02-21 19:00:00,115,109,146,108,168
2023-02-21 19:15:00,153,116,143,122,146
2023-02-21 19:30:00,146,139,143,139,170
2023-02-21 19:45:00,121,147,154,132,139
2023-02-21 20:00:00,150,141,180,150,135
2023-02-21 20:15:00,135,133,149,150,136
2023-02-21 20:30:00,120,158,145,145,106
2023-02-21 20:45:00,125,134,161,86,128
2023-02-21 21:00:00,125,140,193,124,128
2023-02-21 21:15:00,146,142,148,146,134
2023-02-21 21:30:00,139,131,142,200,116
2023-02-21 21:45:00,144,113,140,125,128
2023-02-21 22:00:00,124,112,154,151,149
2023-02-21 22:15:00,132,154,130,130,132
2023-02-21 22:30:00,153,169,148,154,113
2023-02-21 22:45:00,62,146,127,163,137
2023-02-21 23:00:00,129,125,119,132,101
2023-02-21 23:15:00,140,154,157,154,181
2023-02-21 23:30:00,151,118,140,117,152
2023-02-21 23:45:00,124,125,109,122,159
2023-02-22 00:00:00,146,135,124,114,148
2023-02-22 00:15:00,126,158,126,131,120
2023-02-22 00:30:00,162,134,116,120,162
2023-02-22 00:45:00,120,98,132,137,162
2023-02-22 01:00:00,167,163,103,129,157
2023-02-22 01:15:00,110,149,153,130,111
2023-02-22 01:30:00,116,143,112,120,118
2023-02-22 01:45:00,163,129,160,115,167
2023-02-22 02:00:00,153,143,72,147,132
2023-02-22 02:15:00,149,122,137,116,146
2023-02-22 02:30:00,140,131,136,148,150
2023-02-22 02:45:00,118,149,140,136,151
2023-02-22 03:00:00,143,103,140,144,139
2023-02-22 03:15:00,137,134,163,148,146
2023-02-22 03:30:00,133,130,136,162,125
2023-02-22 03:45:00,142,153,140,185,96
2023-02-22 04:00:00,147,102,149,148,149
2023-02-22 04:15:00,138,126,161,125,130
2023-02-22 04:30:00,139,104,140,136,123
2023-02-22 04:45:00,124,141,130,169,142
2023-02-22 05:00:00,125,139,108,115,174
2023-02-22 05:15:00,141,141,131,141,182
2023-02-22 05:30:00,140,113,125,177,155
2023-02-22 05:45:00,153,106,121,134,139
2023-02-22 06:00:00,141,155,161,126,151
2023-02-22 06:15:00,129,144,123,127,112
2023-02-22 06:30:00,143,130,155,156,160
2023-02-22 06:45:00,114,162,116,128,136
2023-02-22 07:00:00,146,134,128,153,133
2023-02-22 07:15:00,112,154,155,146,155
2023-02-22 07:30:00,143,162,120,141,151
2023-02-22 07:45:00,146,148,141,171,101
2023-02-22 08:00:00,159,143,137,133,168
2023-02-22 08:15:00,130,143,136,131,166
2023-02-22 08:30:00,158,118,125,153,153
2023-02-22 08:45:00,142,180,177,170,148
2023-02-22 09:00:00,104,135,146,139,123
2023-02-22 09:15:00,145,145,165,168,105
2023-02-22 09:30:00,140,140,96,163,93
2023-02-22 09:45:00,146,97,129,127,130
2023-02-22 10:00:00,141,170,141,120,153
2023-02-22 10:15:00,140,138,92,119,166
2023-02-22 10:30:00,135,161,127,128,124
2023-02-22 10:45:00,142,159,132,104,157
2023-02-22 11:00:00,175,147,159,116,166
2023-02-22 11:15:00,142,159,133,156,140
2023-02-22 11:30:00,146,129,127,161,87
2023-02-22 11:45:00,143,137,118,130,122
2023-02-22 12:00:00,121,121,151,140,146
2023-02-22 12:15:00,111,170,108,137,138
2023-02-22 12:30:00,105,139,159,126,145
2023-02-22 12:45:00,124,125,136,106,113
2023-02-22 13:00:00,121,137,119,155,143
2023-02-22 13:15:00,152,121,125,164,157
2023-02-22 13:30:00,150,95,149,82,165
2023-02-22 13:45:00,146,131,143,109,148
2023-02-22 14:00:00,165,145,133,125,105
2023-02-22 14:15:00,144,134,122,157,152
2023-02-22 14:30:00,112,155,164,117,135
2023-02-22 14:45:00,118,105,146,109,161
2023-02-22 15:00:00,117,115,114,145,105
2023-02-22 15:15:00,128,127,155,158,168
2023-02-22 15:30:00,107,156,138,156,138
2023-02-22 15:45:00,134,112,94,134,132
2023-02-22 16:00:00,118,170,126,123,136
2023-02-22 16:15:00,125,136,136,156,161
2023-02-22 16:30:00,142,107,110,160,157
2023-02-22 16:45:00,137,152,135,140,141
2023-02-22 17:00:00,162,131,166,142,142
2023-02-22 17:15:00,133,130,147,131,142
2023-02-22 17:30:00,169,170,158,169,133
2023-02-22 17:45:00,136,153,138,166,139
2023-02-22 18:00:00,126,115,124,176,135
2023-02-22 18:15:00,149,124,151,168,108
2023-02-22 18:30:00,143,118,142,145,156
2023-02-22 18:45:00,153,144,159,133,121
2023-02-22 19:00:00,158,146,157,145,160
2023-02-22 19:15:00,131,173,154,138,100
2023-02-22 19:30:00,102,127,182,116,123
2023-02-22 19:45:00,134,116,126,160,121
2023-02-22 20:00:00,142,107,141,141,154
2023-02-22 20:15:00,126,122,114,150,152
2023-02-22 20:30:00,118,140,142,162,156
2023-02-22 20:45:00,96,160,120,113,131
2023-02-22 21:00:00,163,125,129,163,150
2023-02-22 21:15:00,139,156,144,164,154
2023-02-22 21:30:00,161,95,142,150,132
2023-02-22 21:45:00,116,158,143,123,134
2023-02-22 22:00:00,167,145,135,117,122
2023-02-22 22:15:00,119,159,129,138,151
2023-02-22 22:30:00,130,175,150,147,127
2023-02-22 22:45:00,140,118,157,108,134
2023-02-22 23:00:00,187,135,143,179,153
2023-02-22 23:15:00,151,190,137,124,123
2023-02-22 23:30:00,145,142,131,95,152
2023-02-22 23:45:00,141,124,129,128,155
2023-02-23 00:00:00,129,122,153,155,172
2023-02-23 00:15:00,133,155,142,150,151
2023-02-23 00:30:00,162,167,124,157,120
2023-02-23 00:45:00,121,126,118,145,114
2023-02-23 01:00:00,143,151,173,123,159
2023-02-23 01:15:00,144,150,150,148,153
2023-02-23 01:30:00,142,151,128,129,147
2023-02-23 01:45:00,120,153,120,175,157
2023-02-23 02:00:00,132,154,117,177,156
2023-02-23 02:15:00,154,161,124,175,122
2023-02-23 02:30:00,154,133,123,174,151
2023-02-23 02:45:00,150,113,98,120,135
2023-02-23 03:00:00,181,83,133,127,136
2023-02-23 03:15:00,129,177,150,140,143
2023-02-23 03:30:00,147,122,152,149,170
2023-02-23 03:45:00,91,110,156,118,171
2023-02-23 04:00:00,128,126,145,112,149
2023-02-23 04:15:00,107,156,125,141,131
2023-02-23 04:30:00,134,114,149,139,136
2023-02-23 04:45:00,167,118,182,136,156
2023-02-23 05:00:00,106,116,129,168,127
2023-02-23 05:15:00,111,121,103,157,119
2023-02-23 05:30:00,117,115,137,141,132
2023-02-23 05:45:00,158,133,133,135,111
2023-02-23 06:00:00,121,133,150,116,149
2023-02-23 06:15:00,155,119,110,89,161
2023-02-23 06:30:00,140,147,134,107,135
2023-02-23 06:45:00,147,128,182,126,145
2023-02-23 07:00:00,153,115,167,170,159
2023-02-23 07:15:00,99,133,150,144,126
2023-02-23 07:30:00,127,154,128,157,132
2023-02-23 07:45:00,113,151,137,120,127
2023-02-23 08:00:00,143,130,143,135,142
2023-02-23 08:15:00,219,154,125,158,91
2023-02-23 08:30:00,149,143,162,141,130
2023-02-23 08:45:00,125,118,124,85,108
2023-02-23 09:00:00,171,126,107,161,119
2023-02-23 09:15:00,118,103,122,134,125
2023-02-23 09:30:00,152,180,161,135,145
2023-02-23 09:45:00,151,152,140,120,102
2023-02-23 10:00:00,107,140,143,169,141
2023-02-23 10:15:00,94,198,136,157,134
2023-02-23 10:30:00,116,138,124,117,131
2023-02-23 10:45:00,146,151,150,116,103
2023-02-23 11:00:00,115,120,144,121,127
2023-02-23 11:15:00,116,166,166,124,175
2023-02-23 11:30:00,137,155,109,136,172
2023-02-23 11:45:00,134,203,134,139,118
2023-02-23 12:00:00,137,128,112,119,116
2023-02-23 12:15:00,134,147,136,113,139
2023-02-23 12:30:00,114,124,161,131,122
2023-02-23 12:45:00,110,147,106,138,136
2023-02-23 13:00:00,147,164,157,136,128
2023-02-23 13:15:00,92,131,120,149,143
2023-02-23 13:30:00,149,141,138,123,166
2023-02-23 13:45:00,131,142,165,104,153
2023-02-23 14:00:00,114,146,152,148,121
2023-02-23 14:15:00,119,124,123,162,122
2023-02-23 14:30:00,175,121,150,126,171
2023-02-23 14:45:00,140,159,129,131,138
2023-02-23 15:00:00,131,124,128,147,114
2023-02-23 15:15:00,139,119,161,132,130
2023-02-23 15:30:00,138,129,154,131,131
2023-02-23 15:45:00,121,126,153,138,163
2023-02-23 16:00:00,104,110,140,130,151
2023-02-23 16:15:00,154,134,140,137,170
2023-02-23 16:30:00,166,112,135,79,138
2023-02-23 16:45:00,146,184,151,115,152
2023-02-23 17:00:00,114,153,161,177,97
2023-02-23 17:15:00,96,141,162,140,124
2023-02-23 17:30:00,150,112,152,127,149
2023-02-23 17:45:00,144,138,126,147,161
2023-02-23 18:00:00,164,151,146,138,135
2023-02-23 18:15:00,149,144,122,118,156
2023-02-23 18:30:00,111,139,170,140,143
2023-02-23 18:45:00,164,137,165,171,150
2023-02-23 19:00:00,147,136,143,117,155
2023-02-23 19:15:00,161,150,131,121,191
2023-02-23 19:30:00,115,144,155,142,117
2023-02-23 19:45:00,132,144,140,136,138
2023-02-23 20:00:00,144,192,101,145,145
2023-02-23 20:15:00,134,117,140,188,156
2023-02-23 20:30:00,148,122,152,136,138
2023-02-23 20:45:00,154,159,129,162,113
2023-02-23 21:00:00,153,139,124,128,146
2023-02-23 21:15:00,128,153,137,134,119
2023-02-23 21:30:00,126,202,140,160,142
2023-02-23 21:45:00,129,164,136,171,153
2023-02-23 22:00:00,165,139,134,166,169
2023-02-23 22:15:00,137,148,129,147,153
2023-02-23 22:30:00,122,128,142,130,133
2023-02-23 22:45:00,141,153,107,118,119
2023-02-23 23:00:00,129,154,134,133,145
2023-02-23 23:15:00,130,126,128,123,120
2023-02-23 23:30:00,118,130,145,110,127
2023-02-23 23:45:00,116,153,146,148,152
2023-02-24 00:00:00,150,150,133,159,175
2023-02-24 00:15:00,141,135,143,128,158
2023-02-24 00:30:00,131,115,123,120,167
2023-02-24 00:45:00,128,178,158,129,154
2023-02-24 01:00:00,170,109,164,146,142
2023-02-24 01:15:00,152,142,160,101,135
2023-02-24 01:30:00,170,150,116,126,180
2023-02-24 01:45:00,116,126,135,108,183
2023-02-24 02:00:00,151,148,147,123,122
2023-02-24 02:15:00,152,157,149,152,127
2023-02-24 02:30:00,129,155,133,128,122
2023-02-24 02:45:00,131,133,136,106,113
2023-02-24 03:00:00,127,169,155,143,95
2023-02-24 03:15:00,156,154,134,173,137
2023-02-24 03:30:00,122,173,85,149,146
2023-02-24 03:45:00,129,160,121,162,135
2023-02-24 04:00:00,117,138,106,159,148
2023-02-24 04:15:00,143,119,150,118,135
2023-02-24 04:30:00,129,112,108,98,163
2023-02-24 04:45:00,172,177,171,114,154
2023-02-24 05:00:00,152,143,144,143,135
2023-02-24 05:15:00,98,156,126,146,127
2023-02-24 05:30:00,122,155,156,160,171
2023-02-24 05:45:00,121,127,123,141,141
2023-02-24 06:00:00,175,127,148,115,156
2023-02-24 06:15:00,111,125,103,169,135
2023-02-24 06:30:00,134,172,184,133,141
2023-02-24 06:45:00,131,140,155,133,114
2023-02-24 07:00:00,127,136,157,139,131
2023-02-24 07:15:00,105,147,111,132,135
2023-02-24 07:30:00,145,137,134,175,160
2023-02-24 07:45:00,150,152,155,136,192
2023-02-24 08:00:00,119,127,120,127,115
2023-02-24 08:15:00,159,156,131,166,144
2023-02-24 08:30:00,122,142,143,149,146
2023-02-24 08:45:00,147,126,145,161,129
2023-02-24 09:00:00,134,177,138,150,169
2023-02-24 09:15:00,124,129,158,140,144
2023-02-24 09:30:00,104,135,127,159,110
2023-02-24 09:45:00,120,113,149,146,170
2023-02-24 10:00:00,136,145,126,159,176
2023-02-24 10:15:00,130,173,138,122,138
2023-02-24 10:30:00,106,149,124,125,112
2023-02-24 10:45:00,150,138,141,187,129
2023-02-24 11:00:00,133,115,140,147,131
2023-02-24 11:15:00,147,117,141,123,135
2023-02-24 11:30:00,106,131,163,147,152
2023-02-24 11:45:00,169,117,144,152,149
2023-02-24 12:00:00,160,116,126,153,132
2023-02-24 12:15:00,141,116,135,161,122
2023-02-24 12:30:00,116,134,153,125,163
2023-02-24 12:45:00,197,146,127,153,153
2023-02-24 13:00:00,139,169,109,132,94
2023-02-24 13:15:00,135,125,173,124,144
2023-02-24 13:30:00,150,117,159,142,145
2023-02-24 13:45:00,148,157,142,166,146
2023-02-24 14:00:00,142,126,125,158,157
2023-02-24 14:15:00,94,130,122,179,137
2023-02-24 14:30:00,162,182,126,100,174
2023-02-24 14:45:00,135,119,155,152,131
2023-02-24 15:00:00,146,137,136,154,134
2023-02-24 15:15:00,137,126,130,168,150
2023-02-24 15:30:00,129,132,178,99,144
2023-02-24 15:45:00,153,161,105,140,156
2023-02-24 16:00:00,149,127,178,163,129
2023-02-24 16:15:00,143,134,131,145,171
2023-02-24 16:30:00,137,112,88,121,110
2023-02-24 16:45:00,159,154,190,140,130
2023-02-24 17:00:00,140,147,141,160,150
2023-02-24 17:15:00,176,160,147,149,162
2023-02-24 17:30:00,145,122,163,134,120
2023-02-24 17:45:00,128,160,149,98,150
2023-02-24 18:00:00,164,116,169,152,164
2023-02-24 18:15:00,191,161,120,113,166
2023-02-24 18:30:00,148,111,156,116,139
2023-02-24 18:45:00,127,139,137,182,131
2023-02-24 19:00:00,146,142,196,161,112
2023-02-24 19:15:00,122,100,143,172,176
2023-02-24 19:30:00,129,146,185,145,128
2023-02-24 19:45:00,162,142,147,158,155
2023-02-24 20:00:00,153,124,151,147,134
2023-02-24 20:15:00,130,145,118,160,144
2023-02-24 20:30:00,165,124,149,162,156
2023-02-24 20:45:00,117,151,137,154,118
2023-02-24 21:00:00,138,109,115,127,168
2023-02-24 21:15:00,113,133,129,144,147
2023-02-24 21:30:00,178,156,137,136,188
2023-02-24 21:45:00,178,165,113,132,164
2023-02-24 22:00:00,105,122,152,118,143
2023-02-24 22:15:00,128,164,176,138,145
2023-02-24 22:30:00,127,141,136,149,140
2023-02-24 22:45:00,155,170,117,133,152
2023-02-24 23:00:00,121,148,141,115,140
2023-02-24 23:15:00,128,180,115,166,93
2023-02-24 23:30:00,143,133,140,108,144
2023-02-24 23:45:00,160,191,145,121,148
2023-02-25 00:00:00,159,142,162,155,167
2023-02-25 00:15:00,163,102,112,115,146
2023-02-25 00:30:00,177,154,159,161,143
2023-02-25 00:45:00,151,121,127,158,112
2023-02-25 01:00:00,137,146,145,146,105
2023-02-25 01:15:00,184,126,142,120,138
2023-02-25 01:30:00,132,161,147,171,159
2023-02-25 01:45:00,141,159,135,159,173
2023-02-25 02:00:00,147,164,117,156,152
2023-02-25 02:15:00,145,170,165,142,97
2023-02-25 02:30:00,121,142,162,138,145
2023-02-25 02:45:00,151,127,152,122,122
2023-02-25 03:00:00,136,151,146,174,154
2023-02-25 03:15:00,128,163,117,130,145
2023-02-25 03:30:00,134,109,113,123,165
2023-02-25 03:45:00,116,158,140,116,139
2023-02-25 04:00:00,131,107,162,156,183
2023-02-25 04:15:00,139,116,125,122,139
2023-02-25 04:30:00,153,154,197,152,94
2023-02-25 04:45:00,144,126,149,165,131
2023-02-25 05:00:00,123,148,185,175,147
2023-02-25 05:15:00,126,174,141,146,133
2023-02-25 05:30:00,173,154,139,117,108
2023-02-25 05:45:00,131,138,111,139,126
2023-02-25 06:00:00,149,126,149,174,109
2023-02-25 06:15:00,116,129,123,147,137
2023-02-25 06:30:00,173,137,135,160,140
2023-02-25 06:45:00,92,117,126,124,136
2023-02-25 07:00:00,181,108,127,138,135
2023-02-25 07:15:00,139,126,131,115,130
2023-02-25 07:30:00,124,140,148,149,151
2023-02-25 07:45:00,167,114,104,133,116
2023-02-25 08:00:00,147,134,176,141,134
2023-02-25 08:15:00,155,115,123,154,117
2023-02-25 08:30:00,146,170,127,138,152
2023-02-25 08:45:00,158,152,155,152,177
2023-02-25 09:00:00,144,195,161,139,131
2023-02-25 09:15:00,117,133,144,141,147
2023-02-25 09:30:00,133,167,122,158,107
2023-02-25 09:45:00,182,166,149,143,143
2023-02-25 10:00:00,160,132,157,152,147
2023-02-25 10:15:00,173,125,139,130,146
2023-02-25 10:30:00,165,131,149,162,128
2023-02-25 10:45:00,165,131,139,129,152
2023-02-25 11:00:00,139,145,116,112,160
2023-02-25 11:15:00,139,147,148,126,159
2023-02-25 11:30:00,147,175,122,194,109
2023-02-25 11:45:00,136,148,144,131,148
2023-02-25 12:00:00,129,133,122,128,112
2023-02-25 12:15:00,138,120,147,135,146
2023-02-25 12:30:00,114,119,167,133,149
2023-02-25 12:45:00,152,156,135,134,116
2023-02-25 13:00:00,142,120,127,134,137
2023-02-25 13:15:00,147,148,143,123,139
2023-02-25 13:30:00,170,141,118,135,133
2023-02-25 13:45:00,146,101,129,138,165
2023-02-25 14:00:00,130,111,122,152,141
2023-02-25 14:15:00,118,160,123,173,147
2023-02-25 14:30:00,110,148,111,110,152
2023-02-25 14:45:00,142,144,159,159,133
2023-02-25 15:00:00,140,141,147,162,139
2023-02-25 15:15:00,133,143,125,179,151
2023-02-25 15:30:00,120,131,172,156,177
2023-02-25 15:45:00,123,145,108,141,141
2023-02-25 16:00:00,134,147,112,138,134
2023-02-25 16:15:00,131,125,139,155,130
2023-02-25 16:30:00,130,138,139,138,144
2023-02-25 16:45:00,136,102,145,138,181
2023-02-25 17:00:00,177,149,122,141,129
2023-02-25 17:15:00,151,133,161,115,163
2023-02-25 17:30:00,181,143,159,137,144
2023-02-25 17:45:00,153,165,144,127,147
2023-02-25 18:00:00,120,155,137,171,126
2023-02-25 18:15:00,127,148,100,104,123
2023-02-25 18:30:00,130,130,145,134,153
2023-02-25 18:45:00,177,134,158,154,86
2023-02-25 19:00:00,159,147,145,131,158
2023-02-25 19:15:00,107,121,129,147,135
2023-02-25 19:30:00,152,154,171,180,140
2023-02-25 19:45:00,139,135,156,143,144
2023-02-25 20:00:00,170,126,125,142,142
2023-02-25 20:15:00,158,152,164,128,145
2023-02-25 20:30:00,144,133,156,138,157
2023-02-25 20:45:00,104,158,127,127,150
2023-02-25 21:00:00,110,158,164,124,139
2023-02-25 21:15:00,141,150,142,153,137
2023-02-25 21:30:00,128,147,138,184,118
2023-02-25 21:45:00,127,134,122,138,114
2023-02-25 22:00:00,111,132,134,138,153
2023-02-25 22:15:00,155,150,118,172,112
2023-02-25 22:30:00,119,156,183,155,144
2023-02-25 22:45:00,101,136,143,148,155
2023-02-25 23:00:00,121,91,60,142,144
2023-02-25 23:15:00,170,159,143,137,143
2023-02-25 23:30:00,134,133,164,172,169
2023-02-25 23:45:00,151,137,158,153,157
2023-02-26 00:00:00,128,136,154,115,140
2023-02-26 00:15:00,112,185,147,145,141
2023-02-26 00:30:00,174,105,142,137,112
2023-02-26 00:45:00,159,159,90,117,145
2023-02-26 01:00:00,125,177,113,123,139
2023-02-26 01:15:00,153,166,144,142,156
2023-02-26 01:30:00,141,158,120,132,140
2023-02-26 01:45:00,125,117,160,136,161
2023-02-26 02:00:00,108,138,167,144,164
2023-02-26 02:15:00,120,135,112,148,157
2023-02-26 02:30:00,125,135,170,167,154
2023-02-26 02:45:00,172,135,151,156,172
2023-02-26 03:00:00,109,120,155,96,151
2023-02-26 03:15:00,146,127,150,142,121
2023-02-26 03:30:00,123,152,163,135,129
2023-02-26 03:45:00,130,157,126,114,138
2023-02-26 04:00:00,125,151,121,143,138
2023-02-26 04:15:00,163,157,144,124,166
2023-02-26 04:30:00,132,139,149,193,148
2023-02-26 04:45:00,159,148,165,179,150
2023-02-26 05:00:00,108,120,139,109,134
2023-02-26 05:15:00,140,160,140,109,147
2023-02-26 05:30:00,88,130,121,178,96
2023-02-26 05:45:00,170,142,164,163,125
2023-02-26 06:00:00,119,138,130,135,116
2023-02-26 06:15:00,134,132,136,143,124
2023-02-26 06:30:00,129,136,115,137,113
2023-02-26 06:45:00,140,160,126,121,114
2023-02-26 07:00:00,137,123,146,143,131
2023-02-26 07:15:00,140,106,109,145,154
2023-02-26 07:30:00,154,156,106,139,153
2023-02-26 07:45:00,130,150,177,144,128
2023-02-26 08:00:00,120,168,115,178,175
2023-02-26 08:15:00,152,149,145,139,153
2023-02-26 08:30:00,150,142,206,132,195
2023-02-26 08:45:00,147,137,150,105,87
2023-02-26 09:00:00,146,129,120,111,128
2023-02-26 09:15:00,119,162,126,146,132
2023-02-26 09:30:00,119,151,138,145,117
2023-02-26 09:45:00,147,154,147,143,141
2023-02-26 10:00:00,149,151,165,171,154
2023-02-26 10:15:00,153,143,142,125,145
2023-02-26 10:30:00,118,135,135,122,174
2023-02-26 10:45:00,164,118,106,180,141
2023-02-26 11:00:00,106,136,116,147,139
2023-02-26 11:15:00,110,124,102,131,131
2023-02-26 11:30:00,129,151,123,166,143
2023-02-26 11:45:00,140,141,159,121,104
2023-02-26 12:00:00,127,119,155,176,142
2023-02-26 12:15:00,134,118,149,127,105
2023-02-26 12:30:00,132,159,134,159,127
2023-02-26 12:45:00,153,181,148,129,162
2023-02-26 13:00:00,122,131,157,172,155
2023-02-26 13:15:00,141,120,135,122,151
2023-02-26 13:30:00,153,122,143,96,136
2023-02-26 13:45:00,165,119,136,144,149
2023-02-26 14:00:00,143,157,139,117,151
2023-02-26 14:15:00,178,163,141,128,150
2023-02-26 14:30:00,148,131,167,112,150
2023-02-26 14:45:00,84,172,111,176,152
2023-02-26 15:00:00,163,115,169,135,146
2023-02-26 15:15:00,153,150,175,151,129
2023-02-26 15:30:00,119,141,151,159,150
2023-02-26 15:45:00,135,105,108,174,106
2023-02-26 16:00:00,142,126,183,131,94
2023-02-26 16:15:00,156,181,172,125,135
2023-02-26 16:30:00,93,196,141,180,152
2023-02-26 16:45:00,129,157,159,141,135
2023-02-26 17:00:00,159,112,166,128,130
2023-02-26 17:15:00,134,140,148,173,132
2023-02-26 17:30:00,152,132,134,179,148
2023-02-26 17:45:00,138,135,117,141,163
2023-02-26 18:00:00,154,125,162,138,162
2023-02-26 18:15:00,196,126,142,119,152
2023-02-26 18:30:00,167,100,142,148,152
2023-02-26 18:45:00,118,198,141,139,150
2023-02-26 19:00:00,186,124,93,143,153
2023-02-26 19:15:00,146,121,150,128,131
2023-02-26 19:30:00,199,146,166,138,150
2023-02-26 19:45:00,152,157,181,143,184
2023-02-26 20:00:00,154,117,161,145,121
2023-02-26 20:15:00,143,128,115,137,148
2023-02-26 20:30:00,153,140,160,143,127
2023-02-26 20:45:00,127,145,139,123,125
2023-02-26 21:00:00,136,133,114,135,115
2023-02-26 21:15:00,134,119,120,133,151
2023-02-26 21:30:00,140,123,124,143,148
2023-02-26 21:45:00,136,119,164,158,176
2023-02-26 22:00:00,160,138,138,118,132
2023-02-26 22:15:00,115,155,146,127,185
2023-02-26 22:30:00,141,136,99,144,148
2023-02-26 22:45:00,164,138,139,133,143
2023-02-26 23:00:00,137,128,156,135,126
2023-02-26 23:15:00,203,150,139,161,133
2023-02-26 23:30:00,87,132,154,143,144
2023-02-26 23:45:00,100,137,122,139,174
2023-02-27 00:00:00,153,117,116,156,155
2023-02-27 00:15:00,136,148,181,156,143
2023-02-27 00:30:00,119,113,143,135,146
2023-02-27 00:45:00,108,144,132,154,151
2023-02-27 01:00:00,129,153,116,138,121
2023-02-27 01:15:00,127,155,155,177,155
2023-02-27 01:30:00,138,159,170,124,133
2023-02-27 01:45:00,153,134,140,123,113
2023-02-27 02:00:00,145,109,152,152,150
2023-02-27 02:15:00,128,145,127,145,174
2023-02-27 02:30:00,153,130,127,106,165
2023-02-27 02:45:00,128,130,128,134,143
2023-02-27 03:00:00,107,142,147,143,150
2023-02-27 03:15:00,122,162,149,144,179
2023-02-27 03:30:00,149,128,119,132,133
2023-02-27 03:45:00,145,177,133,143,141
2023-02-27 04:00:00,124,133,131,125,135
2023-02-27 04:15:00,149,145,160,135,132
2023-02-27 04:30:00,148,129,127,132,144
2023-02-27 04:45:00,132,128,134,125,140
2023-02-27 05:00:00,146,169,121,139,157
2023-02-27 05:15:00,150,128,136,140,150
2023-02-27 05:30:00,141,158,175,151,152
2023-02-27 05:45:00,131,152,134,157,131
2023-02-27 06:00:00,172,125,124,113,116
2023-02-27 06:15:00,134,162,146,105,142
2023-02-27 06:30:00,127,133,164,132,157
2023-02-27 06:45:00,141,128,162,156,135
2023-02-27 07:00:00,143,145,113,157,156
2023-02-27 07:15:00,182,132,152,151,127
2023-02-27 07:30:00,149,178,101,170,167
2023-02-27 07:45:00,166,147,113,96,159
2023-02-27 08:00:00,162,148,121,119,155
2023-02-27 08:15:00,122,148,146,148,133
2023-02-27 08:30:00,148,149,123,109,148
2023-02-27 08:45:00,129,176,153,159,119
2023-02-27 09:00:00,196,155,143,145,139
2023-02-27 09:15:00,113,152,171,146,151
2023-02-27 09:30:00,143,148,176,141,142
2023-02-27 09:45:00,139,128,157,116,171
2023-02-27 10:00:00,110,132,176,153,176
2023-02-27 10:15:00,159,135,159,167,132
2023-02-27 10:30:00,175,134,109,71,158
2023-02-27 10:45:00,128,137,106,142,108
2023-02-27 11:00:00,153,152,116,131,167
2023-02-27 11:15:00,173,153,160,159,135
2023-02-27 11:30:00,154,100,175,133,129
2023-02-27 11:45:00,146,143,142,99,115
2023-02-27 12:00:00,148,158,148,166,166
2023-02-27 12:15:00,174,126,116,168,141
2023-02-27 12:30:00,130,137,157,135,143
2023-02-27 12:45:00,144,153,101,136,167
2023-02-27 13:00:00,133,107,138,157,148
2023-02-27 13:15:00,127,167,105,136,153
2023-02-27 13:30:00,129,146,144,123,150
2023-02-27 13:45:00,167,161,141,110,153
2023-02-27 14:00:00,124,140,171,160,153
2023-02-27 14:15:00,129,131,145,141,160
2023-02-27 14:30:00,150,151,152,146,146
2023-02-27 14:45:00,123,142,115,130,160
2023-02-27 15:00:00,153,131,100,146,118
2023-02-27 15:15:00,134,150,155,146,140
2023-02-27 15:30:00,163,152,135,148,139
2023-02-27 15:45:00,127,136,122,153,122
2023-02-27 16:00:00,142,132,141,147,122
2023-02-27 16:15:00,169,173,164,128,145
2023-02-27 16:30:00,127,165,128,164,104
2023-02-27 16:45:00,131,168,145,155,142
2023-02-27 17:00:00,125,143,143,122,160
2023-02-27 17:15:00,133,129,134,165,161
2023-02-27 17:30:00,152,170,110,151,168
2023-02-27 17:45:00,114,145,155,123,136
2023-02-27 18:00:00,136,154,135,129,183
2023-02-27 18:15:00,128,142,146,137,140
2023-02-27 18:30:00,171,156,143,158,151
2023-02-27 18:45:00,164,114,151,135,133
2023-02-27 19:00:00,160,147,107,116,184
2023-02-27 19:15:00,147,136,150,161,197
2023-02-27 19:30:00,115,152,137,120,133
2023-02-27 19:45:00,153,156,146,156,162
2023-02-27 20:00:00,133,173,115,162,163
2023-02-27 20:15:00,135,151,159,184,166
2023-02-27 20:30:00,155,152,170,138,121
2023-02-27 20:45:00,123,115,162,151,156
2023-02-27 21:00:00,189,107,163,134,107
2023-02-27 21:15:00,148,143,134,160,147
2023-02-27 21:30:00,137,152,143,156,134
2023-02-27 21:45:00,126,155,139,149,118
2023-02-27 22:00:00,134,138,163,143,106
2023-02-27 22:15:00,141,144,126,142,117
2023-02-27 22:30:00,140,129,135,159,150
2023-02-27 22:45:00,145,118,140,141,129
2023-02-27 23:00:00,150,112,141,163,148
2023-02-27 23:15:00,106,142,165,115,156
2023-02-27 23:30:00,115,164,132,135,160
2023-02-27 23:45:00,124,100,175,134,143
2023-02-28 00:00:00,159,113,168,147,133
2023-02-28 00:15:00,117,129,124,97,130
2023-02-28 00:30:00,130,141,141,152,148
2023-02-28 00:45:00,160,169,108,149,147
2023-02-28 01:00:00,131,111,127,147,139
2023-02-28 01:15:00,163,167,147,176,147
2023-02-28 01:30:00,159,149,100,145,151
2023-02-28 01:45:00,140,141,185,157,146
2023-02-28 02:00:00,152,152,111,145,163
2023-02-28 02:15:00,114,111,108,178,134
2023-02-28 02:30:00,152,153,154,167,160
2023-02-28 02:45:00,124,143,146,139,129
2023-02-28 03:00:00,130,145,162,142,180
2023-02-28 03:15:00,115,122,126,165,123
2023-02-28 03:30:00,153,157,173,115,117
2023-02-28 03:45:00,170,148,138,114,116
2023-02-28 04:00:00,140,154,118,139,153
2023-02-28 04:15:00,174,146,140,119,109
2023-02-28 04:30:00,150,163,139,129,135
2023-02-28 04:45:00,169,148,148,140,165
2023-02-28 05:00:00,152,124,136,164,118
2023-02-28 05:15:00,152,163,106,133,155
2023-02-28 05:30:00,154,110,117,131,118
2023-02-28 05:45:00,152,135,112,135,146
2023-02-28 06:00:00,141,149,108,110,152
2023-02-28 06:15:00,129,150,130,139,148
2023-02-28 06:30:00,159,124,184,158,188
2023-02-28 06:45:00,149,130,188,117,133
2023-02-28 07:00:00,142,131,123,180,149
2023-02-28 07:15:00,182,119,164,153,132
2023-02-28 07:30:00,161,161,128,148,171
2023-02-28 07:45:00,136,136,213,162,131
2023-02-28 08:00:00,96,132,166,127,156
2023-02-28 08:15:00,196,118,103,172,142
2023-02-28 08:30:00,141,127,120,122,141
2023-02-28 08:45:00,125,162,95,116,141
2023-02-28 09:00:00,160,181,135,136,177
2023-02-28 09:15:00,119,90,161,182,158
2023-02-28 09:30:00,163,157,159,147,123
2023-02-28 09:45:00,154,137,138,139,125
2023-02-28 10:00:00,164,150,148,120,153
2023-02-28 10:15:00,172,131,157,128,132
2023-02-28 10:30:00,149,137,152,183,132
2023-02-28 10:45:00,130,167,109,167,142
2023-02-28 11:00:00,111,142,127,130,170
2023-02-28 11:15:00,116,140,110,168,139
2023-02-28 11:30:00,184,155,174,128,138
2023-02-28 11:45:00,135,139,117,140,132
2023-02-28 12:00:00,151,111,176,118,133
2023-02-28 12:15:00,145,146,117,141,126
2023-02-28 12:30:00,148,124,134,103,163
2023-02-28 12:45:00,171,138,133,126,117
2023-02-28 13:00:00,157,126,137,141,156
2023-02-28 13:15:00,140,131,151,149,117
2023-02-28 13:30:00,138,161,130,146,150
2023-02-28 13:45:00,182,135,121,116,157
2023-02-28 14:00:00,133,172,134,128,159
2023-02-28 14:15:00,169,132,124,149,134
2023-02-28 14:30:00,157,144,122,137,138
2023-02-28 14:45:00,158,149,158,133,150
2023-02-28 15:00:00,142,162,134,155,148
2023-02-28 15:15:00,110,103,117,176,118
2023-02-28 15:30:00,150,147,134,140,138
2023-02-28 15:45:00,134,162,149,129,156
2023-02-28 16:00:00,157,114,122,127,151
2023-02-28 16:15:00,157,129,86,163,135
2023-02-28 16:30:00,150,173,143,143,143
2023-02-28 16:45:00,121,136,117,178,109
2023-02-28 17:00:00,156,129,133,115,154
2023-02-28 17:15:00,104,119,127,176,149
2023-02-28 17:30:00,152,140,128,117,120
2023-02-28 17:45:00,141,186,155,150,142
2023-02-28 18:00:00,174,158,111,117,148
2023-02-28 18:15:00,123,160,91,148,177
2023-02-28 18:30:00,139,141,159,160,143
2023-02-28 18:45:00,117,149,156,141,156
2023-02-28 19:00:00,146,165,178,169,122
2023-02-28 19:15:00,156,124,115,177,113
2023-02-28 19:30:00,107,167,133,147,160
2023-02-28 19:45:00,148,123,134,131,105
2023-02-28 20:00:00,162,192,133,165,140
2023-02-28 20:15:00,135,165,120,135,151
2023-02-28 20:30:00,156,126,126,126,147
2023-02-28 20:45:00,183,156,141,143,142
2023-02-28 21:00:00,171,135,109,136,164
2023-02-28 21:15:00,144,92,153,137,127
2023-02-28 21:30:00,160,135,149,160,139
2023-02-28 21:45:00,147,80,170,148,148
2023-02-28 22:00:00,144,124,158,177,119
2023-02-28 22:15:00,177,165,151,144,149
2023-02-28 22:30:00,166,98,134,159,129
2023-02-28 22:45:00,123,137,134,102,186
2023-02-28 23:00:00,165,147,78,174,113
2023-02-28 23:15:00,151,149,153,144,161
2023-02-28 23:30:00,151,143,125,161,119
2023-02-28 23:45:00,148,172,198,134,159
2023-03-01 00:00:00,145,144,102,141,117
2023-03-01 00:15:00,140,138,130,109,130
2023-03-01 00:30:00,138,136,120,148,165
2023-03-01 00:45:00,154,150,162,115,153
2023-03-01 01:00:00,123,124,131,107,127
2023-03-01 01:15:00,134,129,133,137,154
2023-03-01 01:30:00,150,152,132,181,115
2023-03-01 01:45:00,134,126,147,157,144
2023-03-01 02:00:00,157,132,139,124,128
2023-03-01 02:15:00,160,106,125,135,157
2023-03-01 02:30:00,140,94,140,117,153
2023-03-01 02:45:00,152,157,144,147,141
2023-03-01 03:00:00,165,128,113,153,154
2023-03-01 03:15:00,109,154,121,145,162
2023-03-01 03:30:00,171,128,171,152,127
2023-03-01 03:45:00,118,152,151,153,141
2023-03-01 04:00:00,147,152,168,108,168
2023-03-01 04:15:00,186,119,150,167,144
2023-03-01 04:30:00,136,165,156,164,126
2023-03-01 04:45:00,154,122,92,146,158
2023-03-01 05:00:00,137,102,119,139,97
2023-03-01 05:15:00,144,162,144,151,169
2023-03-01 05:30:00,153,140,156,168,146
2023-03-01 05:45:00,169,147,154,165,92
2023-03-01 06:00:00,140,106,137,140,146
2023-03-01 06:15:00,149,132,119,170,131
2023-03-01 06:30:00,159,149,141,140,149
2023-03-01 06:45:00,187,115,158,170,153
2023-03-01 07:00:00,152,147,178,163,160
2023-03-01 07:15:00,176,139,128,135,176
2023-03-01 07:30:00,118,161,125,145,138
2023-03-01 07:45:00,155,143,166,139,134
2023-03-01 08:00:00,158,130,148,136,125
2023-03-01 08:15:00,129,140,129,152,166
2023-03-01 08:30:00,166,150,173,168,113
2023-03-01 08:45:00,130,164,148,140,145
2023-03-01 09:00:00,165,152,121,172,106
2023-03-01 09:15:00,128,137,184,141,85
2023-03-01 09:30:00,120,188,135,98,144
2023-03-01 09:45:00,107,104,159,177,165
2023-03-01 10:00:00,176,123,159,140,126
2023-03-01 10:15:00,134,129,120,142,139
2023-03-01 10:30:00,147,116,147,126,157
2023-03-01 10:45:00,145,165,151,144,160
2023-03-01 11:00:00,113,159,144,164,122
2023-03-01 11:15:00,136,115,128,165,133
2023-03-01 11:30:00,171,184,163,128,135
2023-03-01 11:45:00,165,128,151,163,134
2023-03-01 12:00:00,156,130,174,144,132
2023-03-01 12:15:00,172,163,99,112,141
2023-03-01 12:30:00,163,166,155,153,139
2023-03-01 12:45:00,125,130,160,181,124
2023-03-01 13:00:00,117,157,144,157,130
2023-03-01 13:15:00,159,169,108,132,126
2023-03-01 13:30:00,156,150,158,117,163
2023-03-01 13:45:00,170,131,142,150,124
2023-03-01 14:00:00,156,113,178,118,138
2023-03-01 14:15:00,134,140,162,119,164
2023-03-01 14:30:00,161,130,142,166,147
2023-03-01 14:45:00,151,130,141,124,156
2023-03-01 15:00:00,146,136,136,164,109
2023-03-01 15:15:00,137,156,179,121,131
2023-03-01 15:30:00,139,164,153,160,143
2023-03-01 15:45:00,176,156,135,102,164
2023-03-01 16:00:00,147,169,133,158,121
2023-03-01 16:15:00,143,130,136,125,115
2023-03-01 16:30:00,160,165,123,121,129
2023-03-01 16:45:00,153,156,116,152,120
2023-03-01 17:00:00,156,135,121,160,135
2023-03-01 17:15:00,203,195,132,140,125
2023-03-01 17:30:00,139,121,170,151,140
2023-03-01 17:45:00,135,144,154,137,128
2023-03-01 18:00:00,173,196,143,152,177
2023-03-01 18:15:00,155,169,139,117,110
2023-03-01 18:30:00,118,132,161,141,162
2023-03-01 18:45:00,167,175,150,139,158
2023-03-01 19:00:00,142,106,170,137,117
2023-03-01 19:15:00,174,161,134,173,153
2023-03-01 19:30:00,152,157,163,118,103
2023-03-01 19:45:00,145,140,150,145,134
2023-03-01 20:00:00,147,139,146,148,138
2023-03-01 20:15:00,145,160,156,130,158
2023-03-01 20:30:00,132,122,128,171,152
2023-03-01 20:45:00,137,134,141,128,148
2023-03-01 21:00:00,172,158,166,141,144
2023-03-01 21:15:00,117,118,156,159,155
2023-03-01 21:30:00,123,128,132,120,137
2023-03-01 21:45:00,170,136,162,143,102
2023-03-01 22:00:00,165,100,118,140,150
2023-03-01 22:15:00,160,159,194,116,175
2023-03-01 22:30:00,169,112,127,147,146
2023-03-01 22:45:00,150,158,111,172,166
2023-03-01 23:00:00,114,131,156,127,163
2023-03-01 23:15:00,96,145,152,140,135
2023-03-01 23:30:00,126,165,138,129,114
2023-03-01 23:45:00,151,154,140,151,160
2023-03-02 00:00:00,122,106,148,122,135
2023-03-02 00:15:00,159,134,185,131,142
2023-03-02 00:30:00,146,177,162,171,137
2023-03-02 00:45:00,140,138,134,148,165
2023-03-02 01:00:00,138,120,166,158,129
2023-03-02 01:15:00,172,142,149,132,132
2023-03-02 01:30:00,151,122,120,128,154
2023-03-02 01:45:00,153,174,124,142,142
2023-03-02 02:00:00,143,153,123,115,125
2023-03-02 02:15:00,101,148,162,188,116
2023-03-02 02:30:00,113,167,146,131,160
2023-03-02 02:45:00,153,144,108,113,136
2023-03-02 03:00:00,153,123,148,107,98
2023-03-02 03:15:00,120,157,122,121,160
2023-03-02 03:30:00,153,127,106,167,125
2023-03-02 03:45:00,150,150,167,184,150
2023-03-02 04:00:00,150,157,106,152,154
2023-03-02 04:15:00,160,110,105,115,134
2023-03-02 04:30:00,126,155,144,107,133
2023-03-02 04:45:00,99,128,121,132,170
2023-03-02 05:00:00,146,147,101,152,134
2023-03-02 05:15:00,152,175,148,115,132
2023-03-02 05:30:00,118,138,164,139,140
2023-03-02 05:45:00,158,167,156,169,167
2023-03-02 06:00:00,149,145,133,164,135
2023-03-02 06:15:00,150,121,145,130,131
2023-03-02 06:30:00,110,126,141,129,137
2023-03-02 06:45:00,125,161,136,130,131
2023-03-02 07:00:00,127,126,135,136,154
2023-03-02 07:15:00,122,167,97,152,142
2023-03-02 07:30:00,151,141,203,153,141
2023-03-02 07:45:00,139,139,121,121,162
2023-03-02 08:00:00,162,156,143,159,158
2023-03-02 08:15:00,151,153,171,152,145
2023-03-02 08:30:00,155,134,165,141,153
2023-03-02 08:45:00,171,144,132,126,111
2023-03-02 09:00:00,125,147,125,141,121
2023-03-02 09:15:00,154,145,108,130,142
2023-03-02 09:30:00,126,179,168,132,155
2023-03-02 09:45:00,136,175,145,108,198
2023-03-02 10:00:00,117,111,149,164,131
2023-03-02 10:15:00,154,134,128,170,164
2023-03-02 10:30:00,138,164,168,151,173
2023-03-02 10:45:00,151,172,115,120,146
2023-03-02 11:00:00,107,109,133,149,106
2023-03-02 11:15:00,150,164,146,132,170
2023-03-02 11:30:00,100,143,119,135,142
2023-03-02 11:45:00,164,110,123,173,140
2023-03-02 12:00:00,111,166,109,122,120
2023-03-02 12:15:00,116,106,180,144,189
2023-03-02 12:30:00,141,116,149,120,178
2023-03-02 12:45:00,94,119,176,156,133
2023-03-02 13:00:00,134,127,143,145,114
2023-03-02 13:15:00,159,155,144,141,122
2023-03-02 13:30:00,87,174,147,129,123
2023-03-02 13:45:00,143,151,156,178,165
2023-03-02 14:00:00,116,157,126,131,137
2023-03-02 14:15:00,157,111,151,160,129
2023-03-02 14:30:00,139,139,128,92,146
2023-03-02 14:45:00,85,136,167,152,168
2023-03-02 15:00:00,140,132,124,112,116
2023-03-02 15:15:00,151,137,158,128,125
2023-03-02 15:30:00,179,138,159,110,193
2023-03-02 15:45:00,125,90,134,151,137
2023-03-02 16:00:00,133,121,145,149,132
2023-03-02 16:15:00,185,165,127,166,165
2023-03-02 16:30:00,141,166,166,152,180
2023-03-02 16:45:00,138,149,166,182,161
2023-03-02 17:00:00,122,135,144,119,154
2023-03-02 17:15:00,110,148,130,119,167
2023-03-02 17:30:00,158,123,124,134,131
2023-03-02 17:45:00,130,186,147,160,179
2023-03-02 18:00:00,123,159,173,141,140
2023-03-02 18:15:00,158,155,129,152,163
2023-03-02 18:30:00,144,160,170,168,149
2023-03-02 18:45:00,149,94,141,151,136
2023-03-02 19:00:00,163,167,170,160,144
2023-03-02 19:15:00,171,162,177,129,184
2023-03-02 19:30:00,151,110,170,184,149
2023-03-02 19:45:00,123,168,149,148,110
2023-03-02 20:00:00,122,126,139,120,151
2023-03-02 20:15:00,145,168,147,127,155
2023-03-02 20:30:00,180,139,138,141,125
2023-03-02 20:45:00,149,174,136,124,140
2023-03-02 21:00:00,176,114,137,162,151
2023-03-02 21:15:00,149,147,156,180,172
2023-03-02 21:30:00,128,140,153,145,132
2023-03-02 21:45:00,132,127,119,120,127
2023-03-02 22:00:00,129,137,134,138,133
2023-03-02 22:15:00,112,121,166,151,116
2023-03-02 22:30:00,157,145,126,137,157
2023-03-02 22:45:00,141,115,146,115,127
2023-03-02 23:00:00,131,146,157,108,157
2023-03-02 23:15:00,142,125,150,110,145
2023-03-02 23:30:00,136,111,162,157,204
2023-03-02 23:45:00,165,147,120,136,151
2023-03-03 00:00:00,194,164,164,141,120
2023-03-03 00:15:00,169,137,137,163,147
2023-03-03 00:30:00,182,117,139,166,176
2023-03-03 00:45:00,144,182,150,152,142
2023-03-03 01:00:00,119,124,119,124,146
2023-03-03 01:15:00,128,158,156,176,150
2023-03-03 01:30:00,142,105,136,148,129
2023-03-03 01:45:00,144,143,109,114,146
2023-03-03 02:00:00,115,123,127,151,122
2023-03-03 02:15:00,153,135,177,133,122
2023-03-03 02:30:00,138,169,119,143,141
2023-03-03 02:45:00,151,139,169,110,125
2023-03-03 03:00:00,149,164,146,148,171
2023-03-03 03:15:00,119,154,156,164,132
2023-03-03 03:30:00,115,127,131,161,141
2023-03-03 03:45:00,132,126,143,117,128
2023-03-03 04:00:00,147,164,113,127,146
2023-03-03 04:15:00,137,157,119,139,117
2023-03-03 04:30:00,158,137,136,143,133
2023-03-03 04:45:00,120,112,114,121,136
2023-03-03 05:00:00,136,122,133,130,132
2023-03-03 05:15:00,113,130,137,136,175
2023-03-03 05:30:00,156,123,146,124,163
2023-03-03 05:45:00,128,149,125,157,151
2023-03-03 06:00:00,150,161,157,123,162
2023-03-03 06:15:00,113,126,153,162,140
2023-03-03 06:30:00,115,141,134,156,115
2023-03-03 06:45:00,189,110,146,119,135
2023-03-03 07:00:00,107,161,118,172,133
2023-03-03 07:15:00,122,168,158,126,121
2023-03-03 07:30:00,130,136,122,149,126
2023-03-03 07:45:00,143,151,160,141,118
2023-03-03 08:00:00,172,137,134,133,168
2023-03-03 08:15:00,156,154,111,122,130
2023-03-03 08:30:00,145,130,163,162,126
2023-03-03 08:45:00,116,183,139,125,151
2023-03-03 09:00:00,141,149,122,128,154
2023-03-03 09:15:00,163,113,141,115,173
2023-03-03 09:30:00,120,147,163,127,176
2023-03-03 09:45:00,133,135,132,144,185
2023-03-03 10:00:00,106,151,133,145,92
2023-03-03 10:15:00,170,130,144,152,163
2023-03-03 10:30:00,147,166,159,140,144
2023-03-03 10:45:00,131,160,113,116,128
2023-03-03 11:00:00,120,151,147,166,130
2023-03-03 11:15:00,153,132,166,166,128
2023-03-03 11:30:00,157,141,158,177,123
2023-03-03 11:45:00,160,134,147,157,159
2023-03-03 12:00:00,166,119,143,141,160
2023-03-03 12:15:00,146,147,152,164,200
2023-03-03 12:30:00,138,117,131,146,120
2023-03-03 12:45:00,153,121,146,110,115
2023-03-03 13:00:00,181,136,137,128,161
2023-03-03 13:15:00,173,112,151,136,191
2023-03-03 13:30:00,112,146,152,141,147
2023-03-03 13:45:00,172,132,126,167,178
2023-03-03 14:00:00,154,131,156,145,156
2023-03-03 14:15:00,112,129,152,163,120
2023-03-03 14:30:00,160,122,141,134,162
2023-03-03 14:45:00,137,135,147,152,157
2023-03-03 15:00:00,150,162,190,154,146
2023-03-03 15:15:00,138,168,145,163,135
2023-03-03 15:30:00,134,152,153,181,114
2023-03-03 15:45:00,105,126,156,174,134
2023-03-03 16:00:00,185,148,138,168,171
2023-03-03 16:15:00,157,153,154,149,152
2023-03-03 16:30:00,107,119,137,120,149
2023-03-03 16:45:00,186,162,151,151,146
2023-03-03 17:00:00,136,141,121,138,135
2023-03-03 17:15:00,148,150,124,149,161
2023-03-03 17:30:00,183,131,149,135,140
2023-03-03 17:45:00,113,148,123,136,137
2023-03-03 18:00:00,161,103,136,156,86
2023-03-03 18:15:00,135,128,127,137,161
2023-03-03 18:30:00,142,143,127,145,171
2023-03-03 18:45:00,156,157,151,126,141
2023-03-03 19:00:00,143,141,138,159,157
2023-03-03 19:15:00,127,166,136,136,135
2023-03-03 19:30:00,132,155,124,93,137
2023-03-03 19:45:00,152,150,167,159,129
2023-03-03 20:00:00,186,145,144,168,136
2023-03-03 20:15:00,129,142,135,168,149
2023-03-03 20:30:00,109,140,144,146,109
2023-03-03 20:45:00,170,104,148,187,118
2023-03-03 21:00:00,178,163,161,160,109
2023-03-03 21:15:00,133,130,150,121,153
2023-03-03 21:30:00,148,135,154,131,95
2023-03-03 21:45:00,148,137,150,154,128
2023-03-03 22:00:00,166,164,130,136,130
2023-03-03 22:15:00,105,153,129,160,134
2023-03-03 22:30:00,148,182,138,144,144
2023-03-03 22:45:00,141,122,117,190,120
2023-03-03 23:00:00,162,143,151,189,146
2023-03-03 23:15:00,154,106,146,141,126
2023-03-03 23:30:00,96,162,114,108,167
2023-03-03 23:45:00,105,129,115,180,116
2023-03-04 00:00:00,138,171,143,137,140
2023-03-04 00:15:00,140,129,164,173,166
2023-03-04 00:30:00,146,128,161,129,153
2023-03-04 00:45:00,138,100,154,159,148
2023-03-04 01:00:00,129,139,178,140,139
2023-03-04 01:15:00,170,172,115,140,168
2023-03-04 01:30:00,129,148,149,136,149
2023-03-04 01:45:00,148,170,155,139,119
2023-03-04 02:00:00,131,132,144,167,163
2023-03-04 02:15:00,117,126,174,164,142
2023-03-04 02:30:00,118,158,146,122,156
2023-03-04 02:45:00,124,137,142,129,177
2023-03-04 03:00:00,139,139,122,184,118
2023-03-04 03:15:00,119,168,178,152,126
2023-03-04 03:30:00,180,148,122,152,172
2023-03-04 03:45:00,135,129,146,153,153
2023-03-04 04:00:00,140,136,129,121,156
2023-03-04 04:15:00,150,125,135,140,143
2023-03-04 04:30:00,155,130,150,137,154
2023-03-04 04:45:00,182,159,162,136,173
2023-03-04 05:00:00,136,128,115,120,112
2023-03-04 05:15:00,113,149,198,149,181
2023-03-04 05:30:00,172,122,160,138,178
2023-03-04 05:45:00,150,140,107,156,197
2023-03-04 06:00:00,146,156,134,134,149
2023-03-04 06:15:00,107,139,181,153,126
2023-03-04 06:30:00,163,155,158,162,146
2023-03-04 06:45:00,149,113,146,151,151
2023-03-04 07:00:00,174,140,141,151,194
2023-03-04 07:15:00,129,150,113,166,151
2023-03-04 07:30:00,150,166,175,168,134
2023-03-04 07:45:00,124,138,109,179,188
2023-03-04 08:00:00,107,134,158,186,145
2023-03-04 08:15:00,126,178,178,160,109
2023-03-04 08:30:00,139,164,108,132,129
2023-03-04 08:45:00,146,148,142,150,194
2023-03-04 09:00:00,127,118,149,140,143
2023-03-04 09:15:00,164,162,155,148,153
2023-03-04 09:30:00,160,148,124,122,158
2023-03-04 09:45:00,146,177,162,187,162
2023-03-04 10:00:00,167,165,135,130,171
2023-03-04 10:15:00,165,147,110,157,146
2023-03-04 10:30:00,174,102,94,161,137
2023-03-04 10:45:00,137,151,176,135,166
2023-03-04 11:00:00,121,144,146,133,161
2023-03-04 11:15:00,135,179,163,153,147
2023-03-04 11:30:00,146,118,156,170,133
2023-03-04 11:45:00,151,138,152,167,135
2023-03-04 12:00:00,138,141,116,140,188
2023-03-04 12:15:00,144,133,158,152,113
2023-03-04 12:30:00,133,104,118,127,130
2023-03-04 12:45:00,172,118,148,127,152
2023-03-04 13:00:00,135,139,158,127,171
2023-03-04 13:15:00,139,145,170,130,131
2023-03-04 13:30:00,109,153,139,129,185
2023-03-04 13:45:00,102,116,139,127,143
2023-03-04 14:00:00,159,129,177,150,176
2023-03-04 14:15:00,164,106,133,151,159
2023-03-04 14:30:00,134,145,152,135,121
2023-03-04 14:45:00,162,144,106,153,133
2023-03-04 15:00:00,179,156,128,147,163
2023-03-04 15:15:00,144,188,145,152,117
2023-03-04 15:30:00,121,144,142,107,158
2023-03-04 15:45:00,164,167,138,132,153
2023-03-04 16:00:00,125,111,138,145,155
2023-03-04 16:15:00,158,178,162,144,131
2023-03-04 16:30:00,118,148,123,145,146
2023-03-04 16:45:00,167,195,170,147,151
2023-03-04 17:00:00,134,136,145,120,123
2023-03-04 17:15:00,121,171,146,146,167
2023-03-04 17:30:00,132,114,145,180,118
2023-03-04 17:45:00,152,197,127,157,157
2023-03-04 18:00:00,134,149,153,156,153
2023-03-04 18:15:00,142,145,126,179,132
2023-03-04 18:30:00,170,141,138,132,131
2023-03-04 18:45:00,159,170,123,131,137
2023-03-04 19:00:00,138,158,129,140,127
2023-03-04 19:15:00,136,160,116,126,168
2023-03-04 19:30:00,121,125,149,108,142
2023-03-04 19:45:00,126,152,169,160,136
2023-03-04 20:00:00,174,172,145,147,148
2023-03-04 20:15:00,137,175,147,109,178
2023-03-04 20:30:00,117,135,136,154,121
2023-03-04 20:45:00,163,107,134,144,146
2023-03-04 21:00:00,150,135,150,129,135
2023-03-04 21:15:00,162,163,179,164,148
2023-03-04 21:30:00,141,122,142,146,186
2023-03-04 21:45:00,161,147,143,131,171
2023-03-04 22:00:00,123,174,140,161,170
2023-03-04 22:15:00,196,158,132,139,151
2023-03-04 22:30:00,99,181,129,177,149
2023-03-04 22:45:00,149,144,153,179,145
2023-03-04 23:00:00,118,154,185,177,138
2023-03-04 23:15:00,148,142,160,120,157
2023-03-04 23:30:00,161,134,143,113,116
2023-03-04 23:45:00,158,109,143,120,132
2023-03-05 00:00:00,163,162,160,163,143
2023-03-05 00:15:00,151,145,132,167,165
2023-03-05 00:30:00,148,139,156,152,139
2023-03-05 00:45:00,152,119,128,107,147
2023-03-05 01:00:00,141,140,152,147,122
2023-03-05 01:15:00,171,168,146,149,149
2023-03-05 01:30:00,148,143,143,137,124
2023-03-05 01:45:00,161,189,121,140,143
2023-03-05 02:00:00,145,155,137,174,177
2023-03-05 02:15:00,132,113,136,111,121
2023-03-05 02:30:00,152,130,172,148,123
2023-03-05 02:45:00,147,115,147,134,134
2023-03-05 03:00:00,166,169,119,158,139
2023-03-05 03:15:00,170,157,182,160,146
2023-03-05 03:30:00,150,164,149,166,171
2023-03-05 03:45:00,121,130,141,130,129
2023-03-05 04:00:00,126,175,121,155,161
2023-03-05 04:15:00,123,149,161,148,153
2023-03-05 04:30:00,150,130,130,146,129
2023-03-05 04:45:00,142,144,122,121,157
2023-03-05 05:00:00,167,152,168,123,155
2023-03-05 05:15:00,156,152,120,124,140
2023-03-05 05:30:00,168,153,132,141,141
2023-03-05 05:45:00,115,124,142,165,144
2023-03-05 06:00:00,165,147,144,177,157
2023-03-05 06:15:00,179,144,151,159,125
2023-03-05 06:30:00,155,116,199,148,135
2023-03-05 06:45:00,133,110,89,135,142
2023-03-05 07:00:00,165,126,178,105,178
2023-03-05 07:15:00,139,164,145,145,128
2023-03-05 07:30:00,166,138,168,146,138
2023-03-05 07:45:00,135,139,143,129,129
2023-03-05 08:00:00,150,136,162,133,166
2023-03-05 08:15:00,151,131,152,133,106
2023-03-05 08:30:00,129,151,127,145,136
2023-03-05 08:45:00,184,125,153,175,146
2023-03-05 09:00:00,183,133,187,171,133
2023-03-05 09:15:00,107,124,113,129,143
2023-03-05 09:30:00,158,135,114,156,131
2023-03-05 09:45:00,145,132,141,139,150
2023-03-05 10:00:00,153,129,133,138,149
2023-03-05 10:15:00,157,132,132,136,148
2023-03-05 10:30:00,166,131,149,166,178
2023-03-05 10:45:00,144,159,153,164,143
2023-03-05 11:00:00,135,188,116,132,144
2023-03-05 11:15:00,136,155,91,118,179
2023-03-05 11:30:00,206,136,188,164,150
2023-03-05 11:45:00,139,153,140,150,177
2023-03-05 12:00:00,129,136,155,124,139
2023-03-05 12:15:00,171,172,172,108,137
2023-03-05 12:30:00,143,129,115,145,174
2023-03-05 12:45:00,162,111,139,171,132
2023-03-05 13:00:00,157,165,115,159,125
2023-03-05 13:15:00,143,200,129,168,121
2023-03-05 13:30:00,128,123,123,128,144
2023-03-05 13:45:00,148,146,159,124,150
2023-03-05 14:00:00,193,149,141,156,130
2023-03-05 14:15:00,182,140,173,135,127
2023-03-05 14:30:00,188,147,160,203,125
2023-03-05 14:45:00,149,130,113,155,139
2023-03-05 15:00:00,133,126,183,148,172
2023-03-05 15:15:00,116,182,123,155,133
2023-03-05 15:30:00,165,148,118,120,158
2023-03-05 15:45:00,125,124,147,111,104
2023-03-05 16:00:00,119,158,148,151,159
2023-03-05 16:15:00,149,139,109,152,145
2023-03-05 16:30:00,134,154,152,135,111
2023-03-05 16:45:00,161,171,157,146,146
2023-03-05 17:00:00,181,172,179,123,165
2023-03-05 17:15:00,144,140,165,126,182
2023-03-05 17:30:00,156,148,190,116,180
2023-03-05 17:45:00,141,175,140,135,132
2023-03-05 18:00:00,176,137,124,87,135
2023-03-05 18:15:00,166,144,163,145,154
2023-03-05 18:30:00,158,185,143,148,144
2023-03-05 18:45:00,130,160,153,149,130
2023-03-05 19:00:00,168,131,130,153,148
2023-03-05 19:15:00,114,104,136,151,151
2023-03-05 19:30:00,163,122,130,142,163
2023-03-05 19:45:00,132,122,143,157,148
2023-03-05 20:00:00,139,158,152,85,118
2023-03-05 20:15:00,143,160,106,131,165
2023-03-05 20:30:00,150,145,168,139,140
2023-03-05 20:45:00,159,133,144,161,129
2023-03-05 21:00:00,117,147,147,156,106
2023-03-05 21:15:00,130,108,159,124,147
2023-03-05 21:30:00,160,139,168,175,125
2023-03-05 21:45:00,161,147,128,145,109
2023-03-05 22:00:00,136,153,171,145,128
2023-03-05 22:15:00,162,99,135,133,162
2023-03-05 22:30:00,134,116,132,170,144
2023-03-05 22:45:00,128,151,125,144,139
2023-03-05 23:00:00,163,107,135,150,104
2023-03-05 23:15:00,145,141,199,152,162
2023-03-05 23:30:00,127,178,145,186,136
2023-03-05 23:45:00,162,128,136,118,168
2023-03-06 00:00:00,115,115,151,171,162
2023-03-06 00:15:00,140,140,150,142,153
2023-03-06 00:30:00,132,182,153,147,113
2023-03-06 00:45:00,135,145,158,156,146
2023-03-06 01:00:00,127,150,156,114,193
2023-03-06 01:15:00,151,170,166,143,141
2023-03-06 01:30:00,153,126,130,157,132
2023-03-06 01:45:00,157,131,146,150,140
2023-03-06 02:00:00,161,153,130,144,115
2023-03-06 02:15:00,160,177,172,160,149
2023-03-06 02:30:00,154,135,127,141,155
2023-03-06 02:45:00,146,104,113,149,158
2023-03-06 03:00:00,110,193,149,115,181
2023-03-06 03:15:00,151,149,147,119,144
2023-03-06 03:30:00,116,110,133,118,159
2023-03-06 03:45:00,137,143,161,131,117
2023-03-06 04:00:00,132,146,154,161,162
2023-03-06 04:15:00,130,143,167,126,114
2023-03-06 04:30:00,138,165,149,166,153
2023-03-06 04:45:00,127,188,145,155,167
2023-03-06 05:00:00,122,148,117,130,146
2023-03-06 05:15:00,118,137,125,149,158
2023-03-06 05:30:00,133,134,128,125,139
2023-03-06 05:45:00,155,139,163,131,161
2023-03-06 06:00:00,136,148,115,130,159
2023-03-06 06:15:00,137,121,118,145,138
2023-03-06 06:30:00,156,154,154,133,116
2023-03-06 06:45:00,174,163,115,140,159
2023-03-06 07:00:00,146,148,151,130,149
2023-03-06 07:15:00,111,108,168,191,178
2023-03-06 07:30:00,120,165,150,128,107
2023-03-06 07:45:00,128,177,110,134,130
2023-03-06 08:00:00,130,147,122,178,147
2023-03-06 08:15:00,125,150,146,153,172
2023-03-06 08:30:00,121,138,125,87,100
2023-03-06 08:45:00,129,158,157,133,161
2023-03-06 09:00:00,133,151,175,140,151
2023-03-06 09:15:00,146,134,150,181,134
2023-03-06 09:30:00,130,166,124,123,144
2023-03-06 09:45:00,127,203,133,134,136
2023-03-06 10:00:00,143,130,168,120,111
2023-03-06 10:15:00,175,160,150,180,130
2023-03-06 10:30:00,170,129,130,173,117
2023-03-06 10:45:00,125,151,169,110,124
2023-03-06 11:00:00,138,156,159,145,161
2023-03-06 11:15:00,157,141,130,148,149
2023-03-06 11:30:00,145,145,122,143,199
2023-03-06 11:45:00,167,161,158,138,158
2023-03-06 12:00:00,141,187,104,111,140
2023-03-06 12:15:00,130,142,128,146,121
2023-03-06 12:30:00,179,178,148,111,148
2023-03-06 12:45:00,166,155,158,138,127
2023-03-06 13:00:00,127,142,155,123,105
2023-03-06 13:15:00,166,150,164,166,152
2023-03-06 13:30:00,146,132,149,142,147
2023-03-06 13:45:00,141,186,113,152,148
2023-03-06 14:00:00,159,120,118,159,154
2023-03-06 14:15:00,154,142,123,139,122
2023-03-06 14:30:00,183,134,163,144,134
2023-03-06 14:45:00,171,149,141,112,125
2023-03-06 15:00:00,105,141,122,130,142
2023-03-06 15:15:00,152,172,163,131,131
2023-03-06 15:30:00,146,154,101,125,162
2023-03-06 15:45:00,141,125,156,130,165
2023-03-06 16:00:00,139,148,143,168,174
2023-03-06 16:15:00,154,136,123,133,147
2023-03-06 16:30:00,182,123,121,120,146
2023-03-06 16:45:00,117,101,150,145,141
2023-03-06 17:00:00,144,134,146,106,141
2023-03-06 17:15:00,137,125,155,149,153
2023-03-06 17:30:00,111,148,161,179,171
2023-03-06 17:45:00,143,144,142,146,131
2023-03-06 18:00:00,139,177,133,140,150
2023-03-06 18:15:00,79,146,155,154,117
2023-03-06 18:30:00,147,145,141,157,140
2023-03-06 18:45:00,163,149,146,150,130
2023-03-06 19:00:00,144,147,132,177,183
2023-03-06 19:15:00,135,164,133,181,141
2023-03-06 19:30:00,171,106,146,138,154
2023-03-06 19:45:00,174,133,148,136,153
2023-03-06 20:00:00,147,143,132,132,136
2023-03-06 20:15:00,157,146,119,148,142
2023-03-06 20:30:00,171,163,118,121,140
2023-03-06 20:45:00,165,129,147,144,138
2023-03-06 21:00:00,127,154,143,186,175
2023-03-06 21:15:00,88,143,138,115,110
2023-03-06 21:30:00,143,163,166,160,155
2023-03-06 21:45:00,158,150,150,167,157
2023-03-06 22:00:00,122,138,151,128,170
2023-03-06 22:15:00,133,115,146,137,140
2023-03-06 22:30:00,164,123,154,150,142
2023-03-06 22:45:00,180,110,89,146,112
2023-03-06 23:00:00,134,141,136,150,153
2023-03-06 23:15:00,121,122,138,159,123
2023-03-06 23:30:00,135,141,126,134,144
2023-03-06 23:45:00,138,126,117,91,116
2023-03-07 00:00:00,138,129,146,153,166
2023-03-07 00:15:00,137,146,153,126,168
2023-03-07 00:30:00,168,105,166,158,133
2023-03-07 00:45:00,144,142,138,148,142
2023-03-07 01:00:00,151,137,161,151,146
2023-03-07 01:15:00,132,146,167,154,164
2023-03-07 01:30:00,153,192,120,128,129
2023-03-07 01:45:00,155,112,172,138,182
2023-03-07 02:00:00,167,157,124,147,125
2023-03-07 02:15:00,173,152,118,137,143
2023-03-07 02:30:00,131,125,149,154,134
2023-03-07 02:45:00,157,170,151,109,170
2023-03-07 03:00:00,146,154,181,135,175
2023-03-07 03:15:00,133,135,139,122,160
2023-03-07 03:30:00,161,148,170,125,158
2023-03-07 03:45:00,110,151,170,140,139
2023-03-07 04:00:00,107,138,123,171,130
2023-03-07 04:15:00,142,157,154,154,126
2023-03-07 04:30:00,138,126,137,162,143
2023-03-07 04:45:00,188,129,139,164,144
2023-03-07 05:00:00,127,168,143,183,154
2023-03-07 05:15:00,157,125,155,176,128
2023-03-07 05:30:00,142,192,131,131,157
2023-03-07 05:45:00,135,124,168,159,142
2023-03-07 06:00:00,133,148,155,155,132
2023-03-07 06:15:00,143,137,155,139,155
2023-03-07 06:30:00,180,145,153,176,155
2023-03-07 06:45:00,127,187,177,131,176
2023-03-07 07:00:00,140,159,134,150,177
2023-03-07 07:15:00,125,166,152,172,144
2023-03-07 07:30:00,177,139,142,165,148
2023-03-07 07:45:00,133,115,169,176,165
2023-03-07 08:00:00,157,125,158,155,154
2023-03-07 08:15:00,157,162,168,146,157
2023-03-07 08:30:00,160,163,178,185,137
2023-03-07 08:45:00,146,146,156,135,167
2023-03-07 09:00:00,120,153,117,178,153
2023-03-07 09:15:00,194,163,116,149,133
2023-03-07 09:30:00,181,119,142,158,127
2023-03-07 09:45:00,153,132,154,131,142
2023-03-07 10:00:00,170,158,120,159,143
2023-03-07 10:15:00,105,169,98,183,105
2023-03-07 10:30:00,154,117,136,145,144
2023-03-07 10:45:00,158,177,129,142,138
2023-03-07 11:00:00,136,164,134,114,136
2023-03-07 11:15:00,160,157,107,132,128
2023-03-07 11:30:00,134,199,126,146,140
2023-03-07 11:45:00,120,157,147,153,184
2023-03-07 12:00:00,130,139,168,158,165
2023-03-07 12:15:00,126,151,132,149,144
2023-03-07 12:30:00,174,171,146,141,140
2023-03-07 12:45:00,147,178,137,111,134
2023-03-07 13:00:00,107,154,149,178,136
2023-03-07 13:15:00,134,144,172,162,159
2023-03-07 13:30:00,133,168,133,108,148
2023-03-07 13:45:00,184,155,156,171,157
2023-03-07 14:00:00,195,149,131,119,163
2023-03-07 14:15:00,109,138,128,150,124
2023-03-07 14:30:00,133,105,143,164,131
2023-03-07 14:45:00,166,93,153,162,129
2023-03-07 15:00:00,136,142,134,151,119
2023-03-07 15:15:00,104,127,146,162,126
2023-03-07 15:30:00,126,171,133,139,151
2023-03-07 15:45:00,126,149,157,141,170
2023-03-07 16:00:00,182,111,153,145,158
2023-03-07 16:15:00,150,180,185,143,171
2023-03-07 16:30:00,153,147,97,160,131
2023-03-07 16:45:00,154,122,173,122,121
2023-03-07 17:00:00,143,136,161,140,159
2023-03-07 17:15:00,171,137,139,131,146
2023-03-07 17:30:00,123,151,150,113,168
2023-03-07 17:45:00,136,143,161,158,167
2023-03-07 18:00:00,129,134,146,139,160
2023-03-07 18:15:00,162,145,154,168,114
2023-03-07 18:30:00,138,125,151,173,126
2023-03-07 18:45:00,146,147,166,104,111
2023-03-07 19:00:00,145,144,145,193,143
2023-03-07 19:15:00,158,131,125,153,140
2023-03-07 19:30:00,148,159,117,132,184
2023-03-07 19:45:00,148,174,163,131,156
2023-03-07 20:00:00,143,169,139,153,156
2023-03-07 20:15:00,180,136,141,143,118
2023-03-07 20:30:00,152,130,210,140,157
2023-03-07 20:45:00,130,170,169,150,131
2023-03-07 21:00:00,119,152,153,169,135
2023-03-07 21:15:00,151,152,160,154,166
2023-03-07 21:30:00,132,155,147,142,121
2023-03-07 21:45:00,158,138,147,138,145
2023-03-07 22:00:00,118,146,125,131,127
2023-03-07 22:15:00,133,155,137,110,148
2023-03-07 22:30:00,179,177,132,159,141
2023-03-07 22:45:00,113,145,119,129,176
2023-03-07 23:00:00,144,115,143,161,142
2023-03-07 23:15:00,155,194,164,124,169
2023-03-07 23:30:00,129,160,156,160,119
2023-03-07 23:45:00,155,156,123,125,139
2023-03-08 00:00:00,149,98,179,148,160
2023-03-08 00:15:00,135,169,179,142,143
2023-03-08 00:30:00,137,132,105,164,151
2023-03-08 00:45:00,151,104,171,197,165
2023-03-08 01:00:00,147,159,127,151,145
2023-03-08 01:15:00,125,136,118,150,150
2023-03-08 01:30:00,137,147,148,121,151
2023-03-08 01:45:00,154,148,113,154,173
2023-03-08 02:00:00,158,171,162,155,146
2023-03-08 02:15:00,154,127,145,137,154
2023-03-08 02:30:00,97,134,115,152,117
2023-03-08 02:45:00,155,163,136,138,169
2023-03-08 03:00:00,157,148,115,167,170
2023-03-08 03:15:00,123,151,139,153,128
2023-03-08 03:30:00,131,135,156,144,157
2023-03-08 03:45:00,175,128,156,199,144
2023-03-08 04:00:00,126,126,174,129,131
2023-03-08 04:15:00,130,135,165,146,137
2023-03-08 04:30:00,109,178,175,153,162
2023-03-08 04:45:00,178,144,130,155,143
2023-03-08 05:00:00,147,127,122,139,149
2023-03-08 05:15:00,120,152,132,146,171
2023-03-08 05:30:00,187,167,143,157,190
2023-03-08 05:45:00,127,170,142,149,128
2023-03-08 06:00:00,80,109,139,141,147
2023-03-08 06:15:00,174,132,151,141,152
2023-03-08 06:30:00,141,143,172,124,152
2023-03-08 06:45:00,134,85,134,139,141
2023-03-08 07:00:00,154,140,126,123,122
2023-03-08 07:15:00,126,137,120,156,119
2023-03-08 07:30:00,142,142,124,113,155
2023-03-08 07:45:00,150,167,117,124,137
2023-03-08 08:00:00,176,132,190,147,133
2023-03-08 08:15:00,148,151,142,156,160
2023-03-08 08:30:00,149,130,148,126,169
2023-03-08 08:45:00,144,158,185,171,126
2023-03-08 09:00:00,159,134,108,140,136
2023-03-08 09:15:00,123,173,190,135,161
2023-03-08 09:30:00,165,120,148,151,145
2023-03-08 09:45:00,123,132,123,141,134
2023-03-08 10:00:00,141,163,134,148,147
2023-03-08 10:15:00,113,170,157,154,129
2023-03-08 10:30:00,168,115,163,149,161
2023-03-08 10:45:00,162,166,164,154,164
2023-03-08 11:00:00,92,124,170,190,140
2023-03-08 11:15:00,166,157,131,167,174
2023-03-08 11:30:00,116,173,119,134,164
2023-03-08 11:45:00,148,170,162,122,160
2023-03-08 12:00:00,174,120,147,153,109
2023-03-08 12:15:00,124,149,162,114,157
2023-03-08 12:30:00,121,124,166,166,151
2023-03-08 12:45:00,147,145,150,128,166
2023-03-08 13:00:00,140,159,154,170,160
2023-03-08 13:15:00,144,166,143,170,190
2023-03-08 13:30:00,159,138,145,122,143
2023-03-08 13:45:00,117,105,122,142,110
2023-03-08 14:00:00,125,152,188,147,133
2023-03-08 14:15:00,144,163,150,153,169
2023-03-08 14:30:00,152,120,108,168,181
2023-03-08 14:45:00,139,156,143,160,135
2023-03-08 15:00:00,134,169,152,153,175
2023-03-08 15:15:00,174,117,131,166,149
2023-03-08 15:30:00,157,136,143,112,159
2023-03-08 15:45:00,138,161,170,173,123
2023-03-08 16:00:00,124,127,145,124,103
2023-03-08 16:15:00,110,140,149,157,141
2023-03-08 16:30:00,129,146,167,143,161
2023-03-08 16:45:00,159,151,116,166,136
2023-03-08 17:00:00,147,151,151,153,149
2023-03-08 17:15:00,142,138,137,140,153
2023-03-08 17:30:00,138,132,177,160,107
2023-03-08 17:45:00,157,122,133,116,149
2023-03-08 18:00:00,173,140,129,143,150
2023-03-08 18:15:00,130,152,122,145,167
2023-03-08 18:30:00,144,116,152,178,182
2023-03-08 18:45:00,166,138,141,186,130
2023-03-08 19:00:00,132,122,146,158,175
2023-03-08 19:15:00,117,135,149,149,159
2023-03-08 19:30:00,149,150,168,106,135
2023-03-08 19:45:00,181,145,155,149,143
2023-03-08 20:00:00,158,103,150,144,147
2023-03-08 20:15:00,135,118,169,153,156
2023-03-08 20:30:00,151,131,157,101,131
2023-03-08 20:45:00,186,139,129,156,145
2023-03-08 21:00:00,100,136,146,140,143
2023-03-08 21:15:00,143,152,159,139,156
2023-03-08 21:30:00,152,168,181,141,123
2023-03-08 21:45:00,126,136,127,120,149
2023-03-08 22:00:00,150,181,133,149,130
2023-03-08 22:15:00,130,147,186,157,154
2023-03-08 22:30:00,148,142,162,172,147
2023-03-08 22:45:00,165,138,144,167,146
2023-03-08 23:00:00,141,190,162,114,121
2023-03-08 23:15:00,170,182,142,139,165
2023-03-08 23:30:00,134,151,162,127,136
2023-03-08 23:45:00,202,157,177,164,142
2023-03-09 00:00:00,189,144,89,137,145
2023-03-09 00:15:00,127,164,150,169,156
2023-03-09 00:30:00,147,141,167,130,154
2023-03-09 00:45:00,136,115,135,130,132
2023-03-09 01:00:00,138,157,150,153,140
2023-03-09 01:15:00,130,170,131,150,160
2023-03-09 01:30:00,140,171,131,114,122
2023-03-09 01:45:00,140,143,161,143,187
2023-03-09 02:00:00,164,121,158,112,160
2023-03-09 02:15:00,159,156,119,143,119
2023-03-09 02:30:00,163,176,124,188,149
2023-03-09 02:45:00,151,118,137,149,155
2023-03-09 03:00:00,150,166,87,138,151
2023-03-09 03:15:00,152,134,131,131,136
2023-03-09 03:30:00,152,132,142,127,157
2023-03-09 03:45:00,126,114,174,137,140
2023-03-09 04:00:00,165,179,129,137,96
2023-03-09 04:15:00,193,142,125,130,140
2023-03-09 04:30:00,118,141,141,146,150
2023-03-09 04:45:00,136,166,150,175,88
2023-03-09 05:00:00,149,154,131,136,161
2023-03-09 05:15:00,142,130,169,106,162
2023-03-09 05:30:00,160,163,134,126,147
2023-03-09 05:45:00,143,138,121,166,187
2023-03-09 06:00:00,104,112,170,140,110
2023-03-09 06:15:00,102,155,165,136,162
2023-03-09 06:30:00,134,135,182,137,150
2023-03-09 06:45:00,146,145,162,134,160
2023-03-09 07:00:00,189,131,146,166,151
2023-03-09 07:15:00,170,115,117,104,120
2023-03-09 07:30:00,175,139,121,175,153
2023-03-09 07:45:00,152,169,129,121,134
2023-03-09 08:00:00,131,171,141,128,139
2023-03-09 08:15:00,164,135,132,146,147
2023-03-09 08:30:00,138,138,159,143,147
2023-03-09 08:45:00,137,171,120,168,145
2023-03-09 09:00:00,141,148,163,143,158
2023-03-09 09:15:00,134,169,124,170,160
2023-03-09 09:30:00,140,155,165,180,136
2023-03-09 09:45:00,134,159,133,146,121
2023-03-09 10:00:00,171,150,142,132,165
2023-03-09 10:15:00,148,148,165,131,159
2023-03-09 10:30:00,204,159,157,98,139
2023-03-09 10:45:00,153,176,110,133,135
2023-03-09 11:00:00,150,157,146,178,157
2023-03-09 11:15:00,139,150,157,145,132
2023-03-09 11:30:00,156,115,123,166,104
2023-03-09 11:45:00,121,143,141,177,130
2023-03-09 12:00:00,163,167,145,138,145
2023-03-09 12:15:00,185,134,115,153,142
2023-03-09 12:30:00,127,148,134,138,140
2023-03-09 12:45:00,135,124,140,156,145
2023-03-09 13:00:00,157,194,133,167,154
2023-03-09 13:15:00,144,126,140,131,178
2023-03-09 13:30:00,172,180,130,173,141
2023-03-09 13:45:00,146,127,158,125,121
2023-03-09 14:00:00,141,170,114,160,147
2023-03-09 14:15:00,160,127,153,150,115
2023-03-09 14:30:00,120,138,168,159,113
2023-03-09 14:45:00,131,194,173,146,131
2023-03-09 15:00:00,147,151,138,119,159
2023-03-09 15:15:00,115,102,149,142,121
2023-03-09 15:30:00,144,146,105,145,134
2023-03-09 15:45:00,121,164,128,170,142
2023-03-09 16:00:00,141,134,138,145,137
2023-03-09 16:15:00,165,124,167,146,113
2023-03-09 16:30:00,122,122,117,127,118
2023-03-09 16:45:00,167,156,185,138,176
2023-03-09 17:00:00,137,166,191,127,156
2023-03-09 17:15:00,197,155,159,141,130
2023-03-09 17:30:00,131,160,143,141,156
2023-03-09 17:45:00,143,156,98,157,119
2023-03-09 18:00:00,155,155,156,144,139
2023-03-09 18:15:00,156,141,154,142,177
2023-03-09 18:30:00,152,171,139,133,134
2023-03-09 18:45:00,181,120,146,160,142
2023-03-09 19:00:00,114,150,147,148,146
2023-03-09 19:15:00,127,159,120,170,122
2023-03-09 19:30:00,165,164,143,161,181
2023-03-09 19:45:00,123,187,186,184,147
2023-03-09 20:00:00,146,168,133,147,139
2023-03-09 20:15:00,139,119,155,165,139
2023-03-09 20:30:00,149,148,140,131,126
2023-03-09 20:45:00,162,170,114,199,186
2023-03-09 21:00:00,158,142,115,156,147
2023-03-09 21:15:00,139,151,179,161,147
2023-03-09 21:30:00,156,196,144,173,172
2023-03-09 21:45:00,144,150,151,154,106
2023-03-09 22:00:00,140,112,119,139,156
2023-03-09 22:15:00,144,129,121,116,158
2023-03-09 22:30:00,134,120,153,144,168
2023-03-09 22:45:00,140,139,148,150,154
2023-03-09 23:00:00,118,146,163,181,143
2023-03-09 23:15:00,157,117,122,115,130
2023-03-09 23:30:00,148,156,139,132,148
2023-03-09 23:45:00,136,121,149,137,76
2023-03-10 00:00:00,129,114,140,133,169
2023-03-10 00:15:00,134,136,165,169,156
2023-03-10 00:30:00,168,151,142,140,163
2023-03-10 00:45:00,145,137,159,148,156
2023-03-10 01:00:00,162,184,159,157,151
2023-03-10 01:15:00,122,190,144,116,169
2023-03-10 01:30:00,166,154,174,138,143
2023-03-10 01:45:00,125,166,143,126,193
2023-03-10 02:00:00,123,173,164,141,185
2023-03-10 02:15:00,151,141,153,200,125
2023-03-10 02:30:00,173,139,191,147,117
2023-03-10 02:45:00,138,163,176,153,180
2023-03-10 03:00:00,159,160,145,151,108
2023-03-10 03:15:00,161,160,138,104,133
2023-03-10 03:30:00,151,146,141,121,139
2023-03-10 03:45:00,151,149,145,141,140
2023-03-10 04:00:00,148,134,136,129,136
2023-03-10 04:15:00,149,152,138,104,145
2023-03-10 04:30:00,169,181,174,124,163
2023-03-10 04:45:00,106,122,145,164,137
2023-03-10 05:00:00,139,142,156,164,126
2023-03-10 05:15:00,156,138,145,145,142
2023-03-10 05:30:00,132,156,157,173,127
2023-03-10 05:45:00,177,167,130,121,165
2023-03-10 06:00:00,131,140,147,173,172
2023-03-10 06:15:00,132,191,171,142,152
2023-03-10 06:30:00,126,141,155,159,171
2023-03-10 06:45:00,169,134,88,158,150
2023-03-10 07:00:00,140,158,134,175,134
2023-03-10 07:15:00,152,135,124,138,121
2023-03-10 07:30:00,154,94,156,139,143
2023-03-10 07:45:00,127,179,157,166,159
2023-03-10 08:00:00,147,128,133,144,167
2023-03-10 08:15:00,171,158,150,134,147
2023-03-10 08:30:00,158,165,149,139,156
2023-03-10 08:45:00,134,163,135,121,117
2023-03-10 09:00:00,189,140,154,156,131
2023-03-10 09:15:00,133,134,127,159,141
2023-03-10 09:30:00,170,185,156,145,145
2023-03-10 09:45:00,143,159,120,179,134
2023-03-10 10:00:00,127,125,157,123,175
2023-03-10 10:15:00,182,145,122,126,156
2023-03-10 10:30:00,156,128,158,167,147
2023-03-10 10:45:00,147,106,105,146,164
2023-03-10 11:00:00,159,146,152,150,150
2023-03-10 11:15:00,145,171,145,137,115
2023-03-10 11:30:00,178,125,155,170,121
2023-03-10 11:45:00,165,125,135,102,118
2023-03-10 12:00:00,174,156,173,135,152
2023-03-10 12:15:00,157,128,130,165,129
2023-03-10 12:30:00,118,156,165,180,190
2023-03-10 12:45:00,148,127,115,138,125
2023-03-10 13:00:00,125,151,134,151,137
2023-03-10 13:15:00,162,139,165,145,134
2023-03-10 13:30:00,137,145,150,155,136
2023-03-10 13:45:00,139,124,92,173,134
2023-03-10 14:00:00,142,174,167,135,149
2023-03-10 14:15:00,136,150,126,136,163
2023-03-10 14:30:00,109,171,138,110,144
2023-03-10 14:45:00,127,130,153,169,161
2023-03-10 15:00:00,157,156,152,170,161
2023-03-10 15:15:00,160,120,164,127,116
2023-03-10 15:30:00,165,147,151,189,157
2023-03-10 15:45:00,169,159,103,122,167
2023-03-10 16:00:00,168,161,148,150,150
2023-03-10 16:15:00,139,166,143,149,161
2023-03-10 16:30:00,127,141,167,152,153
2023-03-10 16:45:00,164,144,131,158,166
2023-03-10 17:00:00,132,160,173,138,164
2023-03-10 17:15:00,160,156,145,114,136
2023-03-10 17:30:00,142,169,129,145,174
2023-03-10 17:45:00,149,132,138,160,103
2023-03-10 18:00:00,148,169,163,174,120
2023-03-10 18:15:00,165,104,146,149,144
2023-03-10 18:30:00,140,122,163,168,149
2023-03-10 18:45:00,156,162,155,123,109
2023-03-10 19:00:00,175,118,178,150,112
2023-03-10 19:15:00,117,140,127,126,131
2023-03-10 19:30:00,148,142,141,149,146
2023-03-10 19:45:00,111,151,129,129,155
2023-03-10 20:00:00,152,133,115,131,155
2023-03-10 20:15:00,175,144,188,156,107
2023-03-10 20:30:00,132,171,155,143,130
2023-03-10 20:45:00,131,143,129,121,160
2023-03-10 21:00:00,172,138,150,174,144
2023-03-10 21:15:00,139,125,141,122,141
2023-03-10 21:30:00,175,128,132,133,117
2023-03-10 21:45:00,114,152,156,175,132
2023-03-10 22:00:00,151,131,151,116,138
2023-03-10 22:15:00,131,164,161,120,167
2023-03-10 22:30:00,132,133,122,146,112
2023-03-10 22:45:00,144,161,112,140,159
2023-03-10 23:00:00,175,121,169,158,143
2023-03-10 23:15:00,156,151,165,131,119
2023-03-10 23:30:00,141,125,155,151,164
2023-03-10 23:45:00,147,150,138,187,170
2023-03-11 00:00:00,144,135,127,119,134
2023-03-11 00:15:00,133,132,179,143,144
2023-03-11 00:30:00,135,171,158,104,102
2023-03-11 00:45:00,139,153,147,134,145
2023-03-11 01:00:00,153,147,126,132,142
2023-03-11 01:15:00,145,165,151,147,148
2023-03-11 01:30:00,147,188,154,120,155
2023-03-11 01:45:00,156,155,151,131,143
2023-03-11 02:00:00,174,129,169,133,142
2023-03-11 02:15:00,124,111,166,157,120
2023-03-11 02:30:00,122,190,147,140,149
2023-03-11 02:45:00,129,176,155,124,137
2023-03-11 03:00:00,141,119,158,126,163
2023-03-11 03:15:00,102,121,151,161,189
2023-03-11 03:30:00,170,138,103,143,139
2023-03-11 03:45:00,169,153,169,159,119
2023-03-11 04:00:00,162,172,156,164,144
2023-03-11 04:15:00,171,157,167,133,145
2023-03-11 04:30:00,142,152,154,141,168
2023-03-11 04:45:00,124,136,142,171,115
2023-03-11 05:00:00,152,134,154,154,186
2023-03-11 05:15:00,131,191,160,160,155
2023-03-11 05:30:00,120,144,115,158,163
2023-03-11 05:45:00,156,167,144,140,153
2023-03-11 06:00:00,128,159,158,174,124
2023-03-11 06:15:00,109,184,161,156,123
2023-03-11 06:30:00,135,127,156,125,128
2023-03-11 06:45:00,105,147,152,169,147
2023-03-11 07:00:00,158,125,121,136,151
2023-03-11 07:15:00,140,161,118,159,133
2023-03-11 07:30:00,136,171,144,161,127
2023-03-11 07:45:00,185,120,121,155,127
2023-03-11 08:00:00,152,156,161,130,151
2023-03-11 08:15:00,144,139,145,173,132
2023-03-11 08:30:00,152,131,120,165,164
2023-03-11 08:45:00,160,119,133,127,145
2023-03-11 09:00:00,117,147,154,125,202
2023-03-11 09:15:00,169,161,146,153,168
2023-03-11 09:30:00,118,110,143,143,150
2023-03-11 09:45:00,127,163,161,144,200
2023-03-11 10:00:00,119,155,91,182,162
2023-03-11 10:15:00,140,144,127,154,166
2023-03-11 10:30:00,138,154,159,144,157
2023-03-11 10:45:00,168,146,145,138,156
2023-03-11 11:00:00,177,139,198,136,164
2023-03-11 11:15:00,167,176,138,130,185
2023-03-11 11:30:00,164,195,146,182,149
2023-03-11 11:45:00,112,145,160,161,134
2023-03-11 12:00:00,170,150,156,118,144
2023-03-11 12:15:00,178,146,172,109,138
2023-03-11 12:30:00,157,139,159,159,168
2023-03-11 12:45:00,143,155,149,150,130
2023-03-11 13:00:00,119,164,167,149,134
2023-03-11 13:15:00,162,150,185,110,68
2023-03-11 13:30:00,137,139,143,154,129
2023-03-11 13:45:00,126,154,146,150,134
2023-03-11 14:00:00,167,121,177,155,152
2023-03-11 14:15:00,167,110,144,160,121
2023-03-11 14:30:00,145,131,165,146,117
2023-03-11 14:45:00,165,178,158,155,123
2023-03-11 15:00:00,155,120,162,151,164
2023-03-11 15:15:00,159,172,162,162,131
2023-03-11 15:30:00,169,165,144,140,151
2023-03-11 15:45:00,139,168,155,139,166
2023-03-11 16:00:00,161,157,142,162,134
2023-03-11 16:15:00,145,124,120,169,147
2023-03-11 16:30:00,162,130,160,129,167
2023-03-11 16:45:00,130,125,166,185,127
2023-03-11 17:00:00,168,103,137,159,117
2023-03-11 17:15:00,168,130,148,169,163
2023-03-11 17:30:00,154,147,156,158,148
2023-03-11 17:45:00,145,140,189,149,174
2023-03-11 18:00:00,154,139,175,133,133
2023-03-11 18:15:00,146,95,149,124,124
2023-03-11 18:30:00,161,165,162,148,126
2023-03-11 18:45:00,168,147,154,113,129
2023-03-11 19:00:00,153,170,176,142,158
2023-03-11 19:15:00,127,162,128,159,135
2023-03-11 19:30:00,122,168,153,141,115
2023-03-11 19:45:00,143,131,155,123,153
2023-03-11 20:00:00,149,191,171,156,147
2023-03-11 20:15:00,123,150,169,179,133
2023-03-11 20:30:00,152,135,145,172,152
2023-03-11 20:45:00,161,149,113,146,140
2023-03-11 21:00:00,143,157,125,136,153
2023-03-11 21:15:00,147,150,130,169,142
2023-03-11 21:30:00,137,110,186,166,157
2023-03-11 21:45:00,144,169,138,133,139
2023-03-11 22:00:00,140,131,136,145,141
2023-03-11 22:15:00,174,133,150,124,138
2023-03-11 22:30:00,166,141,146,124,152
2023-03-11 22:45:00,138,120,165,161,124
2023-03-11 23:00:00,181,140,150,154,124
2023-03-11 23:15:00,167,146,156,101,139
2023-03-11 23:30:00,149,146,151,146,131
2023-03-11 23:45:00,115,171,181,176,94
2023-03-12 00:00:00,147,123,128,129,143
2023-03-12 00:15:00,125,109,159,146,165
2023-03-12 00:30:00,177,129,168,130,154
2023-03-12 00:45:00,165,139,145,135,195
2023-03-12 01:00:00,141,134,121,153,130
2023-03-12 01:15:00,164,142,127,183,152
2023-03-12 01:30:00,151,144,134,149,142
2023-03-12 01:45:00,134,116,132,142,145
2023-03-12 02:00:00,137,82,132,188,153
2023-03-12 02:15:00,162,165,155,135,161
2023-03-12 02:30:00,120,152,138,129,162
2023-03-12 02:45:00,172,167,126,144,139
2023-03-12 03:00:00,150,153,126,167,145
2023-03-12 03:15:00,194,175,156,133,135
2023-03-12 03:30:00,139,173,133,167,160
2023-03-12 03:45:00,133,153,152,157,191
2023-03-12 04:00:00,155,160,169,111,185
2023-03-12 04:15:00,115,177,150,173,146
2023-03-12 04:30:00,170,119,125,151,120
2023-03-12 04:45:00,148,161,144,147,161
2023-03-12 05:00:00,136,132,154,138,141
2023-03-12 05:15:00,144,159,146,128,165
2023-03-12 05:30:00,138,147,132,162,162
2023-03-12 05:45:00,136,139,154,151,149
2023-03-12 06:00:00,158,144,162,172,152
2023-03-12 06:15:00,135,102,111,155,142
2023-03-12 06:30:00,138,140,161,100,187
2023-03-12 06:45:00,174,139,128,148,171
2023-03-12 07:00:00,179,99,134,131,183
2023-03-12 07:15:00,162,156,148,125,111
2023-03-12 07:30:00,116,161,171,161,155
2023-03-12 07:45:00,160,142,140,130,127
2023-03-12 08:00:00,163,116,143,143,143
2023-03-12 08:15:00,163,168,145,112,168
2023-03-12 08:30:00,119,165,168,141,187
2023-03-12 08:45:00,159,153,134,132,142
2023-03-12 09:00:00,178,114,158,142,144
2023-03-12 09:15:00,118,145,155,143,126
2023-03-12 09:30:00,140,119,111,154,151
2023-03-12 09:45:00,137,140,128,123,138
2023-03-12 10:00:00,135,162,191,153,139
2023-03-12 10:15:00,120,120,126,130,137
2023-03-12 10:30:00,114,118,119,129,179
2023-03-12 10:45:00,134,121,162,152,178
2023-03-12 11:00:00,135,139,179,181,129
2023-03-12 11:15:00,149,133,161,140,150
2023-03-12 11:30:00,166,136,117,140,121
2023-03-12 11:45:00,118,163,143,154,133
2023-03-12 12:00:00,159,149,158,159,145
2023-03-12 12:15:00,177,112,151,154,161
2023-03-12 12:30:00,176,128,145,154,158
2023-03-12 12:45:00,124,160,176,142,108
2023-03-12 13:00:00,130,175,141,173,157
2023-03-12 13:15:00,177,166,161,129,148
2023-03-12 13:30:00,112,137,161,131,139
2023-03-12 13:45:00,139,152,162,125,151
2023-03-12 14:00:00,142,152,131,159,144
2023-03-12 14:15:00,131,149,165,138,173
2023-03-12 14:30:00,171,126,129,161,132
2023-03-12 14:45:00,162,161,135,146,157
2023-03-12 15:00:00,98,142,165,149,159
2023-03-12 15:15:00,204,169,126,149,151
2023-03-12 15:30:00,139,165,121,123,143
2023-03-12 15:45:00,139,166,128,156,121
2023-03-12 16:00:00,162,139,154,165,107
2023-03-12 16:15:00,140,196,153,156,154
2023-03-12 16:30:00,114,165,149,142,115
2023-03-12 16:45:00,163,148,198,167,118
2023-03-12 17:00:00,117,130,134,125,134
2023-03-12 17:15:00,136,141,189,136,142
2023-03-12 17:30:00,188,147,132,147,162
2023-03-12 17:45:00,145,168,122,151,176
2023-03-12 18:00:00,147,145,135,155,166
2023-03-12 18:15:00,148,141,163,159,151
2023-03-12 18:30:00,141,166,137,141,182
2023-03-12 18:45:00,168,167,106,137,173
2023-03-12 19:00:00,155,147,150,192,142
2023-03-12 19:15:00,160,104,129,136,158
2023-03-12 19:30:00,183,120,159,154,139
2023-03-12 19:45:00,132,183,118,163,159
2023-03-12 20:00:00,155,178,165,125,137
2023-03-12 20:15:00,153,168,168,137,130
2023-03-12 20:30:00,117,179,134,126,135
2023-03-12 20:45:00,131,129,111,177,139
2023-03-12 21:00:00,136,140,178,153,153
2023-03-12 21:15:00,142,143,109,140,155
2023-03-12 21:30:00,128,110,146,134,152
2023-03-12 21:45:00,152,159,148,153,134
2023-03-12 22:00:00,143,188,152,115,130
2023-03-12 22:15:00,159,179,133,132,113
2023-03-12 22:30:00,133,111,134,131,177
2023-03-12 22:45:00,166,144,150,184,159
2023-03-12 23:00:00,109,145,167,175,173
2023-03-12 23:15:00,135,171,182,130,114
2023-03-12 23:30:00,129,165,155,190,136
2023-03-12 23:45:00,146,158,114,157,185
2023-03-13 00:00:00,158,123,148,136,147
2023-03-13 00:15:00,118,126,148,170,160
2023-03-13 00:30:00,149,151,182,118,126
2023-03-13 00:45:00,136,153,140,162,140
2023-03-13 01:00:00,153,137,173,133,136
2023-03-13 01:15:00,149,128,102,150,164
2023-03-13 01:30:00,155,158,140,128,129
2023-03-13 01:45:00,125,164,148,142,116
2023-03-13 02:00:00,144,166,101,180,162
2023-03-13 02:15:00,130,158,117,162,148
2023-03-13 02:30:00,157,152,132,153,141
2023-03-13 02:45:00,117,143,157,171,113
2023-03-13 03:00:00,162,145,118,168,138
2023-03-13 03:15:00,187,163,161,144,142
2023-03-13 03:30:00,139,130,158,160,143
2023-03-13 03:45:00,110,141,154,132,176
2023-03-13 04:00:00,122,166,177,134,172
2023-03-13 04:15:00,170,155,128,142,140
2023-03-13 04:30:00,188,163,139,161,119
2023-03-13 04:45:00,156,136,149,131,157
2023-03-13 05:00:00,155,164,135,157,145
2023-03-13 05:15:00,141,138,165,136,100
2023-03-13 05:30:00,119,149,183,103,132
2023-03-13 05:45:00,147,135,120,137,129
2023-03-13 06:00:00,123,172,138,124,124
2023-03-13 06:15:00,152,127,164,159,153
2023-03-13 06:30:00,149,158,125,162,149
2023-03-13 06:45:00,151,175,131,143,166
2023-03-13 07:00:00,160,145,159,121,188
2023-03-13 07:15:00,201,137,169,140,139
2023-03-13 07:30:00,140,206,115,127,140
2023-03-13 07:45:00,131,151,116,150,157
2023-03-13 08:00:00,154,142,167,123,151
2023-03-13 08:15:00,157,125,184,117,166
2023-03-13 08:30:00,176,150,128,151,157
2023-03-13 08:45:00,181,112,156,143,138
2023-03-13 09:00:00,148,118,175,148,158
2023-03-13 09:15:00,166,145,131,191,133
2023-03-13 09:30:00,145,163,177,152,153
2023-03-13 09:45:00,164,149,139,147,148
2023-03-13 10:00:00,169,171,165,138,158
2023-03-13 10:15:00,153,172,158,165,165
2023-03-13 10:30:00,171,107,139,159,188
2023-03-13 10:45:00,127,149,128,125,152
2023-03-13 11:00:00,136,127,160,164,154
2023-03-13 11:15:00,124,158,149,161,156
2023-03-13 11:30:00,151,181,157,161,157
2023-03-13 11:45:00,177,146,96,143,147
2023-03-13 12:00:00,144,133,142,126,147
2023-03-13 12:15:00,119,148,169,174,158
2023-03-13 12:30:00,182,181,166,153,154
2023-03-13 12:45:00,140,138,119,160,122
2023-03-13 13:00:00,130,161,164,168,158
2023-03-13 13:15:00,181,113,131,153,147
2023-03-13 13:30:00,131,146,165,188,131
2023-03-13 13:45:00,160,162,144,134,147
2023-03-13 14:00:00,138,155,121,144,155
2023-03-13 14:15:00,157,130,108,118,138
2023-03-13 14:30:00,115,161,144,127,139
2023-03-13 14:45:00,147,166,168,154,113
2023-03-13 15:00:00,142,144,166,168,143
2023-03-13 15:15:00,145,145,216,134,178
2023-03-13 15:30:00,143,163,161,129,170
2023-03-13 15:45:00,131,156,159,148,128
2023-03-13 16:00:00,122,149,132,135,128
2023-03-13 16:15:00,147,117,165,126,142
2023-03-13 16:30:00,116,106,180,142,179
2023-03-13 16:45:00,95,121,168,168,113
2023-03-13 17:00:00,149,129,151,146,171
2023-03-13 17:15:00,164,116,174,173,156
2023-03-13 17:30:00,142,131,121,98,121
2023-03-13 17:45:00,132,126,143,137,142
2023-03-13 18:00:00,140,152,156,148,178
2023-03-13 18:15:00,151,154,139,159,131
2023-03-13 18:30:00,87,148,180,123,139
2023-03-13 18:45:00,143,155,159,179,173
2023-03-13 19:00:00,133,158,141,133,147
2023-03-13 19:15:00,157,106,162,119,107
2023-03-13 19:30:00,149,134,163,147,151
2023-03-13 19:45:00,137,142,128,131,155
2023-03-13 20:00:00,187,142,153,114,167
2023-03-13 20:15:00,140,156,114,155,112
2023-03-13 20:30:00,171,167,140,114,134
2023-03-13 20:45:00,159,136,128,140,152
2023-03-13 21:00:00,181,140,165,160,140
2023-03-13 21:15:00,126,140,103,156,157
2023-03-13 21:30:00,154,175,133,165,176
2023-03-13 21:45:00,140,154,106,155,157
2023-03-13 22:00:00,191,146,148,151,147
2023-03-13 22:15:00,148,159,147,180,145
2023-03-13 22:30:00,135,151,135,155,126
2023-03-13 22:45:00,120,156,118,154,171
2023-03-13 23:00:00,152,192,131,157,101
2023-03-13 23:15:00,122,137,166,171,168
2023-03-13 23:30:00,156,128,132,148,148
2023-03-13 23:45:00,136,159,159,153,164
2023-03-14 00:00:00,128,162,155,144,166
2023-03-14 00:15:00,155,146,184,144,159
2023-03-14 00:30:00,177,115,150,159,172
2023-03-14 00:45:00,91,193,185,130,133
2023-03-14 01:00:00,153,115,165,132,133
2023-03-14 01:15:00,141,162,123,136,158
2023-03-14 01:30:00,162,174,134,147,162
2023-03-14 01:45:00,144,160,121,132,165
2023-03-14 02:00:00,143,182,124,182,151
2023-03-14 02:15:00,183,138,159,129,176
2023-03-14 02:30:00,139,164,167,143,127
2023-03-14 02:45:00,146,157,159,148,120
2023-03-14 03:00:00,131,141,157,161,168
2023-03-14 03:15:00,148,152,120,149,157
2023-03-14 03:30:00,155,156,157,151,168
2023-03-14 03:45:00,113,144,145,118,137
2023-03-14 04:00:00,143,151,154,192,144
2023-03-14 04:15:00,177,147,182,158,150
2023-03-14 04:30:00,150,165,171,159,152
2023-03-14 04:45:00,114,133,166,116,120
2023-03-14 05:00:00,186,110,161,123,134
2023-03-14 05:15:00,163,142,142,152,150
2023-03-14 05:30:00,151,157,105,142,191
2023-03-14 05:45:00,141,155,143,155,137
2023-03-14 06:00:00,139,181,125,130,88
2023-03-14 06:15:00,146,131,177,179,179
2023-03-14 06:30:00,170,117,142,164,173
2023-03-14 06:45:00,163,152,172,133,158
2023-03-14 07:00:00,130,121,147,128,159
2023-03-14 07:15:00,163,137,173,133,136
2023-03-14 07:30:00,173,177,148,163,166
2023-03-14 07:45:00,124,117,145,180,159
2023-03-14 08:00:00,156,151,159,166,131
2023-03-14 08:15:00,147,167,128,142,170
2023-03-14 08:30:00,154,192,156,164,161
2023-03-14 08:45:00,170,173,134,105,121
2023-03-14 09:00:00,154,147,142,158,176
2023-03-14 09:15:00,126,159,121,133,167
2023-03-14 09:30:00,164,139,136,172,166
2023-03-14 09:45:00,115,157,186,150,188
2023-03-14 10:00:00,124,174,131,96,165
2023-03-14 10:15:00,120,195,153,170,173
2023-03-14 10:30:00,123,131,127,113,136
2023-03-14 10:45:00,160,139,165,169,167
2023-03-14 11:00:00,149,129,170,118,154
2023-03-14 11:15:00,164,170,176,138,131
2023-03-14 11:30:00,129,138,138,110,97
2023-03-14 11:45:00,134,142,161,112,173
2023-03-14 12:00:00,151,181,149,154,138
2023-03-14 12:15:00,145,161,161,139,127
2023-03-14 12:30:00,161,155,156,140,158
2023-03-14 12:45:00,121,147,168,169,165
2023-03-14 13:00:00,162,161,177,132,156
2023-03-14 13:15:00,103,131,120,142,143
2023-03-14 13:30:00,156,138,143,151,139
2023-03-14 13:45:00,153,146,141,153,95
2023-03-14 14:00:00,138,191,168,184,157
2023-03-14 14:15:00,128,161,169,171,131
2023-03-14 14:30:00,161,151,176,151,113
2023-03-14 14:45:00,154,170,124,148,155
2023-03-14 15:00:00,172,139,119,155,139
2023-03-14 15:15:00,144,138,132,99,127
2023-03-14 15:30:00,148,145,161,127,159
2023-03-14 15:45:00,157,151,143,131,122
2023-03-14 16:00:00,147,139,158,180,173
2023-03-14 16:15:00,149,177,130,143,126
2023-03-14 16:30:00,146,166,101,123,153
2023-03-14 16:45:00,171,156,180,126,166
2023-03-14 17:00:00,109,102,146,121,168
2023-03-14 17:15:00,129,174,164,129,149
2023-03-14 17:30:00,121,138,148,148,159
2023-03-14 17:45:00,178,151,149,132,174
2023-03-14 18:00:00,115,171,149,167,142
2023-03-14 18:15:00,188,168,150,152,114
2023-03-14 18:30:00,161,153,173,185,101
2023-03-14 18:45:00,168,205,165,170,133
2023-03-14 19:00:00,128,144,137,159,148
2023-03-14 19:15:00,151,181,145,99,115
2023-03-14 19:30:00,139,168,150,167,200
2023-03-14 19:45:00,131,137,125,104,147
2023-03-14 20:00:00,166,176,171,116,171
2023-03-14 20:15:00,145,138,133,128,114
2023-03-14 20:30:00,124,153,156,146,156
2023-03-14 20:45:00,203,120,148,142,173
2023-03-14 21:00:00,133,151,129,143,119
2023-03-14 21:15:00,107,151,166,142,160
2023-03-14 21:30:00,135,137,144,172,155
2023-03-14 21:45:00,164,153,139,169,150
2023-03-14 22:00:00,103,139,156,155,155
2023-03-14 22:15:00,196,169,121,129,172
2023-03-14 22:30:00,142,138,125,179,153
2023-03-14 22:45:00,139,164,120,176,129
2023-03-14 23:00:00,136,119,138,102,109
2023-03-14 23:15:00,140,157,123,152,114
2023-03-14 23:30:00,178,130,128,144,159
2023-03-14 23:45:00,115,175,165,134,157
2023-03-15 00:00:00,182,149,174,151,116
2023-03-15 00:15:00,120,153,178,185,92
2023-03-15 00:30:00,140,171,179,187,142
2023-03-15 00:45:00,129,148,141,139,141
2023-03-15 01:00:00,172,153,173,181,187
2023-03-15 01:15:00,155,143,114,129,150
2023-03-15 01:30:00,116,150,133,179,93
2023-03-15 01:45:00,85,148,200,145,118
2023-03-15 02:00:00,157,112,145,142,150
2023-03-15 02:15:00,179,128,124,125,179
2023-03-15 02:30:00,155,175,160,142,159
2023-03-15 02:45:00,142,146,161,108,124
2023-03-15 03:00:00,111,128,181,148,142
2023-03-15 03:15:00,117,138,135,138,143
2023-03-15 03:30:00,162,129,150,109,181
2023-03-15 03:45:00,159,122,175,168,113
2023-03-15 04:00:00,136,151,140,151,167
2023-03-15 04:15:00,162,119,149,147,137
2023-03-15 04:30:00,140,166,146,173,140
2023-03-15 04:45:00,151,139,147,149,112
2023-03-15 05:00:00,150,119,152,139,145
2023-03-15 05:15:00,175,147,158,167,176
2023-03-15 05:30:00,161,155,150,174,143
2023-03-15 05:45:00,145,134,152,134,111
2023-03-15 06:00:00,149,151,153,158,147
2023-03-15 06:15:00,152,136,157,162,126
2023-03-15 06:30:00,148,140,136,147,121
2023-03-15 06:45:00,152,148,146,174,167
2023-03-15 07:00:00,179,144,123,150,133
2023-03-15 07:15:00,147,153,143,159,174
2023-03-15 07:30:00,159,82,194,151,145
2023-03-15 07:45:00,154,147,121,166,146
2023-03-15 08:00:00,152,153,181,164,142
2023-03-15 08:15:00,129,150,183,138,156
2023-03-15 08:30:00,164,141,176,155,170
2023-03-15 08:45:00,117,153,143,183,183
2023-03-15 09:00:00,161,153,179,219,137
2023-03-15 09:15:00,145,115,137,171,158
2023-03-15 09:30:00,128,147,113,159,168
2023-03-15 09:45:00,164,167,138,160,133
2023-03-15 10:00:00,149,184,161,150,173
2023-03-15 10:15:00,114,180,141,141,126
2023-03-15 10:30:00,145,175,124,146,174
2023-03-15 10:45:00,133,154,157,149,141
2023-03-15 11:00:00,146,113,129,157,162
2023-03-15 11:15:00,142,114,108,152,148
2023-03-15 11:30:00,158,144,96,147,129
2023-03-15 11:45:00,155,148,117,135,132
2023-03-15 12:00:00,125,177,161,136,145
2023-03-15 12:15:00,163,147,139,153,182
2023-03-15 12:30:00,135,155,162,146,154
2023-03-15 12:45:00,132,157,141,126,133
2023-03-15 13:00:00,140,113,147,183,149
2023-03-15 13:15:00,114,148,154,143,153
2023-03-15 13:30:00,130,121,144,172,144
2023-03-15 13:45:00,157,165,150,129,127
2023-03-15 14:00:00,165,154,131,170,142
2023-03-15 14:15:00,163,181,159,162,171
2023-03-15 14:30:00,140,159,160,155,107
2023-03-15 14:45:00,137,172,166,142,137
2023-03-15 15:00:00,140,151,134,121,156
2023-03-15 15:15:00,155,129,136,142,136
2023-03-15 15:30:00,160,126,141,137,137
2023-03-15 15:45:00,141,158,134,128,142
2023-03-15 16:00:00,178,125,185,126,162
2023-03-15 16:15:00,138,129,160,133,151
2023-03-15 16:30:00,126,138,166,154,141
2023-03-15 16:45:00,135,168,178,142,151
2023-03-15 17:00:00,135,111,149,180,137
2023-03-15 17:15:00,123,152,109,128,163
2023-03-15 17:30:00,164,164,156,127,150
2023-03-15 17:45:00,158,126,109,186,132
2023-03-15 18:00:00,162,134,112,126,132
2023-03-15 18:15:00,133,175,137,133,144
2023-03-15 18:30:00,118,192,176,149,151
2023-03-15 18:45:00,166,130,177,170,184
2023-03-15 19:00:00,207,126,146,175,150
2023-03-15 19:15:00,140,150,93,136,127
2023-03-15 19:30:00,144,135,154,154,110
2023-03-15 19:45:00,139,147,135,142,163
2023-03-15 20:00:00,151,172,183,147,181
2023-03-15 20:15:00,152,186,159,138,148
2023-03-15 20:30:00,109,123,133,126,141
2023-03-15 20:45:00,116,154,113,146,118
2023-03-15 21:00:00,135,145,120,169,164
2023-03-15 21:15:00,101,125,154,153,79
2023-03-15 21:30:00,122,141,161,144,156
2023-03-15 21:45:00,160,126,116,135,170
2023-03-15 22:00:00,157,169,176,160,143
2023-03-15 22:15:00,151,183,131,187,165
2023-03-15 22:30:00,147,144,171,169,129
2023-03-15 22:45:00,141,163,183,124,115
2023-03-15 23:00:00,137,137,180,183,130
2023-03-15 23:15:00,142,145,141,149,161
2023-03-15 23:30:00,177,146,130,125,147
2023-03-15 23:45:00,128,147,149,170,141
2023-03-16 00:00:00,155,129,153,145,166
2023-03-16 00:15:00,170,119,121,174,129
2023-03-16 00:30:00,145,141,172,188,139
2023-03-16 00:45:00,163,169,128,122,175
2023-03-16 01:00:00,143,156,159,160,163
2023-03-16 01:15:00,127,142,168,141,157
2023-03-16 01:30:00,162,143,117,120,121
2023-03-16 01:45:00,165,136,144,155,140
2023-03-16 02:00:00,176,165,156,140,141
2023-03-16 02:15:00,139,157,155,173,138
2023-03-16 02:30:00,184,169,142,167,101
2023-03-16 02:45:00,152,138,144,143,191
2023-03-16 03:00:00,153,166,162,144,147
2023-03-16 03:15:00,121,144,144,140,137
2023-03-16 03:30:00,164,161,150,131,177
2023-03-16 03:45:00,163,136,149,146,112
2023-03-16 04:00:00,132,140,130,182,120
2023-03-16 04:15:00,171,142,150,161,147
2023-03-16 04:30:00,107,121,144,116,144
2023-03-16 04:45:00,187,136,168,140,154
2023-03-16 05:00:00,163,150,141,152,153
2023-03-16 05:15:00,129,155,187,141,151
2023-03-16 05:30:00,143,132,147,165,140
2023-03-16 05:45:00,138,135,141,148,167
2023-03-16 06:00:00,126,150,112,165,163
2023-03-16 06:15:00,127,126,155,169,134
2023-03-16 06:30:00,150,165,136,125,151
2023-03-16 06:45:00,125,160,150,141,126
2023-03-16 07:00:00,166,149,177,110,130
2023-03-16 07:15:00,150,115,149,146,147
2023-03-16 07:30:00,119,144,122,146,124
2023-03-16 07:45:00,130,126,161,183,137
2023-03-16 08:00:00,152,132,120,175,137
2023-03-16 08:15:00,136,117,137,146,144
2023-03-16 08:30:00,146,137,166,174,124
2023-03-16 08:45:00,190,151,164,126,174
2023-03-16 09:00:00,122,168,171,162,145
2023-03-16 09:15:00,128,135,131,152,129
2023-03-16 09:30:00,176,138,151,155,154
2023-03-16 09:45:00,143,128,169,147,151
2023-03-16 10:00:00,132,191,167,143,149
2023-03-16 10:15:00,189,129,147,177,102
2023-03-16 10:30:00,148,146,146,133,153
2023-03-16 10:45:00,142,148,132,145,121
2023-03-16 11:00:00,137,175,143,118,130
2023-03-16 11:15:00,124,117,130,163,145
2023-03-16 11:30:00,110,156,147,152,161
2023-03-16 11:45:00,148,149,156,163,159
2023-03-16 12:00:00,138,127,165,148,162
2023-03-16 12:15:00,172,168,127,146,143
2023-03-16 12:30:00,112,121,170,167,123
2023-03-16 12:45:00,144,161,119,119,135
2023-03-16 13:00:00,163,141,141,171,157
2023-03-16 13:15:00,190,176,168,173,188
2023-03-16 13:30:00,133,144,161,154,146
2023-03-16 13:45:00,137,128,132,164,148
2023-03-16 14:00:00,135,167,162,138,144
2023-03-16 14:15:00,162,170,146,153,125
2023-03-16 14:30:00,138,99,131,160,149
2023-03-16 14:45:00,146,154,138,115,143
2023-03-16 15:00:00,119,140,153,129,174
2023-03-16 15:15:00,138,142,109,149,167
2023-03-16 15:30:00,202,172,144,141,157
2023-03-16 15:45:00,135,142,184,99,167
2023-03-16 16:00:00,129,152,148,183,162
2023-03-16 16:15:00,149,148,136,145,141
2023-03-16 16:30:00,121,136,127,149,140
2023-03-16 16:45:00,146,152,138,135,124
2023-03-16 17:00:00,164,119,151,136,167
2023-03-16 17:15:00,143,124,152,115,151
2023-03-16 17:30:00,163,130,150,128,130
2023-03-16 17:45:00,166,177,148,139,150
2023-03-16 18:00:00,128,146,157,153,120
2023-03-16 18:15:00,173,114,150,142,151
2023-03-16 18:30:00,166,154,182,169,171
2023-03-16 18:45:00,190,106,173,134,182
2023-03-16 19:00:00,113,148,171,118,173
2023-03-16 19:15:00,159,136,160,117,167
2023-03-16 19:30:00,163,151,165,127,133
2023-03-16 19:45:00,129,172,125,141,119
2023-03-16 20:00:00,127,135,171,161,159
2023-03-16 20:15:00,157,146,141,166,130
2023-03-16 20:30:00,164,125,123,139,123
2023-03-16 20:45:00,161,117,139,122,128
2023-03-16 21:00:00,175,158,136,159,160
2023-03-16 21:15:00,136,163,146,135,148
2023-03-16 21:30:00,129,120,213,156,157
2023-03-16 21:45:00,165,122,126,124,156
2023-03-16 22:00:00,167,115,124,136,139
2023-03-16 22:15:00,157,109,127,143,155
2023-03-16 22:30:00,126,156,169,101,142
2023-03-16 22:45:00,153,143,127,150,127
2023-03-16 23:00:00,156,218,132,127,132
2023-03-16 23:15:00,124,148,127,120,155
2023-03-16 23:30:00,123,159,158,122,180
2023-03-16 23:45:00,143,110,118,167,157
2023-03-17 00:00:00,121,152,165,175,138
2023-03-17 00:15:00,152,185,151,103,156
2023-03-17 00:30:00,153,205,172,175,152
2023-03-17 00:45:00,147,135,153,170,138
2023-03-17 01:00:00,133,140,130,166,162
2023-03-17 01:15:00,141,133,187,126,123
2023-03-17 01:30:00,147,156,125,140,118
2023-03-17 01:45:00,129,119,136,154,139
2023-03-17 02:00:00,143,137,146,143,149
2023-03-17 02:15:00,124,137,183,134,141
2023-03-17 02:30:00,168,130,191,140,136
2023-03-17 02:45:00,149,141,188,141,135
2023-03-17 03:00:00,161,140,163,172,159
2023-03-17 03:15:00,142,168,149,133,151
2023-03-17 03:30:00,150,105,173,147,143
2023-03-17 03:45:00,168,146,141,159,173
2023-03-17 04:00:00,136,140,176,124,154
2023-03-17 04:15:00,153,164,131,149,158
2023-03-17 04:30:00,119,147,126,176,131
2023-03-17 04:45:00,178,138,148,157,157
2023-03-17 05:00:00,160,141,148,193,133
2023-03-17 05:15:00,162,148,130,169,137
2023-03-17 05:30:00,130,174,102,147,124
2023-03-17 05:45:00,147,124,153,99,124
2023-03-17 06:00:00,126,143,152,155,138
2023-03-17 06:15:00,128,170,142,154,165
2023-03-17 06:30:00,163,137,147,90,146
2023-03-17 06:45:00,120,154,173,169,125
2023-03-17 07:00:00,82,164,146,156,142
2023-03-17 07:15:00,149,178,136,145,121
2023-03-17 07:30:00,157,159,156,135,144
2023-03-17 07:45:00,155,156,152,171,143
2023-03-17 08:00:00,150,172,142,164,119
2023-03-17 08:15:00,175,153,155,144,150
2023-03-17 08:30:00,168,163,146,139,132
2023-03-17 08:45:00,131,145,170,113,129
2023-03-17 09:00:00,162,127,154,117,140
2023-03-17 09:15:00,145,166,160,149,166
2023-03-17 09:30:00,170,159,125,145,159
2023-03-17 09:45:00,129,135,139,120,160
2023-03-17 10:00:00,140,163,119,135,143
2023-03-17 10:15:00,132,178,167,145,131
2023-03-17 10:30:00,117,147,108,105,157
2023-03-17 10:45:00,170,162,157,146,162
2023-03-17 11:00:00,157,164,201,106,141
2023-03-17 11:15:00,159,137,111,145,125
2023-03-17 11:30:00,129,113,170,125,128
2023-03-17 11:45:00,105,175,160,120,153
2023-03-17 12:00:00,135,140,141,151,148
2023-03-17 12:15:00,146,122,102,158,127
2023-03-17 12:30:00,159,183,157,151,110
2023-03-17 12:45:00,106,149,134,167,138
2023-03-17 13:00:00,167,172,160,130,145
2023-03-17 13:15:00,138,170,132,150,182
2023-03-17 13:30:00,133,169,126,168,147
2023-03-17 13:45:00,138,160,121,137,144
2023-03-17 14:00:00,138,152,126,156,156
2023-03-17 14:15:00,128,136,140,140,137
2023-03-17 14:30:00,168,130,159,164,126
2023-03-17 14:45:00,143,188,146,165,131
2023-03-17 15:00:00,150,134,148,157,122
2023-03-17 15:15:00,206,198,148,162,142
2023-03-17 15:30:00,137,158,155,149,170
2023-03-17 15:45:00,153,127,168,144,161
2023-03-17 16:00:00,176,155,119,141,122
2023-03-17 16:15:00,180,151,118,155,135
2023-03-17 16:30:00,168,142,170,156,114
2023-03-17 16:45:00,175,152,139,154,136
2023-03-17 17:00:00,157,157,137,112,133
2023-03-17 17:15:00,169,114,142,178,157
2023-03-17 17:30:00,183,126,193,161,142
2023-03-17 17:45:00,124,109,171,163,166
2023-03-17 18:00:00,185,148,121,137,147
2023-03-17 18:15:00,143,189,167,147,164
2023-03-17 18:30:00,126,156,176,141,162
2023-03-17 18:45:00,186,139,141,150,156
2023-03-17 19:00:00,148,157,140,133,137
2023-03-17 19:15:00,136,143,162,144,143
2023-03-17 19:30:00,132,151,142,144,170
2023-03-17 19:45:00,140,179,175,149,157
2023-03-17 20:00:00,179,136,146,136,161
2023-03-17 20:15:00,151,172,137,161,136
2023-03-17 20:30:00,127,146,129,165,108
2023-03-17 20:45:00,130,90,160,109,136
2023-03-17 21:00:00,142,143,163,149,133
2023-03-17 21:15:00,174,139,151,163,148
2023-03-17 21:30:00,159,143,170,146,156
2023-03-17 21:45:00,150,153,131,163,166
2023-03-17 22:00:00,135,128,200,151,188
2023-03-17 22:15:00,160,109,153,138,170
2023-03-17 22:30:00,163,141,172,153,146
2023-03-17 22:45:00,147,134,136,120,174
2023-03-17 23:00:00,157,125,138,142,190
2023-03-17 23:15:00,168,137,165,165,149
2023-03-17 23:30:00,150,183,131,150,150
2023-03-17 23:45:00,160,142,151,151,164
2023-03-18 00:00:00,170,157,120,139,136
2023-03-18 00:15:00,174,157,131,106,184
2023-03-18 00:30:00,163,167,164,159,155
2023-03-18 00:45:00,163,140,125,161,158
2023-03-18 01:00:00,179,151,132,152,172
2023-03-18 01:15:00,143,133,131,165,159
2023-03-18 01:30:00,190,141,141,146,141
2023-03-18 01:45:00,146,150,157,159,161
2023-03-18 02:00:00,155,130,150,156,145
2023-03-18 02:15:00,131,127,147,148,155
2023-03-18 02:30:00,109,141,166,160,153
2023-03-18 02:45:00,141,168,140,125,171
2023-03-18 03:00:00,189,132,161,153,157
2023-03-18 03:15:00,110,133,123,171,144
2023-03-18 03:30:00,165,144,178,151,166
2023-03-18 03:45:00,138,119,143,132,148
2023-03-18 04:00:00,148,124,194,140,136
2023-03-18 04:15:00,176,134,152,143,168
2023-03-18 04:30:00,174,175,169,150,156
2023-03-18 04:45:00,133,148,118,151,158
2023-03-18 05:00:00,177,180,157,162,192
2023-03-18 05:15:00,112,156,148,131,137
2023-03-18 05:30:00,184,158,140,172,144
2023-03-18 05:45:00,141,183,159,147,145
2023-03-18 06:00:00,153,139,158,148,117
2023-03-18 06:15:00,152,91,133,141,127
2023-03-18 06:30:00,137,108,177,186,122
2023-03-18 06:45:00,158,117,148,140,140
2023-03-18 07:00:00,142,130,137,180,151
2023-03-18 07:15:00,125,128,150,157,160
2023-03-18 07:30:00,159,120,157,130,146
2023-03-18 07:45:00,187,137,170,159,141
2023-03-18 08:00:00,155,139,159,122,173
2023-03-18 08:15:00,95,167,183,126,147
2023-03-18 08:30:00,142,170,130,151,106
2023-03-18 08:45:00,172,134,160,147,125
2023-03-18 09:00:00,168,127,146,186,130
2023-03-18 09:15:00,140,163,140,121,182
2023-03-18 09:30:00,143,160,154,174,145
2023-03-18 09:45:00,148,125,150,171,133
2023-03-18 10:00:00,140,154,118,169,141
2023-03-18 10:15:00,147,145,113,151,146
2023-03-18 10:30:00,171,160,137,136,138
2023-03-18 10:45:00,150,157,149,132,112
2023-03-18 11:00:00,109,161,127,137,155
2023-03-18 11:15:00,128,134,177,125,191
2023-03-18 11:30:00,141,172,169,176,159
2023-03-18 11:45:00,142,169,173,144,170
2023-03-18 12:00:00,139,154,139,146,148
2023-03-18 12:15:00,145,149,180,149,150
2023-03-18 12:30:00,133,156,166,149,128
2023-03-18 12:45:00,148,145,129,131,140
2023-03-18 13:00:00,122,125,151,158,151
2023-03-18 13:15:00,133,157,139,126,143
2023-03-18 13:30:00,122,127,144,139,180
2023-03-18 13:45:00,167,149,119,179,137
2023-03-18 14:00:00,149,134,201,182,147
2023-03-18 14:15:00,148,172,110,159,129
2023-03-18 14:30:00,145,152,161,124,186
2023-03-18 14:45:00,193,163,157,182,168
2023-03-18 15:00:00,128,183,113,127,130
2023-03-18 15:15:00,175,155,92,148,132
2023-03-18 15:30:00,155,129,93,131,155
2023-03-18 15:45:00,173,156,153,142,143
2023-03-18 16:00:00,139,125,149,162,145
2023-03-18 16:15:00,171,203,154,160,140
2023-03-18 16:30:00,131,158,186,138,131
2023-03-18 16:45:00,171,162,162,175,155
2023-03-18 17:00:00,126,130,123,175,127
2023-03-18 17:15:00,161,136,183,148,173
2023-03-18 17:30:00,139,125,135,162,150
2023-03-18 17:45:00,146,179,169,138,166
2023-03-18 18:00:00,123,143,183,170,158
2023-03-18 18:15:00,155,155,128,151,139
2023-03-18 18:30:00,129,145,143,148,139
2023-03-18 18:45:00,133,136,111,167,156
2023-03-18 19:00:00,164,152,190,177,134
2023-03-18 19:15:00,137,124,107,141,154
2023-03-18 19:30:00,158,179,130,125,152
2023-03-18 19:45:00,135,129,127,161,159
2023-03-18 20:00:00,156,141,141,157,121
2023-03-18 20:15:00,126,152,161,191,140
2023-03-18 20:30:00,121,132,122,169,148
2023-03-18 20:45:00,139,153,145,173,161
2023-03-18 21:00:00,168,154,175,125,142
2023-03-18 21:15:00,144,124,147,156,157
2023-03-18 21:30:00,110,155,142,190,171
2023-03-18 21:45:00,160,148,161,169,151
2023-03-18 22:00:00,160,164,115,162,161
2023-03-18 22:15:00,158,148,163,128,118
2023-03-18 22:30:00,118,126,162,198,129
2023-03-18 22:45:00,131,146,185,144,153
2023-03-18 23:00:00,154,138,183,138,157
2023-03-18 23:15:00,150,146,155,160,164
2023-03-18 23:30:00,144,145,190,107,213
2023-03-18 23:45:00,155,161,142,143,145
2023-03-19 00:00:00,165,209,139,146,132
2023-03-19 00:15:00,139,149,149,154,146
2023-03-19 00:30:00,131,180,152,176,139
2023-03-19 00:45:00,119,175,154,150,164
2023-03-19 01:00:00,136,160,140,134,147
2023-03-19 01:15:00,167,102,150,157,137
2023-03-19 01:30:00,175,131,122,124,145
2023-03-19 01:45:00,209,193,147,185,128
2023-03-19 02:00:00,138,122,147,170,163
2023-03-19 02:15:00,126,140,135,169,126
2023-03-19 02:30:00,158,168,159,141,176
2023-03-19 02:45:00,181,143,128,160,131
2023-03-19 03:00:00,145,125,130,161,132
2023-03-19 03:15:00,129,124,126,122,156
2023-03-19 03:30:00,147,144,178,165,145
2023-03-19 03:45:00,160,161,124,136,176
2023-03-19 04:00:00,153,146,140,168,128
2023-03-19 04:15:00,111,105,174,162,175
2023-03-19 04:30:00,112,142,124,169,166
2023-03-19 04:45:00,139,137,196,170,123
2023-03-19 05:00:00,117,127,150,163,133
2023-03-19 05:15:00,137,149,175,128,152
2023-03-19 05:30:00,135,156,158,174,180
2023-03-19 05:45:00,185,146,148,149,149
2023-03-19 06:00:00,142,171,172,153,163
2023-03-19 06:15:00,100,175,149,152,154
2023-03-19 06:30:00,160,117,128,162,130
2023-03-19 06:45:00,158,170,127,150,150
2023-03-19 07:00:00,98,109,151,147,143
2023-03-19 07:15:00,147,133,188,128,123
2023-03-19 07:30:00,122,113,137,135,139
2023-03-19 07:45:00,145,124,117,158,110
2023-03-19 08:00:00,139,134,169,136,164
2023-03-19 08:15:00,160,149,168,118,146
2023-03-19 08:30:00,147,103,149,155,136
2023-03-19 08:45:00,154,131,141,144,198
2023-03-19 09:00:00,169,151,144,136,150
2023-03-19 09:15:00,141,175,153,164,146
2023-03-19 09:30:00,208,157,162,122,189
2023-03-19 09:45:00,104,184,152,131,131
2023-03-19 10:00:00,178,153,131,161,129
2023-03-19 10:15:00,146,139,161,127,128
2023-03-19 10:30:00,137,150,151,109,135
2023-03-19 10:45:00,112,161,126,167,135
2023-03-19 11:00:00,171,178,150,166,131
2023-03-19 11:15:00,151,136,154,167,125
2023-03-19 11:30:00,163,156,155,166,179
2023-03-19 11:45:00,148,120,108,155,117
2023-03-19 12:00:00,157,166,155,164,153
2023-03-19 12:15:00,176,131,142,134,161
2023-03-19 12:30:00,127,133,147,114,136
2023-03-19 12:45:00,133,122,124,169,146
2023-03-19 13:00:00,142,142,159,162,143
2023-03-19 13:15:00,135,148,154,148,122
2023-03-19 13:30:00,145,149,178,158,169
2023-03-19 13:45:00,157,142,177,138,124
2023-03-19 14:00:00,179,120,115,109,174
2023-03-19 14:15:00,133,162,175,139,122
2023-03-19 14:30:00,168,135,148,157,141
2023-03-19 14:45:00,121,134,157,143,180
2023-03-19 15:00:00,172,140,132,159,164
2023-03-19 15:15:00,156,159,157,173,131
2023-03-19 15:30:00,168,160,129,109,162
2023-03-19 15:45:00,159,155,142,148,132
2023-03-19 16:00:00,150,136,126,155,133
2023-03-19 16:15:00,128,144,159,142,144
2023-03-19 16:30:00,143,132,144,139,131
2023-03-19 16:45:00,145,169,114,114,129
2023-03-19 17:00:00,155,159,188,139,164
2023-03-19 17:15:00,142,137,163,123,157
2023-03-19 17:30:00,129,135,120,129,138
2023-03-19 17:45:00,111,140,180,193,159
2023-03-19 18:00:00,116,187,122,162,166
2023-03-19 18:15:00,156,135,143,161,136
2023-03-19 18:30:00,152,181,161,156,138
2023-03-19 18:45:00,187,138,141,118,170
2023-03-19 19:00:00,178,146,157,164,204
2023-03-19 19:15:00,165,155,122,137,181
2023-03-19 19:30:00,138,183,171,155,177
2023-03-19 19:45:00,139,153,198,150,146
2023-03-19 20:00:00,146,145,129,163,169
2023-03-19 20:15:00,144,155,143,133,115
2023-03-19 20:30:00,165,136,147,166,147
2023-03-19 20:45:00,146,174,154,161,165
2023-03-19 21:00:00,142,148,124,140,151
2023-03-19 21:15:00,134,157,114,150,186
2023-03-19 21:30:00,164,165,150,218,166
2023-03-19 21:45:00,109,161,129,166,133
2023-03-19 22:00:00,158,163,125,148,166
2023-03-19 22:15:00,115,118,183,148,151
2023-03-19 22:30:00,155,145,156,144,144
2023-03-19 22:45:00,144,167,159,172,159
2023-03-19 23:00:00,136,135,138,178,126
2023-03-19 23:15:00,152,122,126,129,102
2023-03-19 23:30:00,152,162,146,157,181
2023-03-19 23:45:00,161,144,137,131,150
2023-03-20 00:00:00,165,173,159,161,128
2023-03-20 00:15:00,161,132,181,140,158
2023-03-20 00:30:00,166,153,131,169,178
2023-03-20 00:45:00,133,129,169,172,156
2023-03-20 01:00:00,171,162,152,113,160
2023-03-20 01:15:00,130,111,150,170,131
2023-03-20 01:30:00,142,153,157,111,137
2023-03-20 01:45:00,153,193,125,179,148
2023-03-20 02:00:00,133,161,166,162,132
2023-03-20 02:15:00,157,175,161,158,130
2023-03-20 02:30:00,155,144,153,156,178
2023-03-20 02:45:00,130,174,177,162,151
2023-03-20 03:00:00,134,140,122,164,147
2023-03-20 03:15:00,144,163,146,133,146
2023-03-20 03:30:00,201,94,126,130,115
2023-03-20 03:45:00,152,147,162,148,135
2023-03-20 04:00:00,149,114,146,168,142
2023-03-20 04:15:00,185,136,147,145,148
2023-03-20 04:30:00,151,141,122,143,156
2023-03-20 04:45:00,134,169,126,124,164
2023-03-20 05:00:00,193,154,144,140,149
2023-03-20 05:15:00,127,131,151,135,152
2023-03-20 05:30:00,207,140,129,168,138
2023-03-20 05:45:00,158,153,153,137,176
2023-03-20 06:00:00,128,126,117,129,112
2023-03-20 06:15:00,161,102,150,142,146
2023-03-20 06:30:00,150,176,159,163,153
2023-03-20 06:45:00,111,141,171,141,151
2023-03-20 07:00:00,134,183,124,152,151
2023-03-20 07:15:00,205,145,124,163,124
2023-03-20 07:30:00,127,133,170,166,159
2023-03-20 07:45:00,162,196,146,153,156
2023-03-20 08:00:00,175,135,157,137,150
2023-03-20 08:15:00,131,117,171,164,155
2023-03-20 08:30:00,99,126,140,139,173
2023-03-20 08:45:00,143,149,155,128,134
2023-03-20 09:00:00,154,138,153,160,131
2023-03-20 09:15:00,109,144,142,152,124
2023-03-20 09:30:00,177,138,128,129,158
2023-03-20 09:45:00,156,159,142,151,170
2023-03-20 10:00:00,145,122,125,168,153
2023-03-20 10:15:00,157,143,107,130,139
2023-03-20 10:30:00,135,177,170,172,141
2023-03-20 10:45:00,167,136,124,149,156
2023-03-20 11:00:00,116,134,151,150,130
2023-03-20 11:15:00,120,130,136,151,125
2023-03-20 11:30:00,143,95,163,161,171
2023-03-20 11:45:00,154,152,151,130,153
2023-03-20 12:00:00,137,142,154,168,116
2023-03-20 12:15:00,123,163,128,135,135
2023-03-20 12:30:00,151,127,135,149,132
2023-03-20 12:45:00,127,181,147,151,168
2023-03-20 13:00:00,141,151,127,128,160
2023-03-20 13:15:00,137,131,138,159,169
2023-03-20 13:30:00,165,140,171,171,153
2023-03-20 13:45:00,128,146,149,140,184
2023-03-20 14:00:00,168,141,122,144,120
2023-03-20 14:15:00,157,142,144,126,156
2023-03-20 14:30:00,133,170,137,146,183
2023-03-20 14:45:00,140,162,154,170,182
2023-03-20 15:00:00,146,158,173,164,148
2023-03-20 15:15:00,154,118,141,112,144
2023-03-20 15:30:00,125,141,142,164,160
2023-03-20 15:45:00,153,129,120,143,137
2023-03-20 16:00:00,137,141,167,123,127
2023-03-20 16:15:00,120,127,146,168,109
2023-03-20 16:30:00,130,164,148,164,146
2023-03-20 16:45:00,146,141,146,189,145
2023-03-20 17:00:00,123,137,154,140,131
2023-03-20 17:15:00,139,137,121,164,166
2023-03-20 17:30:00,157,153,136,163,151
2023-03-20 17:45:00,156,155,162,144,153
2023-03-20 18:00:00,145,162,140,101,159
2023-03-20 18:15:00,162,176,143,139,200
2023-03-20 18:30:00,198,162,142,172,128
2023-03-20 18:45:00,141,137,181,177,181
2023-03-20 19:00:00,151,168,189,161,147
2023-03-20 19:15:00,182,121,154,125,156
2023-03-20 19:30:00,140,150,160,162,118
2023-03-20 19:45:00,119,108,125,144,126
2023-03-20 20:00:00,131,164,142,180,146
2023-03-20 20:15:00,140,141,155,116,172
2023-03-20 20:30:00,123,101,152,159,146
2023-03-20 20:45:00,158,157,139,151,155
2023-03-20 21:00:00,135,148,123,153,125
2023-03-20 21:15:00,157,122,147,125,158
2023-03-20 21:30:00,193,140,138,130,126
2023-03-20 21:45:00,160,136,144,155,132
2023-03-20 22:00:00,149,149,169,141,161
2023-03-20 22:15:00,145,151,121,144,169
2023-03-20 22:30:00,172,165,148,142,163
2023-03-20 22:45:00,110,148,124,150,149
2023-03-20 23:00:00,166,117,185,178,163
2023-03-20 23:15:00,136,134,157,146,132
2023-03-20 23:30:00,162,147,121,157,152
2023-03-20 23:45:00,166,138,122,144,98
2023-03-21 00:00:00,122,157,147,123,152
2023-03-21 00:15:00,134,150,162,179,131
2023-03-21 00:30:00,139,126,136,167,156
2023-03-21 00:45:00,179,149,147,168,134
2023-03-21 01:00:00,126,146,121,165,139
2023-03-21 01:15:00,193,191,125,141,159
2023-03-21 01:30:00,147,147,116,152,136
2023-03-21 01:45:00,149,170,192,135,152
2023-03-21 02:00:00,132,198,170,135,146
2023-03-21 02:15:00,122,141,131,145,186
2023-03-21 02:30:00,159,159,153,159,142
2023-03-21 02:45:00,148,183,118,164,164
2023-03-21 03:00:00,135,178,128,225,169
2023-03-21 03:15:00,191,160,134,111,170
2023-03-21 03:30:00,148,165,157,135,146
2023-03-21 03:45:00,142,154,136,153,190
2023-03-21 04:00:00,148,175,148,148,162
2023-03-21 04:15:00,171,143,157,147,200
2023-03-21 04:30:00,186,143,156,171,151
2023-03-21 04:45:00,174,144,133,139,110
2023-03-21 05:00:00,147,98,138,128,177
2023-03-21 05:15:00,153,170,124,171,131
2023-03-21 05:30:00,166,136,174,122,140
2023-03-21 05:45:00,171,169,157,137,146
2023-03-21 06:00:00,130,141,180,120,130
2023-03-21 06:15:00,170,135,156,146,172
2023-03-21 06:30:00,179,185,182,152,174
2023-03-21 06:45:00,145,129,159,144,152
2023-03-21 07:00:00,156,169,135,158,121
2023-03-21 07:15:00,166,140,151,136,141
2023-03-21 07:30:00,156,119,140,129,132
2023-03-21 07:45:00,128,147,166,152,169
2023-03-21 08:00:00,126,175,111,140,146
2023-03-21 08:15:00,135,178,154,128,149
2023-03-21 08:30:00,172,151,207,160,155
2023-03-21 08:45:00,159,150,123,139,151
2023-03-21 09:00:00,144,143,170,142,189
2023-03-21 09:15:00,144,167,159,154,102
2023-03-21 09:30:00,152,143,141,164,145
2023-03-21 09:45:00,144,155,133,111,149
2023-03-21 10:00:00,185,155,147,159,130
2023-03-21 10:15:00,144,143,133,157,152
2023-03-21 10:30:00,173,134,163,132,116
2023-03-21 10:45:00,99,148,157,164,131
2023-03-21 11:00:00,141,150,154,124,162
2023-03-21 11:15:00,123,162,121,150,140
2023-03-21 11:30:00,157,125,152,183,96
2023-03-21 11:45:00,182,128,163,131,168
2023-03-21 12:00:00,166,136,142,179,125
2023-03-21 12:15:00,166,144,149,161,133
2023-03-21 12:30:00,151,168,133,136,132
2023-03-21 12:45:00,152,170,131,133,137
2023-03-21 13:00:00,153,141,163,108,120
2023-03-21 13:15:00,164,144,148,144,122
2023-03-21 13:30:00,132,119,123,132,159
2023-03-21 13:45:00,140,141,165,98,146
2023-03-21 14:00:00,138,134,148,148,152
2023-03-21 14:15:00,120,175,129,145,134
2023-03-21 14:30:00,140,112,129,138,161
2023-03-21 14:45:00,194,164,108,153,192
2023-03-21 15:00:00,128,142,132,156,168
2023-03-21 15:15:00,131,143,144,143,154
2023-03-21 15:30:00,144,171,162,162,144
2023-03-21 15:45:00,110,163,118,152,124
2023-03-21 16:00:00,143,129,133,166,128
2023-03-21 16:15:00,163,148,157,145,171
2023-03-21 16:30:00,147,151,163,163,153
2023-03-21 16:45:00,141,126,140,162,131
2023-03-21 17:00:00,89,126,116,160,191
2023-03-21 17:15:00,132,137,156,149,163
2023-03-21 17:30:00,193,148,149,135,181
2023-03-21 17:45:00,153,154,130,124,148
2023-03-21 18:00:00,135,103,139,144,152
2023-03-21 18:15:00,176,136,115,125,171
2023-03-21 18:30:00,135,162,164,154,146
2023-03-21 18:45:00,188,143,160,160,143
2023-03-21 19:00:00,126,144,162,144,172
2023-03-21 19:15:00,142,167,191,183,116
2023-03-21 19:30:00,163,173,153,147,164
2023-03-21 19:45:00,144,157,158,113,137
2023-03-21 20:00:00,139,162,142,165,140
2023-03-21 20:15:00,127,165,140,169,165
2023-03-21 20:30:00,141,151,114,112,141
2023-03-21 20:45:00,141,175,139,149,138
2023-03-21 21:00:00,148,199,173,135,135
2023-03-21 21:15:00,179,125,130,136,120
2023-03-21 21:30:00,143,185,159,106,143
2023-03-21 21:45:00,154,161,171,159,192
2023-03-21 22:00:00,150,125,160,137,122
2023-03-21 22:15:00,113,153,153,133,161
2023-03-21 22:30:00,157,122,160,188,161
2023-03-21 22:45:00,146,106,138,145,134
2023-03-21 23:00:00,175,143,183,162,162
2023-03-21 23:15:00,161,169,108,168,158
2023-03-21 23:30:00,149,134,170,116,152
2023-03-21 23:45:00,144,145,169,125,132
2023-03-22 00:00:00,130,146,143,123,167
2023-03-22 00:15:00,137,125,136,170,134
2023-03-22 00:30:00,163,142,155,138,129
2023-03-22 00:45:00,157,184,152,133,119
2023-03-22 01:00:00,154,137,117,173,138
2023-03-22 01:15:00,141,134,132,145,152
2023-03-22 01:30:00,172,183,159,147,142
2023-03-22 01:45:00,152,174,145,167,151
2023-03-22 02:00:00,172,138,142,145,140
2023-03-22 02:15:00,136,156,143,99,145
2023-03-22 02:30:00,162,120,123,134,139
2023-03-22 02:45:00,157,175,140,128,162
2023-03-22 03:00:00,143,136,140,174,152
2023-03-22 03:15:00,173,122,147,152,151
2023-03-22 03:30:00,121,145,154,123,183
2023-03-22 03:45:00,141,157,134,167,170
2023-03-22 04:00:00,176,146,210,141,152
2023-03-22 04:15:00,161,150,173,126,135
2023-03-22 04:30:00,151,102,174,160,126
2023-03-22 04:45:00,161,146,91,142,163
2023-03-22 05:00:00,151,149,167,186,172
2023-03-22 05:15:00,146,142,175,134,127
2023-03-22 05:30:00,147,139,150,138,129
2023-03-22 05:45:00,164,167,137,181,137
2023-03-22 06:00:00,173,168,109,163,177
2023-03-22 06:15:00,166,145,164,130,144
2023-03-22 06:30:00,108,148,146,166,142
2023-03-22 06:45:00,142,148,137,165,182
2023-03-22 07:00:00,152,197,146,181,140
2023-03-22 07:15:00,156,141,118,137,158
2023-03-22 07:30:00,164,140,160,177,166
2023-03-22 07:45:00,152,140,124,140,123
2023-03-22 08:00:00,161,151,176,128,143
2023-03-22 08:15:00,157,141,161,127,189
2023-03-22 08:30:00,147,169,152,127,176
2023-03-22 08:45:00,144,136,166,165,157
2023-03-22 09:00:00,166,125,169,133,142
2023-03-22 09:15:00,147,160,151,151,154
2023-03-22 09:30:00,150,164,115,181,141
2023-03-22 09:45:00,152,144,178,142,169
2023-03-22 10:00:00,155,166,135,201,155
2023-03-22 10:15:00,123,158,178,140,170
2023-03-22 10:30:00,141,159,123,141,152
2023-03-22 10:45:00,132,133,167,148,171
2023-03-22 11:00:00,135,149,145,179,111
2023-03-22 11:15:00,142,119,129,146,165
2023-03-22 11:30:00,175,139,138,132,143
2023-03-22 11:45:00,152,154,176,128,135
2023-03-22 12:00:00,140,156,171,127,116
2023-03-22 12:15:00,168,148,123,136,146
2023-03-22 12:30:00,126,131,148,168,149
2023-03-22 12:45:00,174,153,134,147,158
2023-03-22 13:00:00,161,157,165,151,158
2023-03-22 13:15:00,159,156,164,163,132
2023-03-22 13:30:00,157,155,135,155,123
2023-03-22 13:45:00,136,172,166,165,194
2023-03-22 14:00:00,107,125,160,151,138
2023-03-22 14:15:00,121,141,150,117,149
2023-03-22 14:30:00,140,133,136,161,145
2023-03-22 14:45:00,133,139,135,193,148
2023-03-22 15:00:00,159,153,169,141,167
2023-03-22 15:15:00,139,127,161,219,153
2023-03-22 15:30:00,152,128,164,120,186
2023-03-22 15:45:00,124,163,157,168,176
2023-03-22 16:00:00,179,140,115,113,135
2023-03-22 16:15:00,123,146,107,158,162
2023-03-22 16:30:00,166,155,169,156,154
2023-03-22 16:45:00,169,121,185,144,162
2023-03-22 17:00:00,151,139,192,135,151
2023-03-22 17:15:00,143,154,130,140,192
2023-03-22 17:30:00,115,156,159,171,168
2023-03-22 17:45:00,135,127,120,149,178
2023-03-22 18:00:00,152,161,127,165,160
2023-03-22 18:15:00,146,121,137,134,125
2023-03-22 18:30:00,165,118,142,129,180
2023-03-22 18:45:00,128,172,132,137,132
2023-03-22 19:00:00,142,171,124,155,138
2023-03-22 19:15:00,141,138,156,122,182
2023-03-22 19:30:00,133,147,117,147,124
2023-03-22 19:45:00,149,125,161,149,129
2023-03-22 20:00:00,129,158,159,118,141
2023-03-22 20:15:00,141,168,110,178,167
2023-03-22 20:30:00,141,187,195,133,139
2023-03-22 20:45:00,123,150,167,198,160
2023-03-22 21:00:00,150,186,127,115,169
2023-03-22 21:15:00,127,138,178,152,175
2023-03-22 21:30:00,152,136,149,135,145
2023-03-22 21:45:00,134,158,152,143,154
2023-03-22 22:00:00,165,115,116,116,167
2023-03-22 22:15:00,104,131,173,146,129
2023-03-22 22:30:00,141,142,155,146,158
2023-03-22 22:45:00,134,178,138,173,140
2023-03-22 23:00:00,128,124,113,167,153
2023-03-22 23:15:00,114,127,137,141,162
2023-03-22 23:30:00,122,139,171,189,138
2023-03-22 23:45:00,148,132,201,155,122
2023-03-23 00:00:00,146,158,125,124,141
2023-03-23 00:15:00,145,134,173,168,168
2023-03-23 00:30:00,149,146,147,135,129
2023-03-23 00:45:00,150,160,166,135,109
2023-03-23 01:00:00,143,178,144,108,168
2023-03-23 01:15:00,156,143,171,157,152
2023-03-23 01:30:00,146,147,157,167,156
2023-03-23 01:45:00,146,144,139,167,172
2023-03-23 02:00:00,149,167,151,154,123
2023-03-23 02:15:00,161,145,133,177,151
2023-03-23 02:30:00,163,148,171,141,147
2023-03-23 02:45:00,152,111,167,85,142
2023-03-23 03:00:00,123,115,135,149,141
2023-03-23 03:15:00,170,130,170,142,160
2023-03-23 03:30:00,166,154,163,149,135
2023-03-23 03:45:00,141,149,144,131,115
2023-03-23 04:00:00,160,150,151,162,145
2023-03-23 04:15:00,135,157,116,163,133
2023-03-23 04:30:00,216,153,120,160,149
2023-03-23 04:45:00,156,136,160,173,125
2023-03-23 05:00:00,168,147,145,136,127
2023-03-23 05:15:00,182,169,123,172,158
2023-03-23 05:30:00,131,128,166,173,196
2023-03-23 05:45:00,157,172,181,164,137
2023-03-23 06:00:00,138,190,158,169,138
2023-03-23 06:15:00,138,113,147,122,157
2023-03-23 06:30:00,135,161,153,149,142
2023-03-23 06:45:00,161,172,138,123,154
2023-03-23 07:00:00,155,147,166,160,127
2023-03-23 07:15:00,127,117,137,164,128
2023-03-23 07:30:00,162,144,133,136,146
2023-03-23 07:45:00,186,175,144,133,143
2023-03-23 08:00:00,148,154,180,118,162
2023-03-23 08:15:00,166,145,188,154,161
2023-03-23 08:30:00,109,165,157,142,136
2023-03-23 08:45:00,180,109,171,129,166
2023-03-23 09:00:00,145,102,159,164,139
2023-03-23 09:15:00,157,148,145,144,163
2023-03-23 09:30:00,153,175,138,157,159
2023-03-23 09:45:00,117,124,156,149,181
2023-03-23 10:00:00,119,155,147,174,217
2023-03-23 10:15:00,166,129,154,135,120
2023-03-23 10:30:00,171,152,145,165,164
2023-03-23 10:45:00,122,136,164,151,153
2023-03-23 11:00:00,100,131,186,177,130
2023-03-23 11:15:00,150,130,159,104,158
2023-03-23 11:30:00,118,183,161,123,112
2023-03-23 11:45:00,125,129,123,165,136
2023-03-23 12:00:00,133,164,137,153,153
2023-03-23 12:15:00,145,171,158,173,173
2023-03-23 12:30:00,209,155,179,178,113
2023-03-23 12:45:00,108,146,134,156,154
2023-03-23 13:00:00,144,127,186,163,158
2023-03-23 13:15:00,158,97,165,138,167
2023-03-23 13:30:00,153,146,159,135,188
2023-03-23 13:45:00,167,114,150,154,129
2023-03-23 14:00:00,132,185,156,113,165
2023-03-23 14:15:00,141,126,121,150,143
2023-03-23 14:30:00,128,157,125,156,175
2023-03-23 14:45:00,133,113,156,145,146
2023-03-23 15:00:00,132,135,132,112,148
2023-03-23 15:15:00,93,108,167,151,172
2023-03-23 15:30:00,149,155,151,163,135
2023-03-23 15:45:00,166,108,149,168,177
2023-03-23 16:00:00,148,99,144,154,166
2023-03-23 16:15:00,143,164,176,122,161
2023-03-23 16:30:00,134,119,160,158,143
2023-03-23 16:45:00,184,160,193,145,136
2023-03-23 17:00:00,182,160,145,126,136
2023-03-23 17:15:00,139,124,92,126,136
2023-03-23 17:30:00,180,149,159,157,146
2023-03-23 17:45:00,142,164,146,110,152
2023-03-23 18:00:00,167,165,154,152,145
2023-03-23 18:15:00,123,159,109,179,150
2023-03-23 18:30:00,175,186,155,171,143
2023-03-23 18:45:00,81,164,162,138,155
2023-03-23 19:00:00,180,177,164,120,151
2023-03-23 19:15:00,133,170,153,143,129
2023-03-23 19:30:00,151,148,128,147,154
2023-03-23 19:45:00,167,151,118,136,136
2023-03-23 20:00:00,173,130,162,155,140
2023-03-23 20:15:00,140,158,164,143,150
2023-03-23 20:30:00,129,170,172,187,153
2023-03-23 20:45:00,162,152,164,128,160
2023-03-23 21:00:00,145,172,142,172,149
2023-03-23 21:15:00,193,162,142,158,168
2023-03-23 21:30:00,158,180,127,170,157
2023-03-23 21:45:00,130,144,120,129,148
2023-03-23 22:00:00,141,129,140,166,131
2023-03-23 22:15:00,130,133,154,163,131
2023-03-23 22:30:00,131,123,138,138,150
2023-03-23 22:45:00,178,141,176,115,145
2023-03-23 23:00:00,144,123,151,112,191
2023-03-23 23:15:00,161,158,142,165,136
2023-03-23 23:30:00,151,152,154,177,171
2023-03-23 23:45:00,158,155,153,166,129
2023-03-24 00:00:00,174,163,141,142,153
2023-03-24 00:15:00,174,130,163,164,149
2023-03-24 00:30:00,158,166,149,128,142
2023-03-24 00:45:00,143,175,128,152,95
2023-03-24 01:00:00,142,131,172,155,130
2023-03-24 01:15:00,132,127,166,111,158
2023-03-24 01:30:00,177,167,147,148,133
2023-03-24 01:45:00,148,150,141,140,141
2023-03-24 02:00:00,135,123,142,155,156
2023-03-24 02:15:00,158,160,165,162,159
2023-03-24 02:30:00,153,124,116,141,163
2023-03-24 02:45:00,138,148,146,155,131
2023-03-24 03:00:00,148,156,145,162,158
2023-03-24 03:15:00,149,177,136,112,149
2023-03-24 03:30:00,160,157,138,150,128
2023-03-24 03:45:00,152,184,159,150,157
2023-03-24 04:00:00,125,144,165,158,186
2023-03-24 04:15:00,151,148,93,152,122
2023-03-24 04:30:00,155,198,131,98,135
2023-03-24 04:45:00,149,124,124,175,139
2023-03-24 05:00:00,160,173,169,172,128
2023-03-24 05:15:00,121,134,120,196,160
2023-03-24 05:30:00,145,171,181,123,120
2023-03-24 05:45:00,125,174,164,136,115
2023-03-24 06:00:00,157,120,166,146,162
2023-03-24 06:15:00,121,131,150,171,177
2023-03-24 06:30:00,123,158,170,159,168
2023-03-24 06:45:00,166,152,145,175,152
2023-03-24 07:00:00,167,136,157,168,146
2023-03-24 07:15:00,146,142,167,139,127
2023-03-24 07:30:00,141,168,159,139,135
2023-03-24 07:45:00,170,163,138,178,160
2023-03-24 08:00:00,148,171,149,117,124
2023-03-24 08:15:00,192,160,127,138,115
2023-03-24 08:30:00,166,137,164,153,166
2023-03-24 08:45:00,152,134,142,148,159
2023-03-24 09:00:00,159,138,126,175,139
2023-03-24 09:15:00,156,119,139,158,137
2023-03-24 09:30:00,123,172,138,151,151
2023-03-24 09:45:00,183,137,117,166,175
2023-03-24 10:00:00,147,145,154,168,138
2023-03-24 10:15:00,153,152,146,179,164
2023-03-24 10:30:00,157,146,178,157,161
2023-03-24 10:45:00,122,170,138,134,170
2023-03-24 11:00:00,155,156,124,128,177
2023-03-24 11:15:00,162,146,102,164,191
2023-03-24 11:30:00,128,145,150,154,153
2023-03-24 11:45:00,177,160,156,134,142
2023-03-24 12:00:00,165,176,158,156,133
2023-03-24 12:15:00,134,165,113,155,110
2023-03-24 12:30:00,152,164,133,133,146
2023-03-24 12:45:00,142,114,197,146,131
2023-03-24 13:00:00,158,156,137,111,148
2023-03-24 13:15:00,151,162,152,179,154
2023-03-24 13:30:00,167,147,145,126,150
2023-03-24 13:45:00,136,137,160,155,157
2023-03-24 14:00:00,183,148,152,142,179
2023-03-24 14:15:00,149,151,150,142,137
2023-03-24 14:30:00,154,131,157,165,150
2023-03-24 14:45:00,142,148,170,165,176
2023-03-24 15:00:00,166,146,139,134,120
2023-03-24 15:15:00,171,177,134,106,135
2023-03-24 15:30:00,156,162,137,123,117
2023-03-24 15:45:00,130,140,118,133,130
2023-03-24 16:00:00,161,141,165,151,154
2023-03-24 16:15:00,151,144,143,174,181
2023-03-24 16:30:00,150,129,131,118,97
2023-03-24 16:45:00,161,190,178,171,131
2023-03-24 17:00:00,151,135,113,144,121
2023-03-24 17:15:00,167,145,151,143,101
2023-03-24 17:30:00,130,160,130,157,164
2023-03-24 17:45:00,133,149,134,163,158
2023-03-24 18:00:00,140,116,160,127,163
2023-03-24 18:15:00,174,135,187,157,171
2023-03-24 18:30:00,125,176,164,138,168
2023-03-24 18:45:00,127,140,178,143,125
2023-03-24 19:00:00,155,102,126,153,141
2023-03-24 19:15:00,156,147,105,145,180
2023-03-24 19:30:00,152,146,187,176,170
2023-03-24 19:45:00,123,169,134,155,161
2023-03-24 20:00:00,141,171,146,130,128
2023-03-24 20:15:00,120,126,182,157,134
2023-03-24 20:30:00,135,104,106,138,124
2023-03-24 20:45:00,174,194,130,153,139
2023-03-24 21:00:00,123,151,169,146,119
2023-03-24 21:15:00,181,143,156,159,169
2023-03-24 21:30:00,119,142,176,159,119
2023-03-24 21:45:00,164,161,142,175,154
2023-03-24 22:00:00,134,156,103,147,169
2023-03-24 22:15:00,143,155,136,134,164
2023-03-24 22:30:00,104,209,103,140,164
2023-03-24 22:45:00,148,159,155,165,124
2023-03-24 23:00:00,141,186,100,163,181
2023-03-24 23:15:00,144,132,157,131,173
2023-03-24 23:30:00,157,121,142,142,136
2023-03-24 23:45:00,107,168,139,164,134
2023-03-25 00:00:00,161,139,143,169,131
2023-03-25 00:15:00,145,137,146,143,145
2023-03-25 00:30:00,176,157,129,144,118
2023-03-25 00:45:00,137,156,149,164,103
2023-03-25 01:00:00,172,113,128,143,163
2023-03-25 01:15:00,141,143,118,171,173
2023-03-25 01:30:00,157,174,173,134,145
2023-03-25 01:45:00,136,170,146,136,139
2023-03-25 02:00:00,132,144,147,153,138
2023-03-25 02:15:00,144,150,171,121,131
2023-03-25 02:30:00,176,162,133,128,170
2023-03-25 02:45:00,157,151,110,116,139
2023-03-25 03:00:00,117,136,151,156,168
2023-03-25 03:15:00,161,153,160,165,138
2023-03-25 03:30:00,174,146,148,137,161
2023-03-25 03:45:00,87,156,174,147,165
2023-03-25 04:00:00,147,134,136,155,186
2023-03-25 04:15:00,157,103,131,155,122
2023-03-25 04:30:00,145,138,138,148,102
2023-03-25 04:45:00,164,166,171,128,126
2023-03-25 05:00:00,156,162,153,159,169
2023-03-25 05:15:00,117,161,140,166,190
2023-03-25 05:30:00,184,188,137,141,171
2023-03-25 05:45:00,171,120,163,132,155
2023-03-25 06:00:00,206,170,164,163,176
2023-03-25 06:15:00,169,137,126,147,157
2023-03-25 06:30:00,160,150,119,160,173
2023-03-25 06:45:00,132,160,133,169,151
2023-03-25 07:00:00,158,130,151,141,139
2023-03-25 07:15:00,170,138,143,131,139
2023-03-25 07:30:00,148,111,175,170,136
2023-03-25 07:45:00,188,159,140,147,211
2023-03-25 08:00:00,186,169,142,155,150
2023-03-25 08:15:00,142,153,142,167,179
2023-03-25 08:30:00,143,158,147,136,159
2023-03-25 08:45:00,161,131,141,149,138
2023-03-25 09:00:00,142,166,178,165,176
2023-03-25 09:15:00,164,142,143,130,110
2023-03-25 09:30:00,124,170,132,145,146
2023-03-25 09:45:00,215,192,148,154,122
2023-03-25 10:00:00,154,202,149,167,181
2023-03-25 10:15:00,94,142,157,184,127
2023-03-25 10:30:00,122,176,118,167,142
2023-03-25 10:45:00,161,174,125,163,136
2023-03-25 11:00:00,141,144,145,157,188
2023-03-25 11:15:00,130,143,185,108,138
2023-03-25 11:30:00,133,160,150,157,158
2023-03-25 11:45:00,177,143,144,148,152
2023-03-25 12:00:00,135,121,114,164,136
2023-03-25 12:15:00,163,165,169,118,161
2023-03-25 12:30:00,174,182,145,157,146
2023-03-25 12:45:00,157,155,161,131,144
2023-03-25 13:00:00,178,156,138,150,174
2023-03-25 13:15:00,151,178,156,129,102
2023-03-25 13:30:00,168,146,161,157,158
2023-03-25 13:45:00,142,166,136,137,160
2023-03-25 14:00:00,167,134,178,125,122
2023-03-25 14:15:00,163,153,132,147,153
2023-03-25 14:30:00,159,144,154,141,148
2023-03-25 14:45:00,157,149,178,120,151
2023-03-25 15:00:00,152,155,131,134,149
2023-03-25 15:15:00,185,137,103,145,149
2023-03-25 15:30:00,113,150,175,155,106
2023-03-25 15:45:00,133,147,141,121,122
2023-03-25 16:00:00,147,123,160,153,147
2023-03-25 16:15:00,123,188,137,122,139
2023-03-25 16:30:00,171,172,114,135,168
2023-03-25 16:45:00,160,166,135,125,142
2023-03-25 17:00:00,169,150,169,129,151
2023-03-25 17:15:00,165,146,162,181,173
2023-03-25 17:30:00,134,140,126,168,136
2023-03-25 17:45:00,161,119,173,143,182
2023-03-25 18:00:00,188,112,170,134,155
2023-03-25 18:15:00,144,176,132,122,141
2023-03-25 18:30:00,126,147,133,148,96
2023-03-25 18:45:00,138,115,154,142,136
2023-03-25 19:00:00,187,144,169,168,140
2023-03-25 19:15:00,95,150,144,163,146
2023-03-25 19:30:00,137,167,135,146,129
2023-03-25 19:45:00,124,131,183,183,192
2023-03-25 20:00:00,180,123,170,138,132
2023-03-25 20:15:00,134,127,135,148,122
2023-03-25 20:30:00,154,136,176,144,147
2023-03-25 20:45:00,159,157,165,141,144
2023-03-25 21:00:00,137,137,183,151,100
2023-03-25 21:15:00,154,149,144,155,141
2023-03-25 21:30:00,118,175,178,154,192
2023-03-25 21:45:00,129,144,175,133,148
2023-03-25 22:00:00,135,172,171,127,159
2023-03-25 22:15:00,135,175,154,151,138
2023-03-25 22:30:00,117,124,158,154,169
2023-03-25 22:45:00,126,168,166,168,151
2023-03-25 23:00:00,134,146,156,166,151
2023-03-25 23:15:00,153,145,153,121,122
2023-03-25 23:30:00,160,159,154,107,175
2023-03-25 23:45:00,127,169,172,148,140
2023-03-26 00:00:00,160,158,101,173,141
2023-03-26 00:15:00,138,174,150,150,123
2023-03-26 00:30:00,166,150,171,134,134
2023-03-26 00:45:00,158,186,183,154,147
2023-03-26 01:00:00,162,170,166,129,158
2023-03-26 01:15:00,148,195,98,126,125
2023-03-26 01:30:00,112,133,116,155,158
2023-03-26 01:45:00,147,158,148,112,179
2023-03-26 02:00:00,133,146,152,145,174
2023-03-26 02:15:00,153,135,144,178,184
2023-03-26 02:30:00,138,111,199,134,163
2023-03-26 02:45:00,187,160,200,154,120
2023-03-26 03:00:00,96,176,168,136,155
2023-03-26 03:15:00,160,156,151,164,126
2023-03-26 03:30:00,130,155,159,151,140
2023-03-26 03:45:00,116,178,161,155,179
2023-03-26 04:00:00,109,164,159,158,170
2023-03-26 04:15:00,164,151,153,130,159
2023-03-26 04:30:00,105,171,163,138,122
2023-03-26 04:45:00,154,134,135,152,176
2023-03-26 05:00:00,184,163,129,155,117
2023-03-26 05:15:00,129,130,157,146,169
2023-03-26 05:30:00,150,127,95,143,186
2023-03-26 05:45:00,142,169,159,169,117
2023-03-26 06:00:00,157,171,138,142,118
2023-03-26 06:15:00,140,143,153,168,196
2023-03-26 06:30:00,141,108,180,167,147
2023-03-26 06:45:00,145,151,120,152,167
2023-03-26 07:00:00,163,155,157,184,147
2023-03-26 07:15:00,113,160,159,148,165
2023-03-26 07:30:00,164,145,152,161,148
2023-03-26 07:45:00,124,145,140,161,124
2023-03-26 08:00:00,150,173,129,122,138
2023-03-26 08:15:00,152,134,153,173,137
2023-03-26 08:30:00,115,134,160,158,137
2023-03-26 08:45:00,168,121,135,119,124
2023-03-26 09:00:00,144,162,122,162,178
2023-03-26 09:15:00,146,175,158,181,122
2023-03-26 09:30:00,149,152,136,174,155
2023-03-26 09:45:00,158,105,162,141,156
2023-03-26 10:00:00,139,168,156,163,120
2023-03-26 10:15:00,167,163,134,154,187
2023-03-26 10:30:00,154,149,146,155,113
2023-03-26 10:45:00,129,138,169,164,133
2023-03-26 11:00:00,173,140,105,133,137
2023-03-26 11:15:00,166,162,138,122,145
2023-03-26 11:30:00,185,127,156,148,161
2023-03-26 11:45:00,154,148,118,118,136
2023-03-26 12:00:00,135,132,151,107,151
2023-03-26 12:15:00,110,182,165,146,142
2023-03-26 12:30:00,131,163,147,115,165
2023-03-26 12:45:00,131,153,132,155,132
2023-03-26 13:00:00,161,125,179,171,169
2023-03-26 13:15:00,147,157,149,191,154
2023-03-26 13:30:00,152,166,154,188,149
2023-03-26 13:45:00,120,156,158,144,175
2023-03-26 14:00:00,166,177,150,96,155
2023-03-26 14:15:00,121,172,158,139,137
2023-03-26 14:30:00,109,156,151,132,127
2023-03-26 14:45:00,166,154,143,131,112
2023-03-26 15:00:00,173,159,169,172,170
2023-03-26 15:15:00,174,121,177,156,145
2023-03-26 15:30:00,155,130,139,176,180
2023-03-26 15:45:00,153,157,139,119,101
2023-03-26 16:00:00,164,165,149,127,150
2023-03-26 16:15:00,155,163,163,127,162
2023-03-26 16:30:00,131,161,145,138,150
2023-03-26 16:45:00,139,171,141,158,174
2023-03-26 17:00:00,176,184,163,162,127
2023-03-26 17:15:00,152,118,145,182,119
2023-03-26 17:30:00,143,143,108,139,165
2023-03-26 17:45:00,135,166,178,145,97
2023-03-26 18:00:00,146,146,145,147,196
2023-03-26 18:15:00,158,147,179,154,148
2023-03-26 18:30:00,119,153,152,170,134
2023-03-26 18:45:00,119,124,145,147,138
2023-03-26 19:00:00,163,163,143,140,133
2023-03-26 19:15:00,165,152,141,151,138
2023-03-26 19:30:00,126,161,159,174,108
2023-03-26 19:45:00,194,165,158,166,150
2023-03-26 20:00:00,151,153,137,151,141
2023-03-26 20:15:00,108,142,185,146,181
2023-03-26 20:30:00,150,137,154,158,138
2023-03-26 20:45:00,152,153,140,179,112
2023-03-26 21:00:00,159,146,178,158,143
2023-03-26 21:15:00,163,125,167,182,173
2023-03-26 21:30:00,140,153,121,133,139
2023-03-26 21:45:00,143,177,152,91,161
2023-03-26 22:00:00,160,143,152,154,153
2023-03-26 22:15:00,173,156,150,145,157
2023-03-26 22:30:00,147,145,140,136,146
2023-03-26 22:45:00,99,141,129,146,158
2023-03-26 23:00:00,120,159,142,98,165
2023-03-26 23:15:00,161,169,153,196,144
2023-03-26 23:30:00,159,148,152,139,197
2023-03-26 23:45:00,184,177,111,147,141
2023-03-27 00:00:00,128,170,136,131,137
2023-03-27 00:15:00,150,147,156,140,120
2023-03-27 00:30:00,162,163,170,152,162
2023-03-27 00:45:00,157,146,141,179,167
2023-03-27 01:00:00,145,133,183,169,151
2023-03-27 01:15:00,176,146,137,147,129
2023-03-27 01:30:00,175,145,155,146,167
2023-03-27 01:45:00,106,118,135,135,163
2023-03-27 02:00:00,153,145,160,133,190
2023-03-27 02:15:00,143,160,129,161,166
2023-03-27 02:30:00,165,174,142,157,165
2023-03-27 02:45:00,138,160,141,184,106
2023-03-27 03:00:00,139,139,145,170,171
2023-03-27 03:15:00,130,179,139,114,167
2023-03-27 03:30:00,142,141,158,162,193
2023-03-27 03:45:00,135,168,157,129,152
2023-03-27 04:00:00,139,158,143,173,148
2023-03-27 04:15:00,136,139,186,171,193
2023-03-27 04:30:00,154,153,153,150,174
2023-03-27 04:45:00,171,183,139,144,150
2023-03-27 05:00:00,148,101,148,139,130
2023-03-27 05:15:00,130,171,169,150,150
2023-03-27 05:30:00,190,168,147,173,163
2023-03-27 05:45:00,149,103,124,156,164
2023-03-27 06:00:00,156,147,133,177,124
2023-03-27 06:15:00,171,186,130,146,180
2023-03-27 06:30:00,144,161,165,145,160
2023-03-27 06:45:00,182,171,138,192,137
2023-03-27 07:00:00,139,153,135,133,172
2023-03-27 07:15:00,134,142,156,153,167
2023-03-27 07:30:00,197,127,138,129,147
2023-03-27 07:45:00,142,176,172,113,165
2023-03-27 08:00:00,160,168,166,145,168
2023-03-27 08:15:00,161,147,193,160,178
2023-03-27 08:30:00,152,136,140,170,131
2023-03-27 08:45:00,158,176,147,123,154
2023-03-27 09:00:00,127,147,140,144,154
2023-03-27 09:15:00,145,131,156,158,147
2023-03-27 09:30:00,172,155,155,114,161
2023-03-27 09:45:00,164,152,177,141,146
2023-03-27 10:00:00,162,178,192,182,139
2023-03-27 10:15:00,133,115,160,166,132
2023-03-27 10:30:00,153,118,127,156,164
2023-03-27 10:45:00,148,135,140,162,168
2023-03-27 11:00:00,141,152,148,146,146
2023-03-27 11:15:00,119,166,119,138,167
2023-03-27 11:30:00,164,145,150,177,141
2023-03-27 11:45:00,104,153,174,144,146
2023-03-27 12:00:00,139,187,192,123,153
2023-03-27 12:15:00,144,145,182,186,153
2023-03-27 12:30:00,116,162,139,145,124
2023-03-27 12:45:00,148,137,110,166,138
2023-03-27 13:00:00,148,156,138,122,142
2023-03-27 13:15:00,131,127,128,153,161
2023-03-27 13:30:00,131,165,107,141,137
2023-03-27 13:45:00,166,164,119,127,127
2023-03-27 14:00:00,127,131,161,157,185
2023-03-27 14:15:00,136,119,149,153,124
2023-03-27 14:30:00,151,171,216,143,158
2023-03-27 14:45:00,155,135,142,151,135
2023-03-27 15:00:00,158,111,133,151,131
2023-03-27 15:15:00,179,127,143,145,128
2023-03-27 15:30:00,153,151,136,116,151
2023-03-27 15:45:00,173,161,98,164,165
2023-03-27 16:00:00,135,201,149,169,169
2023-03-27 16:15:00,129,127,142,143,138
2023-03-27 16:30:00,146,160,164,185,149
2023-03-27 16:45:00,164,126,145,129,113
2023-03-27 17:00:00,169,134,139,162,140
2023-03-27 17:15:00,124,140,183,206,150
2023-03-27 17:30:00,161,140,128,140,148
2023-03-27 17:45:00,129,159,141,183,147
2023-03-27 18:00:00,143,165,164,155,180
2023-03-27 18:15:00,142,151,160,149,124
2023-03-27 18:30:00,96,140,178,123,146
2023-03-27 18:45:00,189,168,122,142,128
2023-03-27 19:00:00,181,142,129,163,122
2023-03-27 19:15:00,135,129,147,172,159
2023-03-27 19:30:00,122,134,144,181,152
2023-03-27 19:45:00,160,152,148,185,181
2023-03-27 20:00:00,175,165,179,127,127
2023-03-27 20:15:00,164,176,142,140,165
2023-03-27 20:30:00,177,148,137,187,165
2023-03-27 20:45:00,142,133,148,153,126
2023-03-27 21:00:00,171,132,141,140,145
2023-03-27 21:15:00,195,149,177,152,182
2023-03-27 21:30:00,145,121,145,163,150
2023-03-27 21:45:00,159,162,119,142,135
2023-03-27 22:00:00,141,160,133,145,144
2023-03-27 22:15:00,168,142,115,153,140
2023-03-27 22:30:00,181,164,215,159,160
2023-03-27 22:45:00,154,161,135,141,173
2023-03-27 23:00:00,175,173,161,178,174
2023-03-27 23:15:00,165,101,140,136,176
2023-03-27 23:30:00,163,142,163,206,126
2023-03-27 23:45:00,142,113,150,153,144
2023-03-28 00:00:00,167,156,177,172,173
2023-03-28 00:15:00,148,162,153,143,180
2023-03-28 00:30:00,171,159,155,139,163
2023-03-28 00:45:00,160,174,158,136,109
2023-03-28 01:00:00,135,149,166,147,163
2023-03-28 01:15:00,137,139,150,148,157
2023-03-28 01:30:00,139,130,180,159,145
2023-03-28 01:45:00,143,169,109,164,135
2023-03-28 02:00:00,130,176,157,185,163
2023-03-28 02:15:00,172,153,134,158,186
2023-03-28 02:30:00,167,165,189,160,142
2023-03-28 02:45:00,141,146,173,158,143
2023-03-28 03:00:00,130,140,170,182,135
2023-03-28 03:15:00,126,126,148,159,153
2023-03-28 03:30:00,126,125,140,148,150
2023-03-28 03:45:00,127,178,137,163,140
2023-03-28 04:00:00,146,169,115,143,145
2023-03-28 04:15:00,146,134,179,145,157
2023-03-28 04:30:00,149,149,157,190,154
2023-03-28 04:45:00,172,139,136,149,157
2023-03-28 05:00:00,191,174,152,135,129
2023-03-28 05:15:00,129,112,143,151,164
2023-03-28 05:30:00,140,150,177,133,177
2023-03-28 05:45:00,116,158,145,153,164
2023-03-28 06:00:00,151,145,165,190,148
2023-03-28 06:15:00,148,179,170,177,135
2023-03-28 06:30:00,130,161,156,133,168
2023-03-28 06:45:00,143,154,159,157,163
2023-03-28 07:00:00,169,171,152,133,154
2023-03-28 07:15:00,158,121,120,168,132
2023-03-28 07:30:00,173,160,116,179,192
2023-03-28 07:45:00,153,140,164,169,145
2023-03-28 08:00:00,166,127,183,173,121
2023-03-28 08:15:00,151,165,136,157,97
2023-03-28 08:30:00,154,169,185,160,162
2023-03-28 08:45:00,148,140,129,121,134
2023-03-28 09:00:00,153,139,129,148,159
2023-03-28 09:15:00,107,161,147,169,161
2023-03-28 09:30:00,161,149,153,157,180
2023-03-28 09:45:00,147,148,167,163,155
2023-03-28 10:00:00,142,183,131,112,185
2023-03-28 10:15:00,138,102,115,153,173
2023-03-28 10:30:00,154,158,144,174,136
2023-03-28 10:45:00,149,150,170,160,147
2023-03-28 11:00:00,169,144,119,171,173
2023-03-28 11:15:00,168,158,139,120,137
2023-03-28 11:30:00,159,139,144,133,147
2023-03-28 11:45:00,131,146,192,122,183
2023-03-28 12:00:00,155,168,149,161,175
2023-03-28 12:15:00,151,117,168,111,157
2023-03-28 12:30:00,171,166,163,130,162
2023-03-28 12:45:00,171,163,164,163,156
2023-03-28 13:00:00,139,161,146,120,141
2023-03-28 13:15:00,148,139,147,160,171
2023-03-28 13:30:00,146,166,155,112,154
2023-03-28 13:45:00,180,143,170,155,133
2023-03-28 14:00:00,143,152,128,133,177
2023-03-28 14:15:00,148,130,118,143,146
2023-03-28 14:30:00,140,136,128,137,162
2023-03-28 14:45:00,175,115,161,116,117
2023-03-28 15:00:00,164,152,172,155,175
2023-03-28 15:15:00,157,147,157,142,173
2023-03-28 15:30:00,140,146,152,161,145
2023-03-28 15:45:00,137,156,159,136,139
2023-03-28 16:00:00,172,122,159,128,138
2023-03-28 16:15:00,153,155,155,179,136
2023-03-28 16:30:00,125,151,142,119,158
2023-03-28 16:45:00,164,125,184,135,163
2023-03-28 17:00:00,145,166,166,179,175
2023-03-28 17:15:00,125,148,156,176,111
2023-03-28 17:30:00,158,154,138,145,172
2023-03-28 17:45:00,127,140,158,135,171
2023-03-28 18:00:00,156,123,155,108,161
2023-03-28 18:15:00,142,190,157,154,166
2023-03-28 18:30:00,182,165,135,149,140
2023-03-28 18:45:00,145,130,172,154,140
2023-03-28 19:00:00,152,166,182,149,148
2023-03-28 19:15:00,135,133,166,110,132
2023-03-28 19:30:00,154,186,132,117,188
2023-03-28 19:45:00,124,173,147,160,128
2023-03-28 20:00:00,131,156,150,159,184
2023-03-28 20:15:00,121,217,167,136,135
2023-03-28 20:30:00,158,146,153,161,164
2023-03-28 20:45:00,139,122,193,159,154
2023-03-28 21:00:00,136,149,148,161,150
2023-03-28 21:15:00,174,133,140,137,152
2023-03-28 21:30:00,152,140,186,157,145
2023-03-28 21:45:00,183,135,145,133,165
2023-03-28 22:00:00,154,130,159,178,161
2023-03-28 22:15:00,141,171,144,114,159
2023-03-28 22:30:00,155,149,176,117,147
2023-03-28 22:45:00,160,163,138,184,137
2023-03-28 23:00:00,129,142,153,189,164
2023-03-28 23:15:00,140,146,144,152,157
2023-03-28 23:30:00,153,96,168,125,126
2023-03-28 23:45:00,169,186,102,147,143
2023-03-29 00:00:00,168,133,145,125,148
2023-03-29 00:15:00,131,142,146,129,164
2023-03-29 00:30:00,177,148,135,148,137
2023-03-29 00:45:00,166,141,159,141,149
2023-03-29 01:00:00,147,135,148,179,166
2023-03-29 01:15:00,183,155,201,117,179
2023-03-29 01:30:00,163,135,157,141,154
2023-03-29 01:45:00,174,138,159,165,168
2023-03-29 02:00:00,126,186,86,176,139
2023-03-29 02:15:00,153,143,149,178,121
2023-03-29 02:30:00,137,150,139,169,149
2023-03-29 02:45:00,156,147,114,151,189
2023-03-29 03:00:00,116,172,145,155,131
2023-03-29 03:15:00,144,156,153,138,178
2023-03-29 03:30:00,152,168,136,206,153
2023-03-29 03:45:00,123,123,126,136,138
2023-03-29 04:00:00,145,153,173,133,119
2023-03-29 04:15:00,148,112,160,107,166
2023-03-29 04:30:00,178,190,167,164,152
2023-03-29 04:45:00,143,155,150,199,165
2023-03-29 05:00:00,140,175,159,145,125
2023-03-29 05:15:00,141,155,175,140,105
2023-03-29 05:30:00,111,156,151,188,128
2023-03-29 05:45:00,150,148,143,168,158
2023-03-29 06:00:00,128,140,152,159,148
2023-03-29 06:15:00,172,172,145,108,151
2023-03-29 06:30:00,117,177,144,172,125
2023-03-29 06:45:00,155,105,129,154,155
2023-03-29 07:00:00,166,153,164,176,169
2023-03-29 07:15:00,168,124,136,125,136
2023-03-29 07:30:00,143,143,145,134,135
2023-03-29 07:45:00,140,131,121,141,101
2023-03-29 08:00:00,185,127,178,142,167
2023-03-29 08:15:00,148,154,192,191,184
2023-03-29 08:30:00,135,151,152,161,148
2023-03-29 08:45:00,138,112,147,141,139
2023-03-29 09:00:00,159,174,151,101,145
2023-03-29 09:15:00,144,176,146,125,171
2023-03-29 09:30:00,149,179,179,123,150
2023-03-29 09:45:00,159,122,119,128,131
2023-03-29 10:00:00,143,139,150,144,137
2023-03-29 10:15:00,127,106,131,154,158
2023-03-29 10:30:00,156,160,130,141,159
2023-03-29 10:45:00,146,133,165,168,170
2023-03-29 11:00:00,158,120,114,144,159
2023-03-29 11:15:00,135,161,172,187,151
2023-03-29 11:30:00,156,167,132,94,144
2023-03-29 11:45:00,152,146,155,103,139
2023-03-29 12:00:00,176,174,101,131,147
2023-03-29 12:15:00,158,135,161,155,128
2023-03-29 12:30:00,146,138,152,173,157
2023-03-29 12:45:00,150,155,118,152,161
2023-03-29 13:00:00,155,150,167,196,161
2023-03-29 13:15:00,124,122,175,181,175
2023-03-29 13:30:00,111,118,147,133,114
2023-03-29 13:45:00,136,112,149,125,134
2023-03-29 14:00:00,101,133,149,125,144
2023-03-29 14:15:00,128,137,159,154,186
2023-03-29 14:30:00,132,147,135,131,120
2023-03-29 14:45:00,173,167,157,163,135
2023-03-29 15:00:00,137,120,141,119,153
2023-03-29 15:15:00,148,127,150,160,139
2023-03-29 15:30:00,155,145,144,171,185
2023-03-29 15:45:00,138,141,115,157,147
2023-03-29 16:00:00,180,158,145,138,141
2023-03-29 16:15:00,134,141,151,141,156
2023-03-29 16:30:00,142,145,160,118,139
2023-03-29 16:45:00,131,147,148,175,143
2023-03-29 17:00:00,147,156,156,189,154
2023-03-29 17:15:00,149,159,154,124,161
2023-03-29 17:30:00,174,155,154,172,185
2023-03-29 17:45:00,150,143,147,143,110
2023-03-29 18:00:00,124,153,116,146,130
2023-03-29 18:15:00,146,125,121,185,165
2023-03-29 18:30:00,131,136,165,163,168
2023-03-29 18:45:00,118,116,171,160,156
2023-03-29 19:00:00,140,125,172,133,160
2023-03-29 19:15:00,114,130,160,173,135
2023-03-29 19:30:00,120,201,147,155,180
2023-03-29 19:45:00,122,147,126,137,107
2023-03-29 20:00:00,154,141,131,134,147
2023-03-29 20:15:00,132,160,142,178,105
2023-03-29 20:30:00,159,129,191,148,156
2023-03-29 20:45:00,156,140,146,169,176
2023-03-29 21:00:00,140,177,143,143,179
2023-03-29 21:15:00,130,120,180,174,155
2023-03-29 21:30:00,169,134,169,115,170
2023-03-29 21:45:00,160,177,180,126,179
2023-03-29 22:00:00,132,106,184,129,158
2023-03-29 22:15:00,162,104,146,144,162
2023-03-29 22:30:00,165,106,132,133,187
2023-03-29 22:45:00,137,137,158,102,140
2023-03-29 23:00:00,158,170,167,167,143
2023-03-29 23:15:00,135,171,154,156,175
2023-03-29 23:30:00,175,190,143,159,165
2023-03-29 23:45:00,149,152,146,159,140
2023-03-30 00:00:00,154,150,173,163,171
2023-03-30 00:15:00,148,135,156,197,150
2023-03-30 00:30:00,133,178,167,146,158
2023-03-30 00:45:00,160,125,133,158,158
2023-03-30 01:00:00,114,173,175,158,139
2023-03-30 01:15:00,102,144,133,145,157
2023-03-30 01:30:00,148,201,153,139,134
2023-03-30 01:45:00,113,168,155,184,160
2023-03-30 02:00:00,115,158,167,162,137
2023-03-30 02:15:00,165,115,155,138,157
2023-03-30 02:30:00,124,103,123,108,155
2023-03-30 02:45:00,165,161,146,135,149
2023-03-30 03:00:00,155,120,146,165,158
2023-03-30 03:15:00,139,171,183,148,136
2023-03-30 03:30:00,151,142,176,179,177
2023-03-30 03:45:00,154,139,133,157,113
2023-03-30 04:00:00,125,114,148,127,130
2023-03-30 04:15:00,170,160,183,146,148
2023-03-30 04:30:00,143,143,153,197,133
2023-03-30 04:45:00,153,150,113,166,145
2023-03-30 05:00:00,148,154,119,161,141
2023-03-30 05:15:00,143,156,138,154,172
2023-03-30 05:30:00,114,170,119,158,153
2023-03-30 05:45:00,156,164,163,163,143
2023-03-30 06:00:00,140,147,164,148,181
2023-03-30 06:15:00,175,139,137,108,148
2023-03-30 06:30:00,142,126,149,124,140
2023-03-30 06:45:00,145,132,129,181,130
2023-03-30 07:00:00,150,170,150,151,180
2023-03-30 07:15:00,123,164,126,154,134
2023-03-30 07:30:00,147,163,146,122,124
2023-03-30 07:45:00,144,156,147,142,144
2023-03-30 08:00:00,150,141,160,168,159
2023-03-30 08:15:00,141,153,131,145,146
2023-03-30 08:30:00,182,116,124,178,148
2023-03-30 08:45:00,139,181,174,157,157
2023-03-30 09:00:00,149,153,149,148,147
2023-03-30 09:15:00,180,190,124,168,143
2023-03-30 09:30:00,152,166,150,153,183
2023-03-30 09:45:00,181,145,183,145,175
2023-03-30 10:00:00,137,139,133,166,163
2023-03-30 10:15:00,177,139,120,175,188
2023-03-30 10:30:00,154,157,136,121,163
2023-03-30 10:45:00,121,117,134,148,141
2023-03-30 11:00:00,139,127,148,135,186
2023-03-30 11:15:00,115,156,138,157,178
2023-03-30 11:30:00,140,117,198,146,170
2023-03-30 11:45:00,147,134,173,182,179
2023-03-30 12:00:00,161,124,136,131,110
2023-03-30 12:15:00,169,132,122,150,129
2023-03-30 12:30:00,172,108,146,155,123
2023-03-30 12:45:00,145,141,155,178,158
2023-03-30 13:00:00,167,119,165,157,123
2023-03-30 13:15:00,140,166,194,150,157
2023-03-30 13:30:00,133,134,155,175,164
2023-03-30 13:45:00,193,173,170,153,165
2023-03-30 14:00:00,161,169,161,148,149
2023-03-30 14:15:00,116,125,155,179,163
2023-03-30 14:30:00,109,144,149,123,162
2023-03-30 14:45:00,154,141,153,127,131
2023-03-30 15:00:00,164,167,141,132,143
2023-03-30 15:15:00,168,171,162,153,169
2023-03-30 15:30:00,142,120,158,176,119
2023-03-30 15:45:00,146,119,134,110,134
2023-03-30 16:00:00,177,147,163,144,165
2023-03-30 16:15:00,140,103,170,149,139
2023-03-30 16:30:00,179,170,130,173,138
2023-03-30 16:45:00,131,151,165,144,128
2023-03-30 17:00:00,151,160,162,125,154
2023-03-30 17:15:00,147,147,167,120,184
2023-03-30 17:30:00,164,145,146,171,165
2023-03-30 17:45:00,130,112,130,144,138
2023-03-30 18:00:00,169,128,115,105,125
2023-03-30 18:15:00,149,125,176,123,146
2023-03-30 18:30:00,125,139,163,157,126
2023-03-30 18:45:00,151,118,163,162,154
2023-03-30 19:00:00,163,131,125,155,137
2023-03-30 19:15:00,119,171,131,146,143
2023-03-30 19:30:00,160,169,136,117,129
2023-03-30 19:45:00,132,140,172,156,148
2023-03-30 20:00:00,137,145,182,168,143
2023-03-30 20:15:00,156,130,167,180,138
2023-03-30 20:30:00,165,136,142,133,132
2023-03-30 20:45:00,142,183,195,175,166
2023-03-30 21:00:00,177,139,143,171,158
2023-03-30 21:15:00,175,136,157,151,170
2023-03-30 21:30:00,182,189,211,144,144
2023-03-30 21:45:00,161,109,131,169,131
2023-03-30 22:00:00,150,157,144,152,138
2023-03-30 22:15:00,163,140,180,163,145
2023-03-30 22:30:00,152,151,138,157,120
2023-03-30 22:45:00,131,146,168,174,131
2023-03-30 23:00:00,177,159,141,137,136
2023-03-30 23:15:00,162,189,131,176,124
2023-03-30 23:30:00,145,163,186,142,167
2023-03-30 23:45:00,165,156,168,163,153
2023-03-31 00:00:00,161,171,138,194,133
2023-03-31 00:15:00,196,165,173,111,149
2023-03-31 00:30:00,147,153,146,158,113
2023-03-31 00:45:00,131,160,151,144,109
2023-03-31 01:00:00,155,122,150,113,180
2023-03-31 01:15:00,179,134,181,142,166
2023-03-31 01:30:00,140,137,153,167,148
2023-03-31 01:45:00,117,153,125,145,161
2023-03-31 02:00:00,117,150,119,151,141
2023-03-31 02:15:00,160,164,114,145,177
2023-03-31 02:30:00,147,139,134,172,151
2023-03-31 02:45:00,161,134,160,141,171
2023-03-31 03:00:00,153,125,146,201,166
2023-03-31 03:15:00,145,117,158,134,175
2023-03-31 03:30:00,170,170,171,142,184
2023-03-31 03:45:00,154,164,138,161,177
2023-03-31 04:00:00,174,161,166,162,157
2023-03-31 04:15:00,163,157,173,134,159
2023-03-31 04:30:00,165,175,151,149,165
2023-03-31 04:45:00,137,121,128,195,126
2023-03-31 05:00:00,136,187,143,118,165
2023-03-31 05:15:00,131,161,120,141,182
2023-03-31 05:30:00,158,126,152,135,127
2023-03-31 05:45:00,162,131,120,158,154
2023-03-31 06:00:00,170,157,164,126,134
2023-03-31 06:15:00,157,159,150,181,175
2023-03-31 06:30:00,141,159,133,125,141
2023-03-31 06:45:00,118,126,88,156,158
2023-03-31 07:00:00,156,189,186,154,194
2023-03-31 07:15:00,121,152,154,135,158
2023-03-31 07:30:00,168,169,161,175,132
2023-03-31 07:45:00,140,85,163,192,143
2023-03-31 08:00:00,125,132,136,155,139
2023-03-31 08:15:00,124,147,154,133,137
2023-03-31 08:30:00,161,163,188,146,161
2023-03-31 08:45:00,182,149,139,131,163
2023-03-31 09:00:00,114,168,152,120,163
2023-03-31 09:15:00,152,135,164,99,162
2023-03-31 09:30:00,179,182,129,109,98
2023-03-31 09:45:00,162,156,139,141,139
2023-03-31 10:00:00,170,148,146,137,145
2023-03-31 10:15:00,132,181,171,108,159
2023-03-31 10:30:00,199,114,194,144,164
2023-03-31 10:45:00,126,137,168,156,147
2023-03-31 11:00:00,105,188,159,141,128
2023-03-31 11:15:00,156,139,203,151,143
2023-03-31 11:30:00,156,140,144,126,144
2023-03-31 11:45:00,162,148,165,125,118
2023-03-31 12:00:00,147,160,152,195,166
2023-03-31 12:15:00,139,137,126,152,153
2023-03-31 12:30:00,136,124,162,137,106
2023-03-31 12:45:00,131,166,186,145,153
2023-03-31 13:00:00,173,149,138,143,156
2023-03-31 13:15:00,149,142,153,137,141
2023-03-31 13:30:00,142,143,147,149,171
2023-03-31 13:45:00,140,110,130,134,131
2023-03-31 14:00:00,178,161,159,160,167
2023-03-31 14:15:00,187,146,158,159,160
2023-03-31 14:30:00,134,164,131,136,136
2023-03-31 14:45:00,134,105,120,153,134
2023-03-31 15:00:00,156,163,149,171,157
2023-03-31 15:15:00,139,143,159,161,177
2023-03-31 15:30:00,134,139,118,113,155
2023-03-31 15:45:00,128,172,153,136,131
2023-03-31 16:00:00,168,142,163,170,167
2023-03-31 16:15:00,137,122,149,148,147
2023-03-31 16:30:00,170,165,163,169,165
2023-03-31 16:45:00,133,147,123,174,181
2023-03-31 17:00:00,132,158,147,146,141
2023-03-31 17:15:00,113,132,151,154,110
2023-03-31 17:30:00,129,172,107,150,154
2023-03-31 17:45:00,118,102,163,143,170
2023-03-31 18:00:00,168,188,121,158,163
2023-03-31 18:15:00,148,168,109,107,135
2023-03-31 18:30:00,157,131,110,160,145
2023-03-31 18:45:00,139,162,170,135,170
2023-03-31 19:00:00,156,169,177,149,142
2023-03-31 19:15:00,195,185,125,179,152
2023-03-31 19:30:00,125,162,153,165,153
2023-03-31 19:45:00,111,146,140,124,165
2023-03-31 20:00:00,138,132,154,173,131
2023-03-31 20:15:00,151,148,130,157,152
2023-03-31 20:30:00,122,114,136,132,137
2023-03-31 20:45:00,152,161,143,146,123
2023-03-31 21:00:00,135,148,115,160,148
2023-03-31 21:15:00,171,167,125,129,146
2023-03-31 21:30:00,130,149,126,145,160
2023-03-31 21:45:00,161,166,118,190,161
2023-03-31 22:00:00,175,161,190,133,193
2023-03-31 22:15:00,142,124,150,128,141
2023-03-31 22:30:00,138,129,164,139,200
2023-03-31 22:45:00,126,186,145,144,141
2023-03-31 23:00:00,158,133,151,128,150
2023-03-31 23:15:00,175,172,133,173,151
2023-03-31 23:30:00,147,150,127,154,155
2023-03-31 23:45:00,149,129,141,158,145
2023-04-01 00:00:00,150,130,96,196,127
2023-04-01 00:15:00,174,140,168,129,140
2023-04-01 00:30:00,188,103,185,149,132
2023-04-01 00:45:00,140,145,146,170,155
2023-04-01 01:00:00,122,186,159,92,147
2023-04-01 01:15:00,152,112,149,156,120
2023-04-01 01:30:00,146,150,145,165,162
2023-04-01 01:45:00,202,143,119,146,108
2023-04-01 02:00:00,118,159,156,155,160
2023-04-01 02:15:00,191,132,155,170,147
2023-04-01 02:30:00,148,151,160,177,164
2023-04-01 02:45:00,150,124,174,128,137
2023-04-01 03:00:00,152,149,176,130,134
2023-04-01 03:15:00,130,107,146,123,160
2023-04-01 03:30:00,146,120,173,135,144
2023-04-01 03:45:00,153,158,162,137,124
2023-04-01 04:00:00,182,156,143,132,160
2023-04-01 04:15:00,119,165,138,139,182
2023-04-01 04:30:00,159,130,135,143,174
2023-04-01 04:45:00,141,154,201,136,144
2023-04-01 05:00:00,147,160,147,163,158
2023-04-01 05:15:00,124,147,157,137,144
2023-04-01 05:30:00,153,190,161,152,144
2023-04-01 05:45:00,138,110,158,200,168
2023-04-01 06:00:00,173,162,130,128,168
2023-04-01 06:15:00,174,118,187,154,150
2023-04-01 06:30:00,135,135,132,171,133
2023-04-01 06:45:00,184,135,154,167,162
2023-04-01 07:00:00,140,134,161,120,141
2023-04-01 07:15:00,151,115,131,126,138
2023-04-01 07:30:00,147,168,134,148,143
2023-04-01 07:45:00,150,159,127,131,165
2023-04-01 08:00:00,128,160,136,159,156
2023-04-01 08:15:00,145,173,145,152,167
2023-04-01 08:30:00,152,135,130,134,117
2023-04-01 08:45:00,134,150,194,159,134
2023-04-01 09:00:00,110,160,170,123,153
2023-04-01 09:15:00,191,163,179,125,151
2023-04-01 09:30:00,156,162,130,147,115
2023-04-01 09:45:00,146,110,152,145,141
2023-04-01 10:00:00,137,169,144,148,128
2023-04-01 10:15:00,139,168,194,161,129
2023-04-01 10:30:00,158,199,144,163,153
2023-04-01 10:45:00,116,146,156,156,178
2023-04-01 11:00:00,121,115,150,142,142
2023-04-01 11:15:00,149,183,146,172,156
2023-04-01 11:30:00,140,153,145,171,108
2023-04-01 11:45:00,149,142,123,165,141
2023-04-01 12:00:00,162,121,141,158,121
2023-04-01 12:15:00,173,163,142,141,139
2023-04-01 12:30:00,179,185,138,142,165
2023-04-01 12:45:00,165,138,145,181,170
2023-04-01 13:00:00,150,156,160,131,143
2023-04-01 13:15:00,126,165,142,132,140
2023-04-01 13:30:00,161,154,123,136,146
2023-04-01 13:45:00,147,161,138,143,185
2023-04-01 14:00:00,181,151,163,149,164
2023-04-01 14:15:00,131,115,127,147,132
2023-04-01 14:30:00,149,131,162,136,122
2023-04-01 14:45:00,144,118,160,129,185
2023-04-01 15:00:00,179,175,166,149,157
2023-04-01 15:15:00,160,181,122,134,143
2023-04-01 15:30:00,164,145,148,165,177
2023-04-01 15:45:00,180,171,139,128,152
2023-04-01 16:00:00,143,134,153,148,97
2023-04-01 16:15:00,136,111,160,132,144
2023-04-01 16:30:00,137,149,108,150,139
2023-04-01 16:45:00,141,127,123,170,137
2023-04-01 17:00:00,167,148,139,157,171
2023-04-01 17:15:00,154,131,176,144,152
2023-04-01 17:30:00,145,156,167,167,162
2023-04-01 17:45:00,172,131,141,130,132
2023-04-01 18:00:00,150,152,114,140,165
2023-04-01 18:15:00,128,128,128,141,154
2023-04-01 18:30:00,115,141,148,157,178
2023-04-01 18:45:00,128,106,148,128,163
2023-04-01 19:00:00,186,120,140,151,171
2023-04-01 19:15:00,176,155,156,169,161
2023-04-01 19:30:00,131,177,173,136,186
2023-04-01 19:45:00,164,128,164,141,147
2023-04-01 20:00:00,155,143,161,132,105
2023-04-01 20:15:00,169,156,137,144,169
2023-04-01 20:30:00,161,95,157,146,157
2023-04-01 20:45:00,142,170,142,146,120
2023-04-01 21:00:00,132,142,150,131,178
2023-04-01 21:15:00,139,169,130,125,124
2023-04-01 21:30:00,156,115,143,147,149
2023-04-01 21:45:00,161,169,131,134,175
2023-04-01 22:00:00,172,153,150,177,165
2023-04-01 22:15:00,141,168,153,165,141
2023-04-01 22:30:00,185,166,129,148,140
2023-04-01 22:45:00,133,140,140,166,132
2023-04-01 23:00:00,101,99,139,132,122
2023-04-01 23:15:00,139,181,176,111,110
2023-04-01 23:30:00,159,134,108,108,169
2023-04-01 23:45:00,162,146,120,128,134
2023-04-02 00:00:00,130,114,145,167,131
2023-04-02 00:15:00,171,175,172,145,136
2023-04-02 00:30:00,161,173,179,156,168
2023-04-02 00:45:00,137,158,154,164,147
2023-04-02 01:00:00,146,166,137,145,152
2023-04-02 01:15:00,151,170,173,129,167
2023-04-02 01:30:00,173,165,164,160,148
2023-04-02 01:45:00,158,158,159,166,141
2023-04-02 02:00:00,135,161,143,155,144
2023-04-02 02:15:00,157,156,171,148,185
2023-04-02 02:30:00,156,133,141,149,163
2023-04-02 02:45:00,165,174,141,154,128
2023-04-02 03:00:00,128,154,139,155,125
2023-04-02 03:15:00,140,152,140,147,165
2023-04-02 03:30:00,144,136,141,145,162
2023-04-02 03:45:00,153,135,175,151,179
2023-04-02 04:00:00,154,143,161,151,159
2023-04-02 04:15:00,134,146,106,140,142
2023-04-02 04:30:00,145,178,181,161,173
2023-04-02 04:45:00,149,167,160,139,141
2023-04-02 05:00:00,136,182,126,175,168
2023-04-02 05:15:00,150,182,191,130,140
2023-04-02 05:30:00,167,149,165,150,150
2023-04-02 05:45:00,130,143,144,152,132
2023-04-02 06:00:00,144,172,140,116,149
2023-04-02 06:15:00,198,140,159,106,156
2023-04-02 06:30:00,160,151,136,118,181
2023-04-02 06:45:00,148,160,169,170,128
2023-04-02 07:00:00,159,106,179,164,168
2023-04-02 07:15:00,162,161,118,139,131
2023-04-02 07:30:00,183,167,140,200,185
2023-04-02 07:45:00,133,129,159,139,106
2023-04-02 08:00:00,128,138,147,163,140
2023-04-02 08:15:00,124,148,178,133,147
2023-04-02 08:30:00,161,149,164,179,128
2023-04-02 08:45:00,147,136,113,137,143
2023-04-02 09:00:00,142,123,138,151,134
2023-04-02 09:15:00,151,173,118,106,163
2023-04-02 09:30:00,156,143,139,133,145
2023-04-02 09:45:00,178,134,162,170,146
2023-04-02 10:00:00,175,102,145,148,169
2023-04-02 10:15:00,129,149,144,161,122
2023-04-02 10:30:00,157,146,186,149,121
2023-04-02 10:45:00,160,118,144,147,163
2023-04-02 11:00:00,134,103,161,166,120
2023-04-02 11:15:00,123,167,175,164,173
2023-04-02 11:30:00,164,151,165,147,150
2023-04-02 11:45:00,159,160,135,128,114
2023-04-02 12:00:00,175,107,175,179,166
2023-04-02 12:15:00,173,121,155,102,144
2023-04-02 12:30:00,142,109,173,114,145
2023-04-02 12:45:00,170,181,178,161,142
2023-04-02 13:00:00,162,172,141,174,113
2023-04-02 13:15:00,134,132,159,149,171
2023-04-02 13:30:00,147,164,145,111,163
2023-04-02 13:45:00,119,131,158,141,148
2023-04-02 14:00:00,183,161,144,159,142
2023-04-02 14:15:00,130,139,175,137,110
2023-04-02 14:30:00,175,148,130,133,178
2023-04-02 14:45:00,151,158,146,115,141
2023-04-02 15:00:00,156,156,161,134,137
2023-04-02 15:15:00,148,168,123,160,152
2023-04-02 15:30:00,155,130,146,171,192
2023-04-02 15:45:00,142,151,106,121,137
2023-04-02 16:00:00,149,150,143,145,185
2023-04-02 16:15:00,127,161,149,176,165
2023-04-02 16:30:00,163,153,126,156,141
2023-04-02 16:45:00,201,123,154,161,162
2023-04-02 17:00:00,150,156,147,112,160
2023-04-02 17:15:00,146,128,141,158,142
2023-04-02 17:30:00,138,148,137,182,172
2023-04-02 17:45:00,112,168,131,143,146
2023-04-02 18:00:00,148,176,166,149,126
2023-04-02 18:15:00,157,157,142,153,142
2023-04-02 18:30:00,171,176,162,159,113
2023-04-02 18:45:00,133,150,173,147,138
2023-04-02 19:00:00,153,156,150,152,162
2023-04-02 19:15:00,141,167,149,158,136
2023-04-02 19:30:00,148,142,145,184,126
2023-04-02 19:45:00,193,138,153,134,145
2023-04-02 20:00:00,117,160,146,172,153
2023-04-02 20:15:00,160,155,148,154,156
2023-04-02 20:30:00,147,169,156,137,104
2023-04-02 20:45:00,119,146,135,154,183
2023-04-02 21:00:00,181,156,157,130,159
2023-04-02 21:15:00,118,145,163,155,117
2023-04-02 21:30:00,133,171,129,172,223
2023-04-02 21:45:00,170,169,129,174,142
2023-04-02 22:00:00,130,134,161,154,143
2023-04-02 22:15:00,137,140,104,146,138
2023-04-02 22:30:00,132,154,157,156,140
2023-04-02 22:45:00,145,159,187,160,157
2023-04-02 23:00:00,146,138,126,165,160
2023-04-02 23:15:00,192,155,166,145,143
2023-04-02 23:30:00,190,135,182,181,144
2023-04-02 23:45:00,151,160,167,181,131
2023-04-03 00:00:00,125,146,153,112,163
2023-04-03 00:15:00,154,148,165,163,141
2023-04-03 00:30:00,127,160,138,142,142
2023-04-03 00:45:00,129,154,156,153,159
2023-04-03 01:00:00,148,131,126,185,146
2023-04-03 01:15:00,136,185,164,131,163
2023-04-03 01:30:00,178,151,145,189,160
2023-04-03 01:45:00,146,169,178,124,146
2023-04-03 02:00:00,138,160,169,158,158
2023-04-03 02:15:00,166,171,150,115,137
2023-04-03 02:30:00,120,142,160,134,127
2023-04-03 02:45:00,127,159,161,147,143
2023-04-03 03:00:00,147,147,151,176,129
2023-04-03 03:15:00,157,153,151,165,159
2023-04-03 03:30:00,157,162,157,145,162
2023-04-03 03:45:00,121,129,133,195,154
2023-04-03 04:00:00,132,161,179,200,148
2023-04-03 04:15:00,162,151,190,156,165
2023-04-03 04:30:00,168,184,192,164,167
2023-04-03 04:45:00,178,171,148,176,130
2023-04-03 05:00:00,130,150,126,118,170
2023-04-03 05:15:00,154,132,172,105,153
2023-04-03 05:30:00,138,176,147,121,154
2023-04-03 05:45:00,169,140,146,139,118
2023-04-03 06:00:00,167,160,116,156,175
2023-04-03 06:15:00,113,144,181,149,193
2023-04-03 06:30:00,180,168,183,138,137
2023-04-03 06:45:00,144,144,126,148,159
2023-04-03 07:00:00,169,150,184,145,153
2023-04-03 07:15:00,153,144,158,160,143
2023-04-03 07:30:00,145,157,152,176,121
2023-04-03 07:45:00,143,185,170,156,140
2023-04-03 08:00:00,140,158,176,127,181
2023-04-03 08:15:00,175,157,161,150,116
2023-04-03 08:30:00,128,153,137,141,121
2023-04-03 08:45:00,149,135,147,116,138
2023-04-03 09:00:00,156,113,165,167,171
2023-04-03 09:15:00,148,183,166,153,119
2023-04-03 09:30:00,139,128,153,138,169
2023-04-03 09:45:00,130,175,184,178,149
2023-04-03 10:00:00,177,136,167,133,172
2023-04-03 10:15:00,148,175,137,141,134
2023-04-03 10:30:00,144,187,111,130,167
2023-04-03 10:45:00,143,120,162,142,176
2023-04-03 11:00:00,114,128,147,131,145
2023-04-03 11:15:00,176,140,147,124,138
2023-04-03 11:30:00,152,156,134,164,153
2023-04-03 11:45:00,154,141,169,136,149
2023-04-03 12:00:00,157,186,161,175,125
2023-04-03 12:15:00,140,149,157,134,155
2023-04-03 12:30:00,150,172,153,159,190
2023-04-03 12:45:00,161,101,109,122,170
2023-04-03 13:00:00,118,175,163,118,148
2023-04-03 13:15:00,170,167,136,169,164
2023-04-03 13:30:00,139,154,143,145,125
2023-04-03 13:45:00,152,142,158,154,156
2023-04-03 14:00:00,135,188,167,158,152
2023-04-03 14:15:00,180,172,169,114,162
2023-04-03 14:30:00,162,130,143,130,148
2023-04-03 14:45:00,167,140,148,146,143
2023-04-03 15:00:00,156,159,141,142,120
2023-04-03 15:15:00,117,148,117,134,139
2023-04-03 15:30:00,180,179,173,178,146
2023-04-03 15:45:00,164,131,146,142,187
2023-04-03 16:00:00,144,158,156,138,162
2023-04-03 16:15:00,162,140,142,122,192
2023-04-03 16:30:00,188,122,158,149,143
2023-04-03 16:45:00,140,140,107,119,149
2023-04-03 17:00:00,170,168,158,146,170
2023-04-03 17:15:00,156,146,122,146,140
2023-04-03 17:30:00,156,129,168,116,163
2023-04-03 17:45:00,195,157,164,173,119
2023-04-03 18:00:00,164,127,170,180,159
2023-04-03 18:15:00,155,154,132,144,154
2023-04-03 18:30:00,150,164,146,148,118
2023-04-03 18:45:00,156,133,185,124,155
2023-04-03 19:00:00,150,152,125,173,117
2023-04-03 19:15:00,135,161,173,163,146
2023-04-03 19:30:00,138,149,147,175,151
2023-04-03 19:45:00,185,142,163,157,152
2023-04-03 20:00:00,167,167,161,123,167
2023-04-03 20:15:00,134,165,157,158,143
2023-04-03 20:30:00,134,135,127,142,153
2023-04-03 20:45:00,152,177,162,151,159
2023-04-03 21:00:00,121,148,166,164,152
2023-04-03 21:15:00,151,135,125,158,158
2023-04-03 21:30:00,121,160,145,154,131
2023-04-03 21:45:00,131,135,140,161,165
2023-04-03 22:00:00,158,144,182,168,144
2023-04-03 22:15:00,157,123,143,150,132
2023-04-03 22:30:00,168,133,160,137,150
2023-04-03 22:45:00,135,160,141,144,115
2023-04-03 23:00:00,152,158,148,133,183
2023-04-03 23:15:00,135,156,122,177,163
2023-04-03 23:30:00,149,117,176,127,140
2023-04-03 23:45:00,185,159,144,153,134
2023-04-04 00:00:00,123,127,127,151,139
2023-04-04 00:15:00,150,167,146,143,149
2023-04-04 00:30:00,133,161,152,168,123
2023-04-04 00:45:00,123,156,107,143,111
2023-04-04 01:00:00,124,153,112,146,150
2023-04-04 01:15:00,132,169,107,182,185
2023-04-04 01:30:00,129,170,166,166,148
2023-04-04 01:45:00,130,168,200,171,174
2023-04-04 02:00:00,131,130,149,122,140
2023-04-04 02:15:00,143,132,139,165,128
2023-04-04 02:30:00,153,155,164,126,129
2023-04-04 02:45:00,127,123,164,165,144
2023-04-04 03:00:00,144,139,176,128,172
2023-04-04 03:15:00,131,139,124,142,153
2023-04-04 03:30:00,128,162,176,160,140
2023-04-04 03:45:00,166,139,153,157,174
2023-04-04 04:00:00,153,208,183,154,160
2023-04-04 04:15:00,152,159,120,153,142
2023-04-04 04:30:00,153,143,116,165,166
2023-04-04 04:45:00,129,157,137,145,114
2023-04-04 05:00:00,135,144,132,167,140
2023-04-04 05:15:00,173,142,170,144,149
2023-04-04 05:30:00,150,193,144,160,138
2023-04-04 05:45:00,164,136,152,123,113
2023-04-04 06:00:00,135,148,148,139,151
2023-04-04 06:15:00,158,132,151,97,139
2023-04-04 06:30:00,156,154,111,148,178
2023-04-04 06:45:00,118,160,147,181,150
2023-04-04 07:00:00,171,146,158,135,156
2023-04-04 07:15:00,164,177,167,149,151
2023-04-04 07:30:00,147,137,119,139,134
2023-04-04 07:45:00,170,178,159,138,189
2023-04-04 08:00:00,192,124,178,119,135
2023-04-04 08:15:00,173,164,127,141,151
2023-04-04 08:30:00,133,173,171,151,154
2023-04-04 08:45:00,132,115,147,128,141
2023-04-04 09:00:00,142,173,151,134,155
2023-04-04 09:15:00,165,152,166,165,130
2023-04-04 09:30:00,158,122,152,140,170
2023-04-04 09:45:00,135,152,154,169,177
2023-04-04 10:00:00,198,174,177,124,129
2023-04-04 10:15:00,149,165,183,119,163
2023-04-04 10:30:00,184,136,148,147,121
2023-04-04 10:45:00,142,160,118,144,156
2023-04-04 11:00:00,100,139,168,144,162
2023-04-04 11:15:00,155,127,159,171,164
2023-04-04 11:30:00,166,173,143,149,132
2023-04-04 11:45:00,204,135,201,162,133
2023-04-04 12:00:00,148,122,154,139,139
2023-04-04 12:15:00,114,169,167,157,142
2023-04-04 12:30:00,147,105,165,152,156
2023-04-04 12:45:00,132,146,126,153,163
2023-04-04 13:00:00,169,126,124,152,136
2023-04-04 13:15:00,160,120,144,137,147
2023-04-04 13:30:00,133,131,159,146,147
2023-04-04 13:45:00,168,115,137,112,175
2023-04-04 14:00:00,166,118,138,172,152
2023-04-04 14:15:00,144,153,154,116,165
2023-04-04 14:30:00,131,150,106,156,127
2023-04-04 14:45:00,150,201,150,151,111
2023-04-04 15:00:00,149,128,114,130,139
2023-04-04 15:15:00,159,174,174,164,145
2023-04-04 15:30:00,129,139,129,152,168
2023-04-04 15:45:00,143,173,177,168,160
2023-04-04 16:00:00,142,133,153,161,137
2023-04-04 16:15:00,162,139,152,122,163
2023-04-04 16:30:00,143,160,114,171,147
2023-04-04 16:45:00,146,150,141,119,139
2023-04-04 17:00:00,158,177,151,165,156
2023-04-04 17:15:00,156,147,145,150,151
2023-04-04 17:30:00,153,150,121,158,155
2023-04-04 17:45:00,142,180,119,139,175
2023-04-04 18:00:00,163,155,134,174,173
2023-04-04 18:15:00,151,159,158,146,108
2023-04-04 18:30:00,157,137,160,159,162
2023-04-04 18:45:00,158,144,144,170,159
2023-04-04 19:00:00,146,147,143,121,135
2023-04-04 19:15:00,150,181,152,176,149
2023-04-04 19:30:00,146,117,154,161,128
2023-04-04 19:45:00,148,140,160,159,146
2023-04-04 20:00:00,158,159,163,154,144
2023-04-04 20:15:00,134,157,113,138,164
2023-04-04 20:30:00,150,142,121,169,158
2023-04-04 20:45:00,144,178,156,129,175
2023-04-04 21:00:00,179,149,146,126,158
2023-04-04 21:15:00,137,141,142,155,169
2023-04-04 21:30:00,187,132,156,129,148
2023-04-04 21:45:00,165,124,147,126,144
2023-04-04 22:00:00,108,129,198,125,169
2023-04-04 22:15:00,156,122,126,141,153
2023-04-04 22:30:00,209,107,159,138,145
2023-04-04 22:45:00,161,166,163,153,170
2023-04-04 23:00:00,127,177,172,175,196
2023-04-04 23:15:00,156,156,151,139,211
2023-04-04 23:30:00,102,171,160,137,128
2023-04-04 23:45:00,160,182,154,177,156
2023-04-05 00:00:00,147,118,138,175,153
2023-04-05 00:15:00,128,146,146,130,154
2023-04-05 00:30:00,149,155,144,147,139
2023-04-05 00:45:00,142,159,164,168,153
2023-04-05 01:00:00,142,163,142,160,142
2023-04-05 01:15:00,175,157,140,166,123
2023-04-05 01:30:00,137,150,161,113,162
2023-04-05 01:45:00,163,120,144,143,153
2023-04-05 02:00:00,142,102,153,155,149
2023-04-05 02:15:00,153,151,166,137,144
2023-04-05 02:30:00,161,121,209,121,124
2023-04-05 02:45:00,159,200,136,136,162
2023-04-05 03:00:00,143,149,159,146,138
2023-04-05 03:15:00,127,181,153,161,151
2023-04-05 03:30:00,168,128,116,141,129
2023-04-05 03:45:00,178,153,151,177,164
2023-04-05 04:00:00,164,156,161,147,170
2023-04-05 04:15:00,124,124,154,140,140
2023-04-05 04:30:00,147,131,133,200,120
2023-04-05 04:45:00,172,173,131,132,130
2023-04-05 05:00:00,137,141,156,161,183
2023-04-05 05:15:00,172,161,143,169,148
2023-04-05 05:30:00,166,149,181,166,152
2023-04-05 05:45:00,151,150,154,128,162
2023-04-05 06:00:00,186,186,144,174,95
2023-04-05 06:15:00,148,147,127,152,180
2023-04-05 06:30:00,188,210,125,129,148
2023-04-05 06:45:00,172,122,211,163,177
2023-04-05 07:00:00,164,174,124,176,178
2023-04-05 07:15:00,172,158,164,128,155
2023-04-05 07:30:00,181,145,185,149,169
2023-04-05 07:45:00,139,141,143,163,123
2023-04-05 08:00:00,136,154,128,106,150
2023-04-05 08:15:00,119,138,119,145,147
2023-04-05 08:30:00,157,110,141,147,148
2023-04-05 08:45:00,127,148,127,137,176
2023-04-05 09:00:00,167,139,193,129,141
2023-04-05 09:15:00,110,141,123,176,175
2023-04-05 09:30:00,142,122,104,167,151
2023-04-05 09:45:00,109,171,162,118,142
2023-04-05 10:00:00,173,169,124,144,113
2023-04-05 10:15:00,151,135,122,172,166
2023-04-05 10:30:00,142,164,125,175,157
2023-04-05 10:45:00,184,160,152,178,155
2023-04-05 11:00:00,140,166,175,132,156
2023-04-05 11:15:00,183,128,152,141,154
2023-04-05 11:30:00,174,160,143,137,167
2023-04-05 11:45:00,156,173,151,176,122
2023-04-05 12:00:00,139,189,132,164,151
2023-04-05 12:15:00,129,137,145,142,162
2023-04-05 12:30:00,128,159,153,149,135
2023-04-05 12:45:00,162,161,136,136,141
2023-04-05 13:00:00,130,191,156,128,135
2023-04-05 13:15:00,150,135,134,146,163
2023-04-05 13:30:00,135,135,147,149,107
2023-04-05 13:45:00,163,189,176,126,135
2023-04-05 14:00:00,137,157,129,173,186
2023-04-05 14:15:00,152,146,130,158,144
2023-04-05 14:30:00,102,160,172,131,159
2023-04-05 14:45:00,133,127,124,178,158
2023-04-05 15:00:00,154,156,141,110,170
2023-04-05 15:15:00,121,136,154,133,148
2023-04-05 15:30:00,163,150,183,120,139
2023-04-05 15:45:00,143,179,150,141,175
2023-04-05 16:00:00,146,148,186,171,153
2023-04-05 16:15:00,173,177,163,159,181
2023-04-05 16:30:00,162,177,170,127,142
2023-04-05 16:45:00,160,170,113,128,133
2023-04-05 17:00:00,155,147,169,165,162
2023-04-05 17:15:00,159,162,148,198,162
2023-04-05 17:30:00,155,134,112,150,175
2023-04-05 17:45:00,183,170,154,178,151
2023-04-05 18:00:00,179,136,126,101,170
2023-04-05 18:15:00,146,161,173,117,144
2023-04-05 18:30:00,150,145,176,129,103
2023-04-05 18:45:00,156,135,179,187,137
2023-04-05 19:00:00,164,153,142,143,173
2023-04-05 19:15:00,124,132,124,177,154
2023-04-05 19:30:00,151,185,207,143,157
2023-04-05 19:45:00,176,95,139,178,172
2023-04-05 20:00:00,133,121,170,146,119
2023-04-05 20:15:00,112,148,149,134,121
2023-04-05 20:30:00,158,140,143,145,158
2023-04-05 20:45:00,142,147,169,162,131
2023-04-05 21:00:00,123,139,158,150,139
2023-04-05 21:15:00,177,148,166,167,131
2023-04-05 21:30:00,151,145,116,164,175
2023-04-05 21:45:00,130,79,137,142,164
2023-04-05 22:00:00,129,158,116,135,130
2023-04-05 22:15:00,165,160,135,163,118
2023-04-05 22:30:00,137,159,130,152,141
2023-04-05 22:45:00,143,139,126,143,151
2023-04-05 23:00:00,155,128,179,153,143
2023-04-05 23:15:00,128,173,169,171,149
2023-04-05 23:30:00,186,174,119,154,177
2023-04-05 23:45:00,183,185,169,145,122
2023-04-06 00:00:00,162,163,108,162,124
2023-04-06 00:15:00,126,141,189,127,162
2023-04-06 00:30:00,158,124,132,143,172
2023-04-06 00:45:00,134,138,167,153,120
2023-04-06 01:00:00,99,138,144,133,127
2023-04-06 01:15:00,188,148,151,108,163
2023-04-06 01:30:00,137,158,170,136,144
2023-04-06 01:45:00,107,141,137,152,138
2023-04-06 02:00:00,168,172,163,155,150
2023-04-06 02:15:00,162,153,155,149,154
2023-04-06 02:30:00,136,179,126,147,152
2023-04-06 02:45:00,120,169,170,181,147
2023-04-06 03:00:00,175,137,131,168,142
2023-04-06 03:15:00,191,179,171,142,153
2023-04-06 03:30:00,140,151,147,144,131
2023-04-06 03:45:00,139,151,151,163,148
2023-04-06 04:00:00,138,159,148,155,158
2023-04-06 04:15:00,168,116,160,160,143
2023-04-06 04:30:00,173,109,153,170,153
2023-04-06 04:45:00,123,154,158,166,133
2023-04-06 05:00:00,131,125,131,120,145
2023-04-06 05:15:00,177,135,126,138,167
2023-04-06 05:30:00,146,114,179,185,148
2023-04-06 05:45:00,177,142,145,171,185
2023-04-06 06:00:00,151,164,159,179,143
2023-04-06 06:15:00,128,146,129,149,144
2023-04-06 06:30:00,115,127,151,164,111
2023-04-06 06:45:00,144,153,150,163,163
2023-04-06 07:00:00,204,187,151,167,178
2023-04-06 07:15:00,189,187,121,107,163
2023-04-06 07:30:00,165,169,134,166,145
2023-04-06 07:45:00,148,142,144,124,140
2023-04-06 08:00:00,163,140,114,153,149
2023-04-06 08:15:00,124,165,153,135,112
2023-04-06 08:30:00,154,143,100,139,140
2023-04-06 08:45:00,169,178,167,157,127
2023-04-06 09:00:00,149,114,156,151,145
2023-04-06 09:15:00,151,179,148,124,144
2023-04-06 09:30:00,162,127,158,147,167
2023-04-06 09:45:00,145,145,165,155,150
2023-04-06 10:00:00,122,167,117,135,167
2023-04-06 10:15:00,147,153,154,152,142
2023-04-06 10:30:00,152,141,158,136,166
2023-04-06 10:45:00,158,139,147,137,160
2023-04-06 11:00:00,138,182,161,133,129
2023-04-06 11:15:00,141,157,139,170,149
2023-04-06 11:30:00,135,142,159,115,170
2023-04-06 11:45:00,153,127,120,160,151
2023-04-06 12:00:00,195,152,163,125,173
2023-04-06 12:15:00,153,151,137,159,177
2023-04-06 12:30:00,134,139,167,135,134
2023-04-06 12:45:00,160,129,160,162,116
2023-04-06 13:00:00,159,187,124,141,177
2023-04-06 13:15:00,155,122,152,133,143
2023-04-06 13:30:00,141,125,125,110,147
2023-04-06 13:45:00,164,188,218,175,190
2023-04-06 14:00:00,135,148,141,161,180
2023-04-06 14:15:00,170,155,141,166,150
2023-04-06 14:30:00,166,176,169,142,151
2023-04-06 14:45:00,125,164,118,155,151
2023-04-06 15:00:00,153,159,158,148,148
2023-04-06 15:15:00,141,122,144,152,188
2023-04-06 15:30:00,163,162,151,161,145
2023-04-06 15:45:00,185,156,139,116,172
2023-04-06 16:00:00,147,97,146,151,167
2023-04-06 16:15:00,137,170,141,144,157
2023-04-06 16:30:00,160,130,134,163,162
2023-04-06 16:45:00,124,128,143,141,192
2023-04-06 17:00:00,132,124,146,175,158
2023-04-06 17:15:00,158,165,142,142,126
2023-04-06 17:30:00,112,163,171,105,145
2023-04-06 17:45:00,141,180,129,169,123
2023-04-06 18:00:00,150,148,146,150,116
2023-04-06 18:15:00,165,148,118,171,143
2023-04-06 18:30:00,145,150,182,176,168
2023-04-06 18:45:00,132,168,133,143,137
2023-04-06 19:00:00,184,153,128,167,122
2023-04-06 19:15:00,144,119,138,152,137
2023-04-06 19:30:00,157,156,127,186,154
2023-04-06 19:45:00,123,155,166,165,166
2023-04-06 20:00:00,114,187,146,156,120
2023-04-06 20:15:00,145,120,171,163,140
2023-04-06 20:30:00,149,169,148,172,156
2023-04-06 20:45:00,146,141,155,170,168
2023-04-06 21:00:00,139,116,160,141,170
2023-04-06 21:15:00,194,173,136,129,139
2023-04-06 21:30:00,163,157,117,165,132
2023-04-06 21:45:00,163,169,143,139,137
2023-04-06 22:00:00,155,144,109,143,176
2023-04-06 22:15:00,148,112,138,168,170
2023-04-06 22:30:00,184,144,152,163,172
2023-04-06 22:45:00,159,140,156,130,179
2023-04-06 23:00:00,144,145,130,152,145
2023-04-06 23:15:00,175,157,135,155,169
2023-04-06 23:30:00,158,175,172,156,125
2023-04-06 23:45:00,145,161,154,134,167
2023-04-07 00:00:00,91,175,169,168,133
2023-04-07 00:15:00,151,166,168,110,183
2023-04-07 00:30:00,145,153,145,145,151
2023-04-07 00:45:00,107,145,179,130,149
2023-04-07 01:00:00,174,165,143,121,162
2023-04-07 01:15:00,140,180,115,160,181
2023-04-07 01:30:00,121,140,87,130,173
2023-04-07 01:45:00,162,123,116,100,133
2023-04-07 02:00:00,133,142,158,113,185
2023-04-07 02:15:00,168,143,135,166,125
2023-04-07 02:30:00,125,153,125,155,164
2023-04-07 02:45:00,171,146,156,158,157
2023-04-07 03:00:00,145,175,134,143,169
2023-04-07 03:15:00,120,155,162,173,154
2023-04-07 03:30:00,135,130,150,193,162
2023-04-07 03:45:00,117,122,123,164,148
2023-04-07 04:00:00,148,149,118,104,192
2023-04-07 04:15:00,162,134,186,163,149
2023-04-07 04:30:00,136,150,182,159,148
2023-04-07 04:45:00,143,133,163,157,142
2023-04-07 05:00:00,131,156,147,170,125
2023-04-07 05:15:00,148,159,96,157,150
2023-04-07 05:30:00,149,160,129,155,163
2023-04-07 05:45:00,150,133,154,142,116
2023-04-07 06:00:00,150,171,129,131,132
2023-04-07 06:15:00,113,145,153,169,139
2023-04-07 06:30:00,151,146,152,143,163
2023-04-07 06:45:00,143,138,138,122,152
2023-04-07 07:00:00,141,160,152,141,172
2023-04-07 07:15:00,118,131,151,180,148
2023-04-07 07:30:00,170,160,180,135,135
2023-04-07 07:45:00,141,136,140,145,125
2023-04-07 08:00:00,119,169,151,154,138
2023-04-07 08:15:00,136,151,152,132,145
2023-04-07 08:30:00,166,177,148,164,173
2023-04-07 08:45:00,143,133,141,133,118
2023-04-07 09:00:00,145,182,156,134,146
2023-04-07 09:15:00,150,128,186,160,144
2023-04-07 09:30:00,108,154,176,123,152
2023-04-07 09:45:00,180,139,141,152,182
2023-04-07 10:00:00,153,154,134,147,170
2023-04-07 10:15:00,151,184,150,149,196
2023-04-07 10:30:00,153,102,145,147,176
2023-04-07 10:45:00,160,163,131,135,182
2023-04-07 11:00:00,141,161,118,147,130
2023-04-07 11:15:00,153,141,166,124,138
2023-04-07 11:30:00,154,159,156,117,191
2023-04-07 11:45:00,148,138,122,197,101
2023-04-07 12:00:00,147,142,151,143,169
2023-04-07 12:15:00,143,190,183,163,132
2023-04-07 12:30:00,127,147,187,136,149
2023-04-07 12:45:00,174,143,123,147,183
2023-04-07 13:00:00,163,158,127,127,170
2023-04-07 13:15:00,160,114,137,140,166
2023-04-07 13:30:00,171,187,128,119,128
2023-04-07 13:45:00,97,154,113,180,170
2023-04-07 14:00:00,118,161,150,167,170
2023-04-07 14:15:00,168,144,148,148,135
2023-04-07 14:30:00,153,148,122,93,133
2023-04-07 14:45:00,159,118,139,203,136
2023-04-07 15:00:00,157,133,155,129,143
2023-04-07 15:15:00,143,165,175,164,131
2023-04-07 15:30:00,162,156,167,152,159
2023-04-07 15:45:00,167,120,167,176,154
2023-04-07 16:00:00,134,143,148,146,126
2023-04-07 16:15:00,160,151,137,123,185
2023-04-07 16:30:00,160,132,107,130,173
2023-04-07 16:45:00,150,138,143,159,171
2023-04-07 17:00:00,116,136,148,171,131
2023-04-07 17:15:00,141,152,139,121,176
2023-04-07 17:30:00,187,165,125,172,144
2023-04-07 17:45:00,129,176,157,130,168
2023-04-07 18:00:00,149,163,152,169,165
2023-04-07 18:15:00,165,148,125,121,171
2023-04-07 18:30:00,146,155,139,190,159
2023-04-07 18:45:00,138,125,114,190,130
2023-04-07 19:00:00,157,179,136,150,131
2023-04-07 19:15:00,164,150,160,126,192
2023-04-07 19:30:00,179,130,150,168,98
2023-04-07 19:45:00,114,167,148,132,186
2023-04-07 20:00:00,161,115,177,168,123
2023-04-07 20:15:00,156,156,159,188,151
2023-04-07 20:30:00,126,153,153,150,142
2023-04-07 20:45:00,147,181,199,177,128
2023-04-07 21:00:00,160,131,132,146,143
2023-04-07 21:15:00,145,153,193,154,166
2023-04-07 21:30:00,139,142,132,108,169
2023-04-07 21:45:00,142,119,143,134,143
2023-04-07 22:00:00,124,156,137,167,152
2023-04-07 22:15:00,152,122,184,156,155
2023-04-07 22:30:00,117,147,136,159,140
2023-04-07 22:45:00,123,138,153,150,158
2023-04-07 23:00:00,158,164,165,154,157
2023-04-07 23:15:00,164,135,139,169,130
2023-04-07 23:30:00,154,122,181,180,140
2023-04-07 23:45:00,150,122,130,86,147
2023-04-08 00:00:00,137,124,127,165,150
2023-04-08 00:15:00,158,138,131,137,173
2023-04-08 00:30:00,152,141,172,187,163
2023-04-08 00:45:00,150,160,167,184,149
2023-04-08 01:00:00,144,157,169,136,124
2023-04-08 01:15:00,133,155,147,116,160
2023-04-08 01:30:00,159,128,172,144,128
2023-04-08 01:45:00,146,142,128,151,123
2023-04-08 02:00:00,136,121,157,163,155
2023-04-08 02:15:00,150,134,137,90,111
2023-04-08 02:30:00,169,158,155,154,158
2023-04-08 02:45:00,167,154,154,146,146
2023-04-08 03:00:00,153,103,189,132,130
2023-04-08 03:15:00,155,156,154,167,158
2023-04-08 03:30:00,168,147,152,124,152
2023-04-08 03:45:00,133,132,156,173,178
2023-04-08 04:00:00,147,119,190,156,168
2023-04-08 04:15:00,164,136,157,150,155
2023-04-08 04:30:00,161,162,154,120,189
2023-04-08 04:45:00,166,111,130,139,173
2023-04-08 05:00:00,140,184,149,168,155
2023-04-08 05:15:00,135,165,158,118,155
2023-04-08 05:30:00,135,153,183,180,134
2023-04-08 05:45:00,106,140,175,170,141
2023-04-08 06:00:00,170,147,143,180,177
2023-04-08 06:15:00,104,147,163,96,145
2023-04-08 06:30:00,134,156,118,167,150
2023-04-08 06:45:00,148,143,114,109,168
2023-04-08 07:00:00,158,117,150,145,139
2023-04-08 07:15:00,143,177,152,166,191
2023-04-08 07:30:00,157,163,146,132,141
2023-04-08 07:45:00,159,157,158,138,157
2023-04-08 08:00:00,134,168,163,117,164
2023-04-08 08:15:00,123,152,139,97,176
2023-04-08 08:30:00,130,160,101,158,112
2023-04-08 08:45:00,159,86,122,126,123
2023-04-08 09:00:00,174,147,135,145,162
2023-04-08 09:15:00,159,189,141,173,147
2023-04-08 09:30:00,160,107,154,170,137
2023-04-08 09:45:00,152,126,141,168,157
2023-04-08 10:00:00,175,145,146,132,141
2023-04-08 10:15:00,135,135,145,167,164
2023-04-08 10:30:00,158,153,114,164,136
2023-04-08 10:45:00,149,124,166,160,163
2023-04-08 11:00:00,154,145,151,185,178
2023-04-08 11:15:00,146,148,169,155,171
2023-04-08 11:30:00,165,145,139,127,128
2023-04-08 11:45:00,166,139,164,173,148
2023-04-08 12:00:00,149,160,143,161,149
2023-04-08 12:15:00,123,165,139,169,125
2023-04-08 12:30:00,150,149,178,133,172
2023-04-08 12:45:00,169,143,126,148,147
2023-04-08 13:00:00,201,130,121,133,151
2023-04-08 13:15:00,168,140,167,133,172
2023-04-08 13:30:00,143,168,172,187,141
2023-04-08 13:45:00,141,182,168,148,123
2023-04-08 14:00:00,121,174,143,131,157
2023-04-08 14:15:00,153,144,117,132,135
2023-04-08 14:30:00,106,141,137,159,145
2023-04-08 14:45:00,148,168,123,132,139
2023-04-08 15:00:00,168,146,163,187,193
2023-04-08 15:15:00,166,124,142,138,127
2023-04-08 15:30:00,145,156,122,144,143
2023-04-08 15:45:00,139,188,149,140,112
2023-04-08 16:00:00,154,156,166,98,138
2023-04-08 16:15:00,149,131,147,164,178
2023-04-08 16:30:00,153,153,156,140,193
2023-04-08 16:45:00,187,156,153,161,128
2023-04-08 17:00:00,150,116,136,166,174
2023-04-08 17:15:00,133,156,155,140,152
2023-04-08 17:30:00,142,138,139,148,150
2023-04-08 17:45:00,132,150,175,121,154
2023-04-08 18:00:00,173,182,153,134,169
2023-04-08 18:15:00,120,104,151,171,145
2023-04-08 18:30:00,177,141,136,165,173
2023-04-08 18:45:00,136,148,144,164,171
2023-04-08 19:00:00,183,161,156,172,169
2023-04-08 19:15:00,132,169,118,130,136
2023-04-08 19:30:00,149,149,140,106,154
2023-04-08 19:45:00,153,161,144,186,105
2023-04-08 20:00:00,146,143,131,124,144
2023-04-08 20:15:00,156,163,158,153,155
2023-04-08 20:30:00,159,154,134,139,153
2023-04-08 20:45:00,169,107,137,152,136
2023-04-08 21:00:00,161,178,155,158,136
2023-04-08 21:15:00,158,167,123,103,164
2023-04-08 21:30:00,130,140,152,121,125
2023-04-08 21:45:00,149,105,160,159,167
2023-04-08 22:00:00,148,170,147,173,138
2023-04-08 22:15:00,151,142,160,148,173
2023-04-08 22:30:00,124,134,144,177,162
2023-04-08 22:45:00,150,126,149,170,145
2023-04-08 23:00:00,142,173,146,189,154
2023-04-08 23:15:00,131,153,157,147,164
2023-04-08 23:30:00,123,150,141,135,84
2023-04-08 23:45:00,154,159,154,172,133
2023-04-09 00:00:00,131,142,156,187,161
2023-04-09 00:15:00,142,121,124,157,160
2023-04-09 00:30:00,146,166,143,155,156
2023-04-09 00:45:00,181,166,183,165,120
2023-04-09 01:00:00,129,169,157,140,151
2023-04-09 01:15:00,155,152,160,132,171
2023-04-09 01:30:00,141,147,150,127,145
2023-04-09 01:45:00,182,140,98,163,168
2023-04-09 02:00:00,165,153,155,159,193
2023-04-09 02:15:00,187,120,143,151,153
2023-04-09 02:30:00,105,158,160,103,146
2023-04-09 02:45:00,151,124,169,171,143
2023-04-09 03:00:00,183,131,146,142,135
2023-04-09 03:15:00,173,166,165,148,159
2023-04-09 03:30:00,167,179,139,197,102
2023-04-09 03:45:00,161,155,161,152,162
2023-04-09 04:00:00,140,178,163,150,138
2023-04-09 04:15:00,119,185,143,171,170
2023-04-09 04:30:00,128,136,154,143,147
2023-04-09 04:45:00,152,160,153,126,163
2023-04-09 05:00:00,174,141,145,138,149
2023-04-09 05:15:00,148,149,134,153,146
2023-04-09 05:30:00,150,130,138,148,154
2023-04-09 05:45:00,120,171,143,147,137
2023-04-09 06:00:00,144,135,147,145,131
2023-04-09 06:15:00,148,133,150,147,145
2023-04-09 06:30:00,129,145,166,156,96
2023-04-09 06:45:00,121,182,115,158,135
2023-04-09 07:00:00,179,149,126,162,137
2023-04-09 07:15:00,127,147,142,103,103
2023-04-09 07:30:00,144,159,126,164,168
2023-04-09 07:45:00,171,153,147,150,158
2023-04-09 08:00:00,159,138,149,146,179
2023-04-09 08:15:00,138,147,154,159,140
2023-04-09 08:30:00,154,165,168,173,115
2023-04-09 08:45:00,120,166,161,155,121
2023-04-09 09:00:00,155,180,130,154,151
2023-04-09 09:15:00,163,163,149,157,164
2023-04-09 09:30:00,138,148,143,158,157
2023-04-09 09:45:00,139,152,144,168,121
2023-04-09 10:00:00,123,127,120,149,124
2023-04-09 10:15:00,166,139,162,146,127
2023-04-09 10:30:00,142,154,154,139,155
2023-04-09 10:45:00,147,140,145,174,137
2023-04-09 11:00:00,167,162,151,157,135
2023-04-09 11:15:00,157,161,127,190,132
2023-04-09 11:30:00,115,119,152,131,126
2023-04-09 11:45:00,174,107,124,137,127
2023-04-09 12:00:00,158,112,165,159,142
2023-04-09 12:15:00,160,147,110,139,144
2023-04-09 12:30:00,133,162,131,158,164
2023-04-09 12:45:00,153,155,136,177,124
2023-04-09 13:00:00,164,154,136,149,147
2023-04-09 13:15:00,155,159,181,159,133
2023-04-09 13:30:00,142,139,111,143,132
2023-04-09 13:45:00,151,121,138,127,164
2023-04-09 14:00:00,173,147,128,124,145
2023-04-09 14:15:00,115,172,174,156,124
2023-04-09 14:30:00,151,140,178,127,134
2023-04-09 14:45:00,137,183,199,132,106
2023-04-09 15:00:00,143,156,165,134,113
2023-04-09 15:15:00,157,151,124,140,155
2023-04-09 15:30:00,150,139,165,133,129
2023-04-09 15:45:00,134,124,126,99,161
2023-04-09 16:00:00,145,138,151,144,160
2023-04-09 16:15:00,153,127,90,156,152
2023-04-09 16:30:00,176,163,138,138,133
2023-04-09 16:45:00,113,157,146,147,109
2023-04-09 17:00:00,143,165,150,189,164
2023-04-09 17:15:00,143,176,174,132,148
2023-04-09 17:30:00,160,169,148,140,148
2023-04-09 17:45:00,125,173,168,146,153
2023-04-09 18:00:00,159,105,174,168,143
2023-04-09 18:15:00,120,176,144,168,129
2023-04-09 18:30:00,123,155,153,130,152
2023-04-09 18:45:00,145,156,150,165,156
2023-04-09 19:00:00,128,135,144,147,94
2023-04-09 19:15:00,125,175,137,122,154
2023-04-09 19:30:00,168,158,182,160,109
2023-04-09 19:45:00,136,176,130,111,165
2023-04-09 20:00:00,132,137,139,166,171
2023-04-09 20:15:00,168,176,145,159,147
2023-04-09 20:30:00,152,142,93,126,92
2023-04-09 20:45:00,127,145,165,158,158
2023-04-09 21:00:00,133,139,172,142,177
2023-04-09 21:15:00,162,148,147,99,126
2023-04-09 21:30:00,175,178,153,147,137
2023-04-09 21:45:00,130,141,163,137,129
2023-04-09 22:00:00,148,152,126,125,132
2023-04-09 22:15:00,126,100,144,165,129
2023-04-09 22:30:00,140,139,190,156,152
2023-04-09 22:45:00,138,159,175,127,150
2023-04-09 23:00:00,143,165,153,150,152
2023-04-09 23:15:00,135,143,175,124,143
2023-04-09 23:30:00,162,134,137,165,154
2023-04-09 23:45:00,168,174,152,150,134
2023-04-10 00:00:00,144,189,133,156,140
2023-04-10 00:15:00,160,131,176,130,170
2023-04-10 00:30:00,133,157,163,174,164
2023-04-10 00:45:00,174,175,126,134,152
2023-04-10 01:00:00,151,178,155,123,153
2023-04-10 01:15:00,149,136,140,209,139
2023-04-10 01:30:00,175,158,126,143,170
2023-04-10 01:45:00,143,158,121,153,129
2023-04-10 02:00:00,126,193,162,170,165
2023-04-10 02:15:00,157,170,134,194,155
2023-04-10 02:30:00,137,125,164,160,139
2023-04-10 02:45:00,149,148,149,154,171
2023-04-10 03:00:00,142,159,150,142,120
2023-04-10 03:15:00,181,136,156,191,154
2023-04-10 03:30:00,180,148,138,163,144
2023-04-10 03:45:00,189,203,117,146,172
2023-04-10 04:00:00,168,170,152,176,151
2023-04-10 04:15:00,143,168,122,149,159
2023-04-10 04:30:00,202,191,121,144,124
2023-04-10 04:45:00,187,150,134,158,127
2023-04-10 05:00:00,157,104,132,142,122
2023-04-10 05:15:00,125,138,131,135,135
2023-04-10 05:30:00,167,158,152,119,182
2023-04-10 05:45:00,153,191,166,195,153
2023-04-10 06:00:00,162,177,122,171,162
2023-04-10 06:15:00,139,165,118,151,148
2023-04-10 06:30:00,182,136,151,161,169
2023-04-10 06:45:00,132,174,104,162,141
2023-04-10 07:00:00,134,156,146,145,174
2023-04-10 07:15:00,146,167,153,166,129
2023-04-10 07:30:00,178,142,138,168,144
2023-04-10 07:45:00,129,151,155,135,162
2023-04-10 08:00:00,138,161,168,99,152
2023-04-10 08:15:00,120,160,147,158,124
2023-04-10 08:30:00,136,198,164,139,186
2023-04-10 08:45:00,173,138,139,160,158
2023-04-10 09:00:00,129,144,104,138,135
2023-04-10 09:15:00,165,145,122,154,114
2023-04-10 09:30:00,97,142,132,163,163
2023-04-10 09:45:00,128,154,152,130,146
2023-04-10 10:00:00,159,149,151,114,167
2023-04-10 10:15:00,164,153,145,182,150
2023-04-10 10:30:00,151,154,187,122,150
2023-04-10 10:45:00,165,162,217,133,164
2023-04-10 11:00:00,130,142,131,151,165
2023-04-10 11:15:00,139,172,145,171,135
2023-04-10 11:30:00,143,194,176,190,150
2023-04-10 11:45:00,151,130,145,164,168
2023-04-10 12:00:00,163,146,168,138,111
2023-04-10 12:15:00,194,120,165,153,161
2023-04-10 12:30:00,168,154,141,116,160
2023-04-10 12:45:00,136,141,149,162,191
2023-04-10 13:00:00,164,92,171,151,144
2023-04-10 13:15:00,128,152,175,136,160
2023-04-10 13:30:00,175,133,158,153,138
2023-04-10 13:45:00,117,141,153,136,137
2023-04-10 14:00:00,155,121,120,176,151
2023-04-10 14:15:00,139,181,154,160,150
2023-04-10 14:30:00,159,156,173,152,157
2023-04-10 14:45:00,150,191,152,177,136
2023-04-10 15:00:00,128,186,126,144,176
2023-04-10 15:15:00,136,130,122,170,120
2023-04-10 15:30:00,138,168,151,173,130
2023-04-10 15:45:00,153,156,121,161,149
2023-04-10 16:00:00,107,116,184,170,133
2023-04-10 16:15:00,168,170,155,133,133
2023-04-10 16:30:00,181,185,126,145,166
2023-04-10 16:45:00,163,165,156,164,154
2023-04-10 17:00:00,148,113,154,156,195
2023-04-10 17:15:00,100,170,146,142,152
2023-04-10 17:30:00,133,145,147,138,128
2023-04-10 17:45:00,180,153,111,155,144
2023-04-10 18:00:00,159,171,158,154,157
2023-04-10 18:15:00,177,161,177,170,139
2023-04-10 18:30:00,180,101,150,172,149
2023-04-10 18:45:00,131,157,148,133,172
2023-04-10 19:00:00,135,146,164,137,127
2023-04-10 19:15:00,193,144,161,170,122
2023-04-10 19:30:00,166,176,142,186,159
2023-04-10 19:45:00,164,175,146,182,135
2023-04-10 20:00:00,163,148,137,170,116
2023-04-10 20:15:00,156,157,125,145,129
2023-04-10 20:30:00,146,196,142,169,156
2023-04-10 20:45:00,154,148,185,156,155
2023-04-10 21:00:00,149,139,122,131,143
2023-04-10 21:15:00,162,158,153,113,137
2023-04-10 21:30:00,141,158,111,146,122
2023-04-10 21:45:00,148,148,166,141,187
2023-04-10 22:00:00,153,138,164,114,172
2023-04-10 22:15:00,174,157,140,142,155
2023-04-10 22:30:00,171,135,139,135,139
2023-04-10 22:45:00,161,119,137,163,185
2023-04-10 23:00:00,201,130,149,155,164
2023-04-10 23:15:00,158,131,150,191,146
2023-04-10 23:30:00,145,113,196,140,146
2023-04-10 23:45:00,132,124,127,165,164
2023-04-11 00:00:00,144,127,173,154,123
2023-04-11 00:15:00,117,163,117,156,133
2023-04-11 00:30:00,126,121,174,159,157
2023-04-11 00:45:00,115,152,140,148,118
2023-04-11 01:00:00,146,149,145,178,181
2023-04-11 01:15:00,174,139,143,176,146
2023-04-11 01:30:00,152,130,127,155,137
2023-04-11 01:45:00,112,137,165,140,173
2023-04-11 02:00:00,138,116,109,173,181
2023-04-11 02:15:00,152,143,159,143,115
2023-04-11 02:30:00,146,176,133,128,134
2023-04-11 02:45:00,145,151,127,162,145
2023-04-11 03:00:00,127,146,151,156,193
2023-04-11 03:15:00,185,173,154,153,158
2023-04-11 03:30:00,143,152,128,130,139
2023-04-11 03:45:00,154,164,129,136,155
2023-04-11 04:00:00,168,158,152,147,133
2023-04-11 04:15:00,164,189,126,100,172
2023-04-11 04:30:00,156,157,167,125,159
2023-04-11 04:45:00,152,173,133,142,195
2023-04-11 05:00:00,140,124,161,135,141
2023-04-11 05:15:00,158,187,165,159,140
2023-04-11 05:30:00,152,129,147,198,146
2023-04-11 05:45:00,140,131,124,158,157
2023-04-11 06:00:00,152,122,134,131,124
2023-04-11 06:15:00,161,180,128,151,138
2023-04-11 06:30:00,134,145,166,120,154
2023-04-11 06:45:00,129,161,160,168,125
2023-04-11 07:00:00,148,134,128,173,157
2023-04-11 07:15:00,172,166,182,159,167
2023-04-11 07:30:00,182,145,174,176,129
2023-04-11 07:45:00,179,154,121,180,139
2023-04-11 08:00:00,148,159,129,162,136
2023-04-11 08:15:00,124,150,146,161,159
2023-04-11 08:30:00,163,163,159,182,150
2023-04-11 08:45:00,126,166,149,134,129
2023-04-11 09:00:00,118,178,166,112,138
2023-04-11 09:15:00,151,152,138,152,145
2023-04-11 09:30:00,181,158,145,136,124
2023-04-11 09:45:00,140,164,113,143,154
2023-04-11 10:00:00,143,136,132,174,162
2023-04-11 10:15:00,159,149,129,146,144
2023-04-11 10:30:00,158,113,155,137,148
2023-04-11 10:45:00,150,155,135,135,150
2023-04-11 11:00:00,172,162,133,163,129
2023-04-11 11:15:00,160,135,137,155,145
2023-04-11 11:30:00,106,125,136,156,201
2023-04-11 11:45:00,157,191,126,131,153
2023-04-11 12:00:00,144,145,152,84,132
2023-04-11 12:15:00,167,152,139,120,192
2023-04-11 12:30:00,162,141,143,158,161
2023-04-11 12:45:00,91,164,126,163,149
2023-04-11 13:00:00,158,155,166,158,137
2023-04-11 13:15:00,142,135,160,124,151
2023-04-11 13:30:00,175,166,138,140,127
2023-04-11 13:45:00,151,129,154,142,147
2023-04-11 14:00:00,160,160,148,166,153
2023-04-11 14:15:00,134,179,134,161,158
2023-04-11 14:30:00,164,133,151,156,109
2023-04-11 14:45:00,135,134,145,153,142
2023-04-11 15:00:00,140,131,156,171,130
2023-04-11 15:15:00,150,135,164,126,142
2023-04-11 15:30:00,149,137,167,141,189
2023-04-11 15:45:00,187,144,114,168,119
2023-04-11 16:00:00,191,156,125,140,166
2023-04-11 16:15:00,119,158,131,142,172
2023-04-11 16:30:00,131,161,99,140,156
2023-04-11 16:45:00,104,130,121,132,157
2023-04-11 17:00:00,160,141,115,130,164
2023-04-11 17:15:00,145,184,175,135,185
2023-04-11 17:30:00,154,163,174,153,158
2023-04-11 17:45:00,167,145,120,153,120
2023-04-11 18:00:00,160,143,153,122,137
2023-04-11 18:15:00,151,161,149,159,198
2023-04-11 18:30:00,129,150,128,161,141
2023-04-11 18:45:00,131,168,144,176,162
2023-04-11 19:00:00,130,129,176,145,162
2023-04-11 19:15:00,169,130,142,148,171
2023-04-11 19:30:00,163,139,103,211,151
2023-04-11 19:45:00,126,145,166,132,171
2023-04-11 20:00:00,145,164,147,145,122
2023-04-11 20:15:00,179,150,153,137,166
2023-04-11 20:30:00,119,145,173,88,168
2023-04-11 20:45:00,137,128,152,127,182
2023-04-11 21:00:00,160,186,148,126,180
2023-04-11 21:15:00,147,152,90,131,114
2023-04-11 21:30:00,118,168,161,161,186
2023-04-11 21:45:00,175,124,162,147,122
2023-04-11 22:00:00,149,137,142,134,152
2023-04-11 22:15:00,130,186,142,157,173
2023-04-11 22:30:00,167,186,154,134,126
2023-04-11 22:45:00,154,136,174,134,179
2023-04-11 23:00:00,162,161,170,153,152
2023-04-11 23:15:00,175,158,140,151,155
2023-04-11 23:30:00,157,133,157,123,136
2023-04-11 23:45:00,138,144,158,169,124
2023-04-12 00:00:00,163,96,129,141,163
2023-04-12 00:15:00,165,146,150,149,174
2023-04-12 00:30:00,146,151,151,140,141
2023-04-12 00:45:00,139,155,154,159,158
2023-04-12 01:00:00,140,181,137,144,155
2023-04-12 01:15:00,133,136,145,179,160
2023-04-12 01:30:00,190,125,138,113,162
2023-04-12 01:45:00,144,142,144,141,148
2023-04-12 02:00:00,163,134,171,134,127
2023-04-12 02:15:00,145,94,172,140,146
2023-04-12 02:30:00,95,147,155,134,128
2023-04-12 02:45:00,103,182,167,137,130
2023-04-12 03:00:00,146,135,155,178,130
2023-04-12 03:15:00,167,162,137,156,114
2023-04-12 03:30:00,152,201,168,142,156
2023-04-12 03:45:00,187,132,131,140,185
2023-04-12 04:00:00,139,168,86,124,161
2023-04-12 04:15:00,127,196,145,172,154
2023-04-12 04:30:00,143,149,113,150,134
2023-04-12 04:45:00,149,165,151,141,146
2023-04-12 05:00:00,169,153,138,159,127
2023-04-12 05:15:00,114,149,158,126,153
2023-04-12 05:30:00,171,112,169,137,141
2023-04-12 05:45:00,137,148,122,133,142
2023-04-12 06:00:00,119,144,156,171,171
2023-04-12 06:15:00,117,155,177,164,116
2023-04-12 06:30:00,127,148,151,137,140
2023-04-12 06:45:00,108,149,127,148,167
2023-04-12 07:00:00,119,143,135,125,156
2023-04-12 07:15:00,129,166,125,187,150
2023-04-12 07:30:00,113,185,134,118,154
2023-04-12 07:45:00,161,160,145,143,165
2023-04-12 08:00:00,126,169,137,180,156
2023-04-12 08:15:00,129,158,161,147,126
2023-04-12 08:30:00,139,164,179,142,126
2023-04-12 08:45:00,143,158,161,139,132
2023-04-12 09:00:00,141,116,145,158,163
2023-04-12 09:15:00,166,119,147,137,189
2023-04-12 09:30:00,140,153,137,170,125
2023-04-12 09:45:00,164,206,144,157,154
2023-04-12 10:00:00,179,161,166,131,121
2023-04-12 10:15:00,161,117,140,144,139
2023-04-12 10:30:00,129,149,161,143,178
2023-04-12 10:45:00,150,143,154,168,182
2023-04-12 11:00:00,133,140,134,149,140
2023-04-12 11:15:00,148,131,125,154,134
2023-04-12 11:30:00,175,150,151,153,165
2023-04-12 11:45:00,140,153,153,145,180
2023-04-12 12:00:00,135,129,145,124,147
2023-04-12 12:15:00,149,139,158,153,153
2023-04-12 12:30:00,161,157,134,184,142
2023-04-12 12:45:00,166,127,152,175,164
2023-04-12 13:00:00,146,182,128,139,136
2023-04-12 13:15:00,132,170,138,136,168
2023-04-12 13:30:00,160,138,208,161,151
2023-04-12 13:45:00,156,124,155,132,178
2023-04-12 14:00:00,141,161,128,178,121
2023-04-12 14:15:00,158,119,138,118,166
2023-04-12 14:30:00,154,125,151,183,194
2023-04-12 14:45:00,151,124,149,139,179
2023-04-12 15:00:00,177,141,150,147,154
2023-04-12 15:15:00,141,113,182,130,192
2023-04-12 15:30:00,150,175,124,139,156
2023-04-12 15:45:00,155,156,110,157,145
2023-04-12 16:00:00,129,91,159,159,146
2023-04-12 16:15:00,145,122,152,135,141
2023-04-12 16:30:00,164,160,174,153,140
2023-04-12 16:45:00,125,147,152,145,159
2023-04-12 17:00:00,171,149,161,173,164
2023-04-12 17:15:00,166,136,152,140,151
2023-04-12 17:30:00,120,137,138,177,156
2023-04-12 17:45:00,169,104,155,143,121
2023-04-12 18:00:00,145,164,129,169,158
2023-04-12 18:15:00,145,130,150,162,172
2023-04-12 18:30:00,158,151,164,204,144
2023-04-12 18:45:00,134,154,166,157,165
2023-04-12 19:00:00,136,152,151,105,169
2023-04-12 19:15:00,133,147,161,141,173
2023-04-12 19:30:00,158,145,152,166,153
2023-04-12 19:45:00,148,148,158,104,182
2023-04-12 20:00:00,117,134,125,125,163
2023-04-12 20:15:00,148,116,164,150,158
2023-04-12 20:30:00,143,121,133,147,192
2023-04-12 20:45:00,149,151,173,111,177
2023-04-12 21:00:00,124,180,129,137,156
2023-04-12 21:15:00,129,138,130,139,120
2023-04-12 21:30:00,153,141,132,155,132
2023-04-12 21:45:00,114,148,167,151,143
2023-04-12 22:00:00,166,120,132,149,178
2023-04-12 22:15:00,133,130,158,146,174
2023-04-12 22:30:00,150,156,148,143,132
2023-04-12 22:45:00,158,127,161,173,158
2023-04-12 23:00:00,107,141,127,150,166
2023-04-12 23:15:00,153,161,157,140,123
2023-04-12 23:30:00,132,197,96,145,159
2023-04-12 23:45:00,172,158,149,141,152
2023-04-13 00:00:00,138,135,139,167,148
2023-04-13 00:15:00,201,164,126,157,148
2023-04-13 00:30:00,134,153,154,132,155
2023-04-13 00:45:00,132,130,130,174,130
2023-04-13 01:00:00,101,158,150,151,138
2023-04-13 01:15:00,172,105,149,174,195
2023-04-13 01:30:00,168,147,145,161,139
2023-04-13 01:45:00,140,141,139,139,139
2023-04-13 02:00:00,122,105,154,138,143
2023-04-13 02:15:00,145,136,130,140,126
2023-04-13 02:30:00,172,174,133,143,144
2023-04-13 02:45:00,124,118,162,172,151
2023-04-13 03:00:00,166,159,198,171,157
2023-04-13 03:15:00,181,166,134,160,159
2023-04-13 03:30:00,162,165,147,134,124
2023-04-13 03:45:00,104,138,133,94,177
2023-04-13 04:00:00,143,135,117,137,156
2023-04-13 04:15:00,133,196,134,136,125
2023-04-13 04:30:00,154,125,137,162,140
2023-04-13 04:45:00,186,127,129,166,149
2023-04-13 05:00:00,111,144,148,135,175
2023-04-13 05:15:00,158,182,157,150,129
2023-04-13 05:30:00,177,167,175,148,141
2023-04-13 05:45:00,161,158,158,157,164
2023-04-13 06:00:00,162,162,181,136,165
2023-04-13 06:15:00,163,139,121,143,129
2023-04-13 06:30:00,154,140,132,144,131
2023-04-13 06:45:00,151,153,130,164,156
2023-04-13 07:00:00,134,148,186,137,175
2023-04-13 07:15:00,122,146,177,156,145
2023-04-13 07:30:00,124,138,164,154,171
2023-04-13 07:45:00,129,157,172,142,122
2023-04-13 08:00:00,151,150,165,162,184
2023-04-13 08:15:00,157,169,166,141,177
2023-04-13 08:30:00,154,141,122,159,208
2023-04-13 08:45:00,158,134,148,193,183
2023-04-13 09:00:00,104,169,123,175,155
2023-04-13 09:15:00,153,146,138,159,139
2023-04-13 09:30:00,159,117,194,167,160
2023-04-13 09:45:00,152,124,146,164,152
2023-04-13 10:00:00,145,145,124,169,133
2023-04-13 10:15:00,168,167,159,137,101
2023-04-13 10:30:00,196,134,152,124,176
2023-04-13 10:45:00,140,153,116,139,142
2023-04-13 11:00:00,152,116,165,151,165
2023-04-13 11:15:00,127,131,131,127,133
2023-04-13 11:30:00,132,133,143,127,158
2023-04-13 11:45:00,133,154,151,147,156
2023-04-13 12:00:00,172,172,154,153,153
2023-04-13 12:15:00,185,144,159,143,134
2023-04-13 12:30:00,138,175,158,189,103
2023-04-13 12:45:00,143,133,172,187,144
2023-04-13 13:00:00,173,144,108,158,148
2023-04-13 13:15:00,180,172,147,183,160
2023-04-13 13:30:00,149,151,131,116,143
2023-04-13 13:45:00,148,180,148,164,153
2023-04-13 14:00:00,142,157,168,144,114
2023-04-13 14:15:00,117,132,139,129,131
2023-04-13 14:30:00,133,162,123,133,155
2023-04-13 14:45:00,158,141,158,136,155
2023-04-13 15:00:00,135,168,149,141,156
2023-04-13 15:15:00,169,148,154,162,158
2023-04-13 15:30:00,144,138,177,136,148
2023-04-13 15:45:00,126,124,152,149,166
2023-04-13 16:00:00,133,149,136,115,114
2023-04-13 16:15:00,141,133,130,154,158
2023-04-13 16:30:00,125,137,138,166,135
2023-04-13 16:45:00,113,152,157,160,157
2023-04-13 17:00:00,136,112,173,186,148
2023-04-13 17:15:00,176,111,151,129,128
2023-04-13 17:30:00,145,152,142,144,171
2023-04-13 17:45:00,146,138,125,165,157
2023-04-13 18:00:00,153,123,130,132,156
2023-04-13 18:15:00,162,150,154,170,101
2023-04-13 18:30:00,169,149,155,173,181
2023-04-13 18:45:00,164,152,144,158,120
2023-04-13 19:00:00,136,156,101,113,138
2023-04-13 19:15:00,184,160,152,161,153
2023-04-13 19:30:00,151,172,178,162,143
2023-04-13 19:45:00,161,181,155,115,154
2023-04-13 20:00:00,155,165,159,144,177
2023-04-13 20:15:00,168,150,125,153,136
2023-04-13 20:30:00,132,193,130,154,148
2023-04-13 20:45:00,152,161,159,142,155
2023-04-13 21:00:00,154,145,162,171,141
2023-04-13 21:15:00,139,117,121,171,170
2023-04-13 21:30:00,131,138,152,156,157
2023-04-13 21:45:00,171,141,176,158,173
2023-04-13 22:00:00,148,164,184,130,152
2023-04-13 22:15:00,131,150,128,167,150
2023-04-13 22:30:00,136,180,139,129,198
2023-04-13 22:45:00,129,151,154,144,163
2023-04-13 23:00:00,137,164,138,152,160
2023-04-13 23:15:00,173,136,128,137,156
2023-04-13 23:30:00,148,143,164,80,133
2023-04-13 23:45:00,149,160,140,155,111
2023-04-14 00:00:00,149,168,175,152,131
2023-04-14 00:15:00,155,118,147,137,147
2023-04-14 00:30:00,153,115,156,146,178
2023-04-14 00:45:00,156,167,154,151,154
2023-04-14 01:00:00,142,139,158,118,115
2023-04-14 01:15:00,155,122,154,122,167
2023-04-14 01:30:00,142,178,133,164,170
2023-04-14 01:45:00,183,101,154,149,163
2023-04-14 02:00:00,153,156,181,136,168
2023-04-14 02:15:00,153,146,137,160,98
2023-04-14 02:30:00,136,117,140,142,134
2023-04-14 02:45:00,151,159,141,156,163
2023-04-14 03:00:00,164,150,122,165,108
2023-04-14 03:15:00,139,159,154,159,116
2023-04-14 03:30:00,190,145,165,128,165
2023-04-14 03:45:00,139,156,171,133,148
2023-04-14 04:00:00,116,168,118,168,142
2023-04-14 04:15:00,140,146,149,152,176
2023-04-14 04:30:00,173,127,162,165,155
2023-04-14 04:45:00,158,96,157,145,159
2023-04-14 05:00:00,131,174,125,114,121
2023-04-14 05:15:00,137,126,144,160,142
2023-04-14 05:30:00,158,147,137,172,178
2023-04-14 05:45:00,174,144,111,186,155
2023-04-14 06:00:00,130,144,154,149,152
2023-04-14 06:15:00,144,168,160,177,174
2023-04-14 06:30:00,145,127,144,136,148
2023-04-14 06:45:00,154,156,167,145,149
2023-04-14 07:00:00,175,136,123,164,175
2023-04-14 07:15:00,166,157,175,147,137
2023-04-14 07:30:00,153,121,141,162,98
2023-04-14 07:45:00,139,144,163,192,169
2023-04-14 08:00:00,128,160,200,180,135
2023-04-14 08:15:00,135,150,163,171,135
2023-04-14 08:30:00,202,157,177,155,155
2023-04-14 08:45:00,156,153,176,103,160
2023-04-14 09:00:00,158,122,129,135,128
2023-04-14 09:15:00,136,114,118,157,132
2023-04-14 09:30:00,180,117,135,156,149
2023-04-14 09:45:00,131,167,167,130,157
2023-04-14 10:00:00,140,154,129,120,143
2023-04-14 10:15:00,158,128,150,146,157
2023-04-14 10:30:00,151,123,132,161,148
2023-04-14 10:45:00,163,155,159,107,153
2023-04-14 11:00:00,124,164,138,165,141
2023-04-14 11:15:00,125,139,135,172,159
2023-04-14 11:30:00,147,142,169,119,140
2023-04-14 11:45:00,145,178,148,177,167
2023-04-14 12:00:00,141,155,153,163,172
2023-04-14 12:15:00,177,147,116,123,117
2023-04-14 12:30:00,129,146,129,148,156
2023-04-14 12:45:00,150,154,181,150,116
2023-04-14 13:00:00,175,165,155,155,153
2023-04-14 13:15:00,128,184,180,189,124
2023-04-14 13:30:00,152,162,169,150,142
2023-04-14 13:45:00,152,171,140,122,161
2023-04-14 14:00:00,146,147,196,136,158
2023-04-14 14:15:00,156,148,133,136,131
2023-04-14 14:30:00,116,121,152,104,172
2023-04-14 14:45:00,139,156,141,151,170
2023-04-14 15:00:00,202,134,114,141,121
2023-04-14 15:15:00,128,154,152,185,187
2023-04-14 15:30:00,136,146,165,135,162
2023-04-14 15:45:00,160,138,114,154,127
2023-04-14 16:00:00,157,168,169,177,152
2023-04-14 16:15:00,122,161,137,128,146
2023-04-14 16:30:00,165,161,118,132,186
2023-04-14 16:45:00,150,122,121,142,139
2023-04-14 17:00:00,168,161,154,158,163
2023-04-14 17:15:00,134,179,139,144,151
2023-04-14 17:30:00,138,143,163,161,122
2023-04-14 17:45:00,150,123,170,159,137
2023-04-14 18:00:00,166,126,146,120,133
2023-04-14 18:15:00,158,137,136,172,153
2023-04-14 18:30:00,147,140,151,109,139
2023-04-14 18:45:00,168,175,144,142,152
2023-04-14 19:00:00,143,117,178,109,124
2023-04-14 19:15:00,163,152,131,152,125
2023-04-14 19:30:00,140,145,101,160,132
2023-04-14 19:45:00,118,172,166,142,184
2023-04-14 20:00:00,158,95,134,126,151
2023-04-14 20:15:00,151,133,148,169,146
2023-04-14 20:30:00,158,129,115,144,158
2023-04-14 20:45:00,158,109,144,130,145
2023-04-14 21:00:00,164,119,136,175,175
2023-04-14 21:15:00,169,173,131,165,181
2023-04-14 21:30:00,137,156,126,141,182
2023-04-14 21:45:00,172,163,121,173,133
2023-04-14 22:00:00,164,141,154,179,177
2023-04-14 22:15:00,162,148,179,159,134
2023-04-14 22:30:00,145,142,183,117,139
2023-04-14 22:45:00,154,168,136,163,153
2023-04-14 23:00:00,132,132,130,155,167
2023-04-14 23:15:00,162,134,135,145,142
2023-04-14 23:30:00,160,167,153,117,174
2023-04-14 23:45:00,127,153,162,124,150
2023-04-15 00:00:00,148,173,140,136,142
2023-04-15 00:15:00,146,151,152,148,165
2023-04-15 00:30:00,178,175,175,135,164
2023-04-15 00:45:00,158,139,162,160,147
2023-04-15 01:00:00,144,156,158,138,172
2023-04-15 01:15:00,165,144,146,179,117
2023-04-15 01:30:00,176,161,156,149,145
2023-04-15 01:45:00,139,117,128,106,154
2023-04-15 02:00:00,145,160,162,134,160
2023-04-15 02:15:00,153,140,152,133,153
2023-04-15 02:30:00,170,152,143,125,175
2023-04-15 02:45:00,178,130,147,133,151
2023-04-15 03:00:00,151,139,187,188,128
2023-04-15 03:15:00,114,154,162,188,186
2023-04-15 03:30:00,137,166,116,146,163
2023-04-15 03:45:00,179,161,164,136,183
